ft_sigma_rel,mt_sigma_rel,mt_lambda,kappa_v,log10_xi,xi_v,calm_ret_std,calm_ret_kurtosis_excess,calm_acf_r_lag1,calm_acf_r_lag5,calm_acf_abs_r_lag1,calm_acf_abs_r_lag5,calm_acf_abs_r_lag20,stress_ret_std,stress_ret_kurtosis_excess,stress_acf_r_lag1,stress_acf_r_lag5,stress_acf_abs_r_lag1,stress_acf_abs_r_lag5,stress_acf_abs_r_lag20
0.0042687415836417325,0.04087117453927298,0.5503756490163152,0.5743633820537843,-5.778451278294791,1.6655156646319648e-06,0.1800069939426319,4.707727220649066,-0.16201444227912631,-0.4152988652673527,0.42790814616180256,0.6481029496585443,0.1875755433385733,0.14859106036594458,3.7103727194649574,0.02725170395420526,0.10798668836722183,0.45571861827885174,0.367617152170082,0.28855194006379625
0.023380423678204573,0.01836905554623519,0.7810348235274247,0.5874962466602092,-4.431436602729823,3.703082581690035e-05,0.04766614932910349,-0.3946111981695757,-0.5852754344747848,-0.1640293701534801,0.15641523901190685,0.023941932489999707,0.07440632037129676,0.06509749172892419,-0.4771129295117089,-0.5534830864469242,-0.07465106821099002,0.2149699293493707,-0.0029145783426731743,-0.09322065892157376
0.006185247761037739,0.015420267338371351,0.7647913655630469,0.15040208291637533,-5.499017647124999,3.1694386734337826e-06,0.021061788012271,0.8241680598941663,-0.11745307708490099,0.03157899649435475,0.08765783943406491,0.052706319142954705,0.07933830778683888,0.042603137910035255,-0.1829516095578776,-0.16664795118789547,-0.049312930249439606,0.1021611407911146,-0.023744427437514943,-0.03964296106241553
0.045518628043325224,0.038797334657899356,0.9862457186287352,0.440907854979774,-5.541276461367196,2.8755673153506485e-06,0.05189277929115199,0.20221291668488295,-0.1928867284810084,0.07941538938316475,-0.24058242319543902,0.00391905324215462,0.07245341163827287,0.076348277620868,0.1202618512516711,-0.33099504406133645,-0.006646828250903203,-0.061754523337766536,-0.02203892005285612,0.11258428897418034
0.011836679178480459,0.015804631903466083,0.7905548848426697,0.22015616252854595,-4.467036325406657,3.411643746419212e-05,0.024047516288711643,0.5347855252645073,-0.13618964356390278,-0.06849834885247343,0.09346216986790697,-0.0032764946093868093,0.07675361569019455,0.04064004681127904,0.111282141693688,-0.20305363236063076,-0.07003646111237882,0.005450904270220554,0.06786093987716207,0.019016392010662804
0.03645357647661524,0.024822012790951156,0.889780476309569,0.7971955405842537,-3.8447890795454027,0.0001429588086972048,0.035332260175992544,0.19988395377723478,0.013105905142487016,0.047921897489979194,-0.03431782142992987,-0.029805748124513386,0.05587793412132267,0.05105100809168792,0.46502935207946816,-0.14671930136174288,0.03554908251821922,0.10496253856883138,-0.05046984179119242,-0.035775994101622646
0.019382664455047258,0.014339814369140102,0.714595978687777,0.6642092462870548,-5.408628605705925,3.902755948068736e-06,0.03626739699122224,-0.5200101971963806,-0.24269809330053596,-0.03237621708543558,-0.027872826850997554,0.004937739724650988,0.01110456602529035,0.05196421116140195,0.02238220481852382,-0.23489740712743967,-0.07483211028697642,0.02073673767771073,-0.009512222131667495,-0.0037082020194715366
0.02704987978655668,0.017304515766226918,0.9550718208945137,0.4352298394081542,-6.977207526916418,1.053883179676255e-07,0.042018953780103736,-1.1059450248982061,-0.5269222143438972,0.184797001321276,0.07819838526942798,-0.04946518767486682,0.015995059212759424,0.05640235627763454,-0.6151864728618675,-0.29901128946079697,0.005808021783049279,0.010208873575497716,0.03077667144367864,-0.049771895375591874
0.0006915541220176009,0.04005046792666406,0.8748093718361827,0.8051469903445156,-6.348651037729013,4.480731932454928e-07,0.02555703092209431,1.779550586914664,-0.2881011769630714,0.01580279459661415,0.1221010706206177,-0.018414906174280203,0.01627909675023958,0.05696727047791775,0.9939371928024778,-0.30939242003819883,-0.06886119507623008,0.1328801561345634,0.0725971418969555,0.03292603069715212
0.015714096311020425,0.01463487063172154,0.577327318297657,0.5525717607394532,-3.31738219338299,0.0004815238543312852,0.027600759040906885,0.572964298937098,-0.08473487216008652,-0.0017540576679459488,0.04330136342213354,-0.013621419698992344,0.009481803220768931,0.05008429657561482,0.7113730246047409,-0.13393347995464747,0.07532594510953519,0.12552270503272597,0.020294256761340935,-0.016064334008596973
0.0349229756749808,0.025178201412577126,0.7333729455351976,0.013003685319574815,-3.181399933052906,0.0006585671546734066,0.09136340018746146,-0.8831008754753396,-0.3806489034425089,0.06328021403292497,0.01952649058232527,0.008289989835669042,0.0108111294098466,0.13366163106799236,3.257519077083587,-0.08747252327786445,-0.0008371483347874312,0.17407909942417724,0.2018015136743637,-0.03015688709754218
0.043549170783587124,0.004488983132560277,0.8247136910121229,0.9832482223623266,-4.185268538137686,6.527268260149808e-05,0.03262139180436207,0.9988152474832392,0.020876965997897266,0.06350494244071174,0.045541362458417396,0.1632616172382961,0.07401814756515579,0.0425458946471065,0.10419294664935785,0.022728591543240497,0.036439912261757974,-0.12943483168268072,-0.02148112493182837,-0.11207259783238553
0.04203254223933591,0.043522225422568867,0.8135830572257297,0.47108866478789146,-3.8623434886793184,0.00013729556584930167,0.34929825856284746,1.6033873240902201,-0.5913279548699912,0.35093051650226675,0.6194723778278968,0.6014126200188935,0.37810203141120957,0.33850035653601757,2.786473007279124,-0.6797133886885034,0.5741216905635441,0.6961537141842541,0.7467331684748811,0.45884557566660455
0.042949976639484855,0.03849440296304017,0.7180616164126341,0.7265609725368232,-5.600485279512207,2.509081223773156e-06,0.1942593265466965,1.369033853661005,-0.03360370594724918,0.023806137618173497,0.3749785646303888,0.521563172400481,0.3714350210355548,0.2343981868925508,1.8040827382775833,-0.2107835592595308,-0.34683917816024423,0.31813341119689614,0.5149159795738537,0.36130143701753176
0.04982930510904277,0.02752292447414788,0.5636870192848908,0.15855268477957885,-4.306562916227719,4.9367039505466474e-05,0.08809346365423586,-0.940536200463328,-0.49901638536899434,0.04999141793887976,0.24824740560337288,0.14088787662710797,0.12026998639706224,0.08835894395435086,-0.5865042828329119,-0.38759639061906465,0.08539118237248831,0.13905511119893743,0.06456307369127262,0.055362346566309416
0.03155976272776302,0.013195601358772664,0.7323959542773869,0.7093869033970733,-3.204736890203602,0.0006241128289276016,0.04548567887900448,-0.6692757782189975,-0.40980463350851276,-0.09513150655964539,0.04811083460676864,0.06684834105404854,-0.09970512138942413,0.061487435148622226,-0.5456582176031581,-0.3722357048173997,-0.033900897323284315,0.1299835789103657,0.07908360105372468,-0.02655002619358024
0.027253856763132994,0.044584618957576566,0.7671230951867443,0.8058803702326641,-5.335962654967809,4.6135724501700884e-06,0.16031496179356008,2.391621231374117,-0.03636300015921959,0.18709960897756592,0.21333721950211618,0.3688413836619133,0.38823749846757927,0.1261061156342336,3.5411571126783405,-0.06105030206018899,0.1746533311440608,0.183254103406134,0.15021818149655639,0.04372469119633607
0.041227325986174394,0.03908188471446412,0.7449623913573632,0.9603700656585423,-3.0418278350688874,0.0009081804837331972,0.07438017419285953,-0.3188345742129317,-0.24451149766267005,-0.13625731216434214,-0.02889056549308371,0.17187323523906467,0.10353932246514398,0.13370672672123554,5.807114485413484,-0.0387063313550624,-0.08837408352565981,0.06800104355767313,0.0364065989672958,-0.04362283346342057
0.03220559223451133,0.014553370273769302,0.9046871823164635,0.0581430502906266,-3.997785514827989,0.00010051120627771928,0.033925954843686996,0.1775227862819011,0.04532144385861655,-0.05076344384543293,0.016640812862950462,-0.01496102399037516,0.08792043434989565,0.048158085840414214,0.10121815471184492,-0.16433846889449966,0.15592886753028623,-0.006758600519506559,0.0016013371519294846,-0.0787804332447368
0.03484872696874444,0.024555277768990056,0.5111250987605152,0.8728817892986095,-5.8327680194085465,1.4697111216312402e-06,0.07519813199668154,-0.7767193451555143,-0.7854997959508433,-0.028664305727489358,0.5117006572193916,0.2711676352242275,0.2267749590162822,0.08506709480712296,-0.6509119706845139,-0.5330095136958718,-0.17510789657582504,0.2050118469698549,0.05067098713924283,0.09047310788243484
0.04880686890626904,0.020359041823105283,0.6914386031605144,0.41058305452748456,-6.9180637970139,1.2076364226368862e-07,0.05804602484602574,-0.872450690524571,-0.2685979944369467,-0.004328715747364403,0.01847803851385769,0.008179069379723243,0.11585751708224125,0.06214045449409132,-0.5558480736582361,-0.2327231326129052,-0.05302859577666129,-0.044159999759783776,-0.028158525185078206,0.016741901107259535
0.019721324337394906,0.03751341323494092,0.9767234239656827,0.6503525911271077,-3.5310351873365877,0.00029441830810141267,0.03529161192733745,-0.6062436360846224,-0.47458549862578536,-0.04973596420374249,0.08889979755212472,0.0218330134362324,0.0217237962517823,0.04989268022434107,-0.5096169935137733,-0.2887832208594616,-0.06354969138115658,-0.019771587671668957,0.025795012028963792,-0.027707720286423102
0.025810802815461234,0.04409801919251751,0.7981480837959778,0.3961829423157106,-5.104584535726692,7.859871832984204e-06,0.05470341839545279,-0.3891634895234617,-0.6119646846158754,-0.10610832320944336,0.33321359285357044,0.1811640286982485,0.056458042733834334,0.07214102805739957,-0.24624275530700857,-0.5279593020958372,-0.05109076495810939,0.22710095873492825,0.043147576041366695,0.06565284047776862
0.03381125158414166,0.0023741765522233785,0.9689168432259677,0.6406972548085362,-5.381751024074087,4.151919991158972e-06,0.05168595430957702,-0.9215521372537725,-0.5553678116267571,0.10387201858760278,0.0769388639072682,-0.022578046527679207,0.05040353118988808,0.061202010448955214,-0.4234150418656255,-0.42665332330335004,-0.047905550264035625,0.01366648200381882,-0.0826738991367442,0.045196026727694946
0.010508195099920903,0.032248823697580864,0.8346566906417827,0.365672497628836,-4.542064892568186,2.8703516601406668e-05,0.025271229696103174,2.502138223320685,-0.28953034973515895,-0.03259808556015133,0.21656873419268483,-0.06068127556197486,-0.09841806951495236,0.052962143163816054,0.35947632940993435,-0.31715235529135394,-0.051045502940360865,0.22819179695865593,0.09457111081963517,0.07958973540205097
0.007846554615927507,0.02405091521562917,0.8718081344811026,0.10478686635560736,-6.103399616416819,7.881345811995111e-07,0.021238895905044124,0.21433619857724961,-0.26437741651830676,-0.003415129529977243,0.13090603738875525,-0.04828975675369109,0.04349575105349465,0.04079091001971544,0.2077652883120802,-0.1619701582388746,-0.04321609745375576,0.11253087803988485,0.006535854321195797,0.05994510086917291
0.04313335135991548,0.006027575345186239,0.6958011168241502,0.2279924947175479,-6.361685102842426,4.348253920057554e-07,0.03436751572176082,0.3779258384515809,0.1398882430244466,0.09284726138149035,-0.1259891968765427,0.016361175099839576,0.02625608528696198,0.050996739992726046,0.23041218221900284,-0.12321181226565966,-0.011750882783342171,0.06398878719667925,0.03615655063177608,-0.04518696872058974
0.04142930326525596,0.0011410437841011816,0.61101579637512,0.5403434370706919,-4.58037225797494,2.6280144087624518e-05,0.027632219430482625,1.0997242883569172,-0.24474955142878935,0.05943787995735726,0.0179219029856224,0.003866872751769787,-0.024784236170901457,0.04602717237574125,0.7443954456988275,-0.16450207121759033,0.09208282617637271,-0.03624591896957788,-0.034051298061924036,0.0725639107139249
0.02684621697178059,0.013483490650245141,0.6128248531823085,0.4025483626378319,-5.595625915476967,2.5373132332927565e-06,0.036331906466585615,0.47697488773777597,-0.3270081512767483,-0.09239102934599353,0.2573325940789434,0.16874489192362577,0.1273351656671669,0.05495451605264777,-0.0315823201428298,-0.31145291756703947,-0.04649609554800163,0.13922105322055844,-0.050650179359805404,0.06254832384882168
0.029174512035312863,0.029444141052255627,0.5462420701949625,0.7340278829275956,-6.541940216931877,2.871175788252958e-07,0.07051846768457155,0.293631980932509,-0.5914933909347521,0.016263538740060795,0.4496562802508675,0.2942569519725191,0.18226378096522916,0.07653710581760245,-0.018173698731813737,-0.3963907786384562,-0.09308277059197709,0.25260481478755314,-0.03998902456279928,-0.076853769584576
0.045870692440328126,0.02151962936896764,0.6030605495631001,0.2849323978143811,-5.515272791292329,3.0530028429126583e-06,0.0878294466908682,-1.1085240936317386,-0.7341188224523232,-0.007745201919730149,0.21239475808227523,-0.09667951756134707,0.013988488539331587,0.09394533868408463,-0.9975248542185837,-0.5748351667442115,0.035539043721735726,0.20000311490994577,-0.044524595176049814,0.14933198810796924
0.02129562123810063,0.03466392480898365,0.808740620514649,0.2400306519588554,-6.423305846713461,3.773063838161555e-07,0.039901233839574723,1.4569161631982341,-0.3246919122276557,-0.04206748825842114,0.31289098913007973,0.015903755926242078,0.10310945513679723,0.06963151405480274,0.23092988792311298,-0.26590144937120136,-0.015018202770034883,0.14907493780089703,0.011920027954074909,-0.032826952012987076
0.03815471164952716,0.04694111993706008,0.7786266991360846,0.04766510035433377,-4.936622539167746,1.1571174973865756e-05,0.12865941184542606,0.8553756623679978,0.2407640464219133,0.10718622509433195,0.23310364597011535,0.17314343422468859,0.004737599840439111,0.17844980389516166,2.0308221834965945,-0.05975003588981943,-0.1288190981196304,0.32585678410329283,0.24249697508131876,0.11952375264485357
0.049553617579764356,0.0008102123800751988,0.9247786791028414,0.8462578856164386,-6.933117178438733,1.1664948387446875e-07,0.07327128761987337,-1.040601556617275,-0.829570678312395,-0.32011671719331003,0.5666467382589793,0.17443765495355282,0.15597903175102618,0.07742042035759195,-1.096021702924956,-0.6357602323948726,-0.03932508173366034,0.20416820199985533,0.09148307576762818,0.05074386166450636
0.028610856843313118,0.02223990010411721,0.8289693086191772,0.5477587383847587,-3.610377537964737,0.0002452575931852343,0.05560856249840579,-0.7693874927002589,-0.5182059379060183,0.13604381547755687,0.11657925734646461,-0.01875345466047352,-0.007984318409405371,0.0658222773289534,-0.06786875478692034,-0.36432579535934456,0.08556704211481625,0.10246327775783672,0.06186717511796923,0.01729944245249853
0.008759188777243632,0.04307363400378112,0.8062298474660253,0.7756544818388043,-6.041132352974443,9.096360151853361e-07,0.028721679727975513,3.4839540593521425,-0.2724660442593767,-0.009399102278256658,0.10724191516827801,0.014587559871994622,0.020143588576969303,0.0651906219193103,0.4505445946481945,-0.3277420918440749,-0.13989125019840956,0.3228284042711382,-0.019497345565826996,-0.14239327999662682
0.024529193355030735,0.04055475213468041,0.7073193657522393,0.35472619980368036,-6.416884846580508,3.829262629653679e-07,0.07310096943338895,-0.015526481168809614,-0.4042393069386143,-0.05655596825756355,0.2752087073720299,0.14170995361325134,-0.05474966475865368,0.08830876545225108,-0.3976145678466465,-0.5765227660899628,0.10379123069841145,0.30890846577688524,-0.025934171482640385,0.012242879415964204
0.017878109706522833,0.03820926269027644,0.5870061935575352,0.9025285294177333,-3.584355776094644,0.000260401945092987,0.07920349946774463,0.22555150521901313,-0.30019024937783045,-0.11525892990436348,0.35115954654200066,0.09181990347632858,0.009809224750124145,0.08670964626536827,-0.06616790368449488,-0.4090984084711799,-0.00350550741176923,0.22008703054845122,0.021692696317358786,0.1327689020605805
0.04680588050034523,0.019570285334461066,0.6989113888382879,0.9466271743447291,-3.8164963886428795,0.00015258210826544477,0.07224949642036861,-0.9344941212758124,-0.18867898306027922,-0.28795370168837986,-0.23702164391490932,0.20324653748106997,0.00523069333897572,0.07714582646914771,-0.51441562951252,-0.0734642008301198,0.01622894460710493,-0.08627658030057139,0.04251438839081674,0.20594709493236363
0.048050382588271844,0.02280591861062815,0.6647440829899194,0.028517126087998015,-3.9360466603549074,0.00011586528644554056,0.08177024308442822,-0.7281480658265753,-0.0519865916821146,-0.1838954642455308,-0.19945837233138444,0.1729209639680181,0.02842667440076559,0.08014262159429125,-0.25756280837645784,-0.11114932713060023,-0.15627613618532102,-0.10508079615345049,-0.04618345127321334,0.1243709643873904
0.025474873720950135,0.02575848882796035,0.8273733904731588,0.24236946729074557,-5.458733430425949,3.4774954431627047e-06,0.0559503751972686,-0.39671946958698223,-0.6718597154314168,-0.09883167199664891,0.361821683463839,0.05837058213105814,0.05468241282315989,0.06753426138282166,-0.282181533108981,-0.4805595569788446,0.07683845255543444,0.1407857930864084,0.12035803380737252,0.0783507604667833
0.013124322161763376,0.025648857042479323,0.700976644606609,0.6247709485543965,-4.096028326729374,8.016257758778958e-05,0.025516195811119642,0.9169854460766955,-0.16819652327819765,0.15003136083306082,0.3088145691103088,0.0482690518999515,0.03846255460623288,0.046086286335863744,0.6956398560374657,-0.253400739440728,0.08954752134753624,0.16696035664320105,-0.05768109803454619,0.07656954677192747
0.00563762671567113,0.011667675615387941,0.5168976421569939,0.22382808608494406,-6.458803513253654,3.476934319176474e-07,0.021362822735949225,1.0332802908910779,-0.19886392032280073,0.00934214054671845,0.30201258785723645,-0.005666457014453243,-0.0038729649090841517,0.03707978154105429,0.2345570811936586,-0.1408191880143241,-0.12394768833580866,-0.04419154263878684,0.049054548774798895,-0.044604288176806485
0.040126665884124085,0.042162697185024134,0.512947125144024,0.7811005753682856,-6.669307984974214,2.1413714840836683e-07,0.09989818604424161,-1.080997159039779,-0.3707913329412066,0.04045352384854252,-0.06205165224704242,0.04952135123101921,0.007308014895437646,0.10387185117266945,-0.7443157278755144,-0.45437662966115083,0.09150690128041981,0.0651661309484846,-0.023103534931767283,0.05100084653373471
0.01378205058700653,0.009051865783650094,0.9648123157075426,0.8534270890260798,-4.045054603996158,9.014577898792386e-05,0.024457694979050613,-0.29661262830229695,-0.23003258546772717,-0.04901853529934705,0.011764230540901503,0.012063930632092676,-0.020529400079797592,0.04292466970053464,-0.22022305345778248,-0.24458231053035798,-0.05262449947483818,0.012352737547362023,-0.09340988130535544,-0.026708828795002484
0.020464417601231032,0.008848097212897654,0.6185420357260754,0.14423030905400966,-5.347480208866019,4.492827983668935e-06,0.02192981739974595,0.18534108863580778,-0.029151089455423804,-0.034460686009367976,0.08700295947513706,0.08098901833591074,-0.01508029019754292,0.037501969640859195,-0.21748096111373538,-0.017151362949905893,-0.024534320227272643,0.019456511718799967,0.03835933831503629,-0.004045967096387241
0.012548917637233807,0.006754457397875269,0.802592867118876,0.4649598210522343,-6.063156906889662,8.64655469695025e-07,0.02273718232042347,0.3835504588544154,-0.2014246235874985,-0.11973506936167512,0.03172108071950999,-0.10645450808337294,-0.025632948202329572,0.037976520233376936,0.32997412461285647,-0.14503045520356114,0.09044557776305771,-0.036192758537408706,0.053896342749855095,0.025632754774665277
0.015130846193200155,0.0365478672493448,0.6242105648277443,0.6148506899425839,-4.6554406445555365,2.2108503947015797e-05,0.06273439283110842,2.204939128921839,-0.3438416181968083,-0.14817590576698178,0.4334534321286633,0.151001086603619,0.11733304571686379,0.08752451286535212,0.09911892268084976,-0.3022891955654411,0.04426774237518064,0.21847383960000066,-0.05809242560471518,-7.190750651553421e-05
0.022651508581838085,0.01039669130736877,0.5257973780354485,0.9858739419579254,-6.31109967890292,4.88540217135649e-07,0.024887249064056753,0.5698463848396682,-0.04705340981673157,0.0823694904018507,0.13695387742895712,-0.08513949022620146,-0.036697859231307604,0.03964028461159111,0.15475087285557088,-0.09171431314833138,-0.09664309921596814,-0.09374331547641053,0.03240318709160732,0.13186845755928803
0.028022584932786823,0.04875981041816419,0.6254572003267358,0.752087682179408,-6.2142790539631925,6.105495929504758e-07,0.09916565437816482,-0.988486418412752,-0.4755721412052378,0.07469246275724338,0.07008160736606153,0.07525306804712413,-0.013834976994586362,0.10326993141000905,-0.29662635241882773,-0.32200051844949096,-0.10061251918046649,0.145952196092218,0.006592163195220593,-0.013589381837566042
0.021083825797677157,0.03696076300257645,0.7387634207042317,0.19568576131150506,-4.760103702143407,1.7373859209759728e-05,0.049267083266914743,1.2108162031440735,-0.4324032546322651,0.10486336632591299,0.34148319979960867,0.09064712230617397,-0.06846629218005851,0.07150367193935338,0.24294660163249215,-0.4352101378806059,0.027938802824119972,0.3695237293585281,-0.00037003606300347686,0.0305772298594309
0.012662088739693305,0.04663099081955301,0.8985723249156126,0.6811591642386465,-4.483555729078124,3.284310970103525e-05,0.02518777212381001,0.4390116531522592,-0.21831450189089222,-0.037161520802384634,0.0670664056355257,-0.05985189083311743,0.05692864576032065,0.09530973232472734,17.010966927542963,-0.2775905773013424,-0.10846845724223853,0.5679656191079642,0.47667399508463854,0.028708598766637887
0.031200299508030816,0.01907145027084744,0.5599668304060375,0.7563398501363108,-5.262717263416145,5.461132788067436e-06,0.06978070470949924,-0.22169232542857698,-0.7423120915767768,-0.01959108516196256,0.5934126410319895,0.15624141137304268,0.18067421547231663,0.0819092700874061,-0.4552777287127552,-0.639935234928846,-0.056056940819925856,0.4203311173582643,0.16777542521405603,0.0391974994845722
0.036034002692963085,0.042370316125184916,0.7088420153264108,0.6161038239369124,-5.731078542141596,1.857468501601618e-06,0.2303061609971505,1.1915972815808509,-0.09896849152795605,-0.19762589835789723,0.17515661533364216,0.38670234012537374,0.10703950818280959,0.24608539789605866,0.8161374000078117,-0.11101597060989518,-0.17323447658502977,0.16260509565299605,0.40592182691181905,0.19243731386002602
0.009031215063290764,0.02702534914198957,0.5954514475797066,0.2995245128066672,-4.8296090080378065,1.48044061761509e-05,0.045442743880938274,3.2632066952540635,-0.6273423430837207,-0.2032194517231863,0.6220187613931449,0.46047453387670695,0.0799384125070163,0.06583188747467181,1.2121415222438108,-0.27577627146734046,0.00702469760600335,0.22975608575353432,0.1646608453563789,0.06574761055189698
0.024168494941796927,0.017637104944365184,0.8425988006832643,0.4226918876610712,-6.142653939189977,7.200224882093349e-07,0.0327966611136716,-0.03489411763621364,-0.4685823539302274,0.08940202160597369,0.20323858348174384,0.06920665762628779,-0.04383314460670911,0.0554040695174361,-0.19807899934842865,-0.4062295505755872,0.002715133555912828,0.14665516250696045,0.059338243025029214,0.04729661854929588
0.04264700216493968,0.025492600684262425,0.7120945695235552,0.6655090175596482,-4.975427087946757,1.0582125603766448e-05,0.08321647741318237,-1.2330965174607087,-0.7642541042176053,0.22852774852700677,0.24352446932801766,-0.05725888055111983,-0.1121436645681249,0.08220282521135171,-0.7881304334161605,-0.5744176297022187,0.08143634341552373,0.09960647284001928,0.023476974706465883,-0.03818238457586326
0.0238396242420641,0.020809164905187933,0.503479935340188,0.4568968076005929,-5.812169863166312,1.5410975742012263e-06,0.05883114727496573,0.8688756557183304,-0.5333968301180073,0.15505221952045875,0.4559085722042126,0.21723880004720428,0.20703958320318042,0.07247869018165728,0.2094705566125712,-0.5144098070257659,0.006288923647000503,0.2870910885034519,0.0630517276816469,0.06197223860002612
0.014305730435177938,0.0437769956358347,0.9455706527213366,0.6994165074267006,-4.791266650213223,1.617086866012389e-05,0.026184448662488518,0.9205772997224368,-0.19840577278861057,0.14115580301273734,0.14331375872499508,0.10426499517595471,-0.06929930311507292,0.040203299782081016,-0.22796598816465208,-0.16709306092345025,-0.008731326038954025,0.05215631004316878,-0.12875949004696188,0.029213560040981346
0.011219810743742056,0.03578668333844772,0.7888305476699383,0.009683861009869711,-3.757051480930288,0.0001749639275451963,0.5344759791318686,4.650941320362381,-0.9043931866274504,-0.4015843443285298,0.9150246810566257,0.6452890115580693,0.37980088967474435,0.09232154915029456,8.125817802515593,-0.22310975409349254,0.007313061177285754,0.4103152176542946,0.055085356516806815,-0.05644254407849063
0.03917960536150016,0.009776143967120824,0.8397258715643179,0.6380315308663035,-5.006542932106302,9.85047261313228e-06,0.03058653251542032,-0.026875366711268,-0.053245256437106564,-0.1269929861257181,0.09900827859815538,-0.05118406399044067,0.016872031856334624,0.04757936189813714,0.13610721843331186,-0.09645443888907532,-0.05732218253348166,0.06527459123573745,0.008674148120891413,0.024177425191841028
0.006735673080193362,0.03631374553982482,0.7849770252692684,0.13728118622916316,-4.326749408112676,4.7124916303955676e-05,0.04249337589112917,4.731355714183272,-0.08257124657836214,-0.14393424634040705,0.3899912236646157,0.45408927975147895,0.2874920488341607,0.07086847437831059,1.4178104665573725,-0.2636092329042554,-0.083228246153883,0.36957811603295776,-0.03015925670795792,0.049755997269333434
0.011068315612745558,0.03155485676054695,0.5739536893951362,0.17387725211202146,-5.089190466156585,8.14347061955279e-06,0.07578694512350692,1.3315935785786062,-0.19098741270109584,-0.22846101819231854,0.30325373870925104,0.39126820231392634,0.3020321835989564,0.08111419696962235,0.554747134324066,-0.2546206052172933,-0.14879014414097827,0.17712542658056366,0.35256431405380706,0.07201910648831786
0.01994286545770447,0.00511782116304753,0.7036210421955273,0.018791285555664682,-4.89624192841927,1.269866515320469e-05,0.02473293504436411,0.04525842383456613,-0.16778800489281884,-0.03011080301283719,0.06680616669216506,0.023325686722894114,-0.029996923207119948,0.040360517037646704,-0.15867172355604797,-0.20305816193582527,0.08661224350836935,0.05627026580133085,-0.12670839449337581,-0.015120197694541109
0.04567341744419565,0.049863440789280455,0.7543080731294916,0.567199921786867,-4.367378691142562,4.291620477439987e-05,0.616180836897252,1.4271283561255999,-0.9584524969367925,-0.7087930966697155,0.9561473211673328,0.7602652472835596,0.38152967252724224,0.560500189447571,2.2524688719476975,-0.946366916097646,-0.5383802900318957,0.9428405449463904,0.6327830329356324,0.34841208848224636
0.0372386305864255,0.04554387745696445,0.6960226864654617,0.17709925912048177,-6.253786916298378,5.574591954939798e-07,0.44543201092001583,1.9893757363554725,-0.8362335106486568,0.5919944533997221,0.8133601224923446,0.6597261919089491,0.4982808005296044,0.4562721122368882,1.9560851074798844,-0.8515562997584873,0.3995343037585762,0.8505627841383647,0.6299844113748492,0.47558301641179823
0.02024651480675384,0.01733717737704311,0.988032018342839,0.03805940843469942,-4.668140867377008,2.1471339186960702e-05,0.032102660984082876,-0.05737479357193642,-0.2938660914948479,-0.026026268576461637,-0.012980782839026088,0.04598988038014617,-0.028238443394833276,0.04628195234770927,-0.6182956023446664,-0.23128645912963586,-0.0002019669413658115,-0.04213446673021291,-0.06083859981451548,-0.0017974254406195756
0.029635567081597855,0.03128999851170834,0.6789689947601251,0.3863059537052297,-4.117376896616306,7.631731865360919e-05,0.08291934517660673,-0.9748271737154983,-0.838097817895103,-0.0798893636483942,0.5043031286406784,0.04064736642831463,0.14047183928433446,0.08969838057769665,-0.6907778824613438,-0.43744419912360627,-0.055213185817148305,0.20701752863215833,0.0884740053469412,-0.10358643794616505
0.0015133088936021932,0.007025137524398584,0.6347540687338032,0.32390087187582467,-3.6974544760334194,0.0002006991457470184,0.01996552721296881,1.0123327094257277,-0.02805867457958,0.1111232834972495,0.08108435808300657,-0.013539098790389194,-0.0971658848290322,0.0381390518372788,0.011503513739676396,-0.11538765311579745,-0.01159932512945918,-0.05281122698070848,0.05321493818534441,-0.030252278270426834
0.024784206460774828,0.01238304491475743,0.7562717981012135,0.3614776591007905,-3.825836848923147,0.0001493355311866809,0.045225242385152645,0.05970394671916068,-0.5542028710076967,0.039359526571057284,0.20883976763403075,-0.07182688144506334,-0.09718369226268235,0.06001624868389021,-0.524837502222999,-0.5640206309632821,0.012919972503250946,0.23658553622471953,-0.04020066624670029,-0.026521802266822186
0.030107758938073853,0.019954966481467815,0.8954177677380994,0.839524930499077,-3.734531405957467,0.0001842759225222399,0.030918491203126612,0.6916453869963695,-0.1415023601430666,0.007570157449105611,-0.0068924618250640795,0.10280575175007164,0.03694552698733785,0.04762417346096891,-0.2580255197706407,-0.0686707299770857,-0.006536163460418425,0.0013308528048787012,0.022593428619317606,-0.007758260392707994
0.03315146722929826,0.039337961656330564,0.5242772087953362,0.6311368599826628,-4.730441068385204,1.8601969656319594e-05,0.09702711146364672,-0.35149400353247984,-0.2120698731149326,-0.09077067877179301,0.17895790637146003,-0.058699368690187,0.06132825470431097,0.1113084334712072,-0.17327517693434613,-0.268558802335138,0.022507058721300408,0.09015657902157169,0.07987230039515907,-0.054716650040423816
0.0408517596076536,0.045869462973705394,0.7494422403972593,0.9121811871561374,-3.1471400315331834,0.00071262321875286,0.0725117831199135,-0.7077069105756197,0.0489790431268387,-0.11082541842440032,-0.15150367296880413,0.0006242236122425072,0.02381775511135526,0.14310946290358345,3.8754992849524514,0.069802035537549,0.11434613701927064,0.12763410306674397,0.23518502688988235,0.12440914609988149
0.0171577276492705,0.012302308850363599,0.9305672052057734,0.3848116734618404,-3.0877296703054036,0.0008170908171001912,0.027956435294664884,0.0851755419866067,-0.30984015841440965,0.02961716729671001,0.10853348156227335,0.025216852293630437,-0.009832606483761134,0.040273154679202776,0.04932283856850672,-0.2346521675622467,0.007004196566739904,0.05456930600302004,-0.05109611147568528,0.08227656110210962
0.011595984300845314,0.027252700948941493,0.5308473247457012,0.08423123402247942,-6.8183852943999455,1.5191991390198482e-07,0.035949213302827014,1.2874498395616785,-0.31046193555396456,-0.08606429248535571,0.18316676111842697,0.024102188636023217,0.025623742744100928,0.057849383814625684,1.6184049872703348,-0.37067759053154004,-0.07691597937820685,0.20484183461869718,-0.027717255790215237,0.00788051391752866
0.03452687010064338,0.00851487165613741,0.9176510121760284,0.9063946223534383,-4.9012666061626975,1.2552591444012778e-05,0.047581784790155936,-0.5800864215352335,-0.3202804561835977,-0.17029052604603376,-0.05958348645695642,0.1265080078205902,0.055303115463820295,0.05796826083986364,-0.39915969615429336,-0.2830617928644892,-0.004710254876161099,0.03008065460622247,-0.0909724415685691,0.010650484565795447
0.04256334260027977,0.007260323895100555,0.6720592195448853,0.9710903243085094,-4.272581753569167,5.338487699935525e-05,0.044593723110518735,-0.5099482128763175,-0.09343612692275922,-0.11097673659556706,-0.10133278428389944,0.06285059439310876,0.04040232875157739,0.0507931982640183,-0.4605014743425744,-0.12493633584616383,0.01756375195832096,0.035322073645732775,-0.036187540252871186,0.0013696590029372328
0.04734245897769091,0.0012660246763971893,0.9112545080083664,0.9528676552095509,-5.14108612696351,7.226264819645207e-06,0.047935939862666116,-0.9855781275432669,-0.6242277096585053,0.20835740193147584,0.20781024091336284,0.09295519753432513,-0.06489389686659988,0.06428430472730864,-0.9621909917531557,-0.520428773742648,0.05400444267400471,0.0615701226753286,-0.1897064455180087,0.020737962422779158
0.009209394161373362,0.019311343883946855,0.6010528631981871,0.7377833721289321,-5.026936162299544,9.398614522793689e-06,0.02310959687908989,0.9465002149068082,-0.18119982299720522,-0.01940315842562091,-0.022259606760116932,0.017667201344895744,0.10389087487533749,0.04472782560537043,0.148149764671758,-0.2829117015249609,-0.019673601466730313,0.11335175466848293,0.018048311956667798,-0.029787417840398338
0.007050513448422441,0.0360325285453569,0.7374510445182115,0.8174264038884702,-3.3345439133970833,0.00046286685893738127,0.023960677993589974,0.20721964812973503,-0.31914721408926144,-0.0021838038915316348,0.2629316198405635,0.05958760510709211,0.01500081701436384,0.06002438676656398,0.7709098509867216,-0.3452766547976675,-0.04419134812316197,0.3890448622746951,0.12689589355572747,-0.013812878680858556
0.04179037296142527,0.0035918079208549186,0.8469094987479799,0.5920161206827933,-5.701386310229108,1.9889033981247552e-06,0.02863312006410469,0.13751005461040755,0.02670455891940651,-0.01905227507097242,-0.07481080080253816,0.026141533899229106,0.039533154159642564,0.04655766371723221,-0.032749492943769276,-0.13852737275541444,0.1499962843161646,0.11211395292110422,0.11698972849417694,0.006970223633386196
0.0012075029851780672,0.0041954809683333,0.8062598186315967,0.06639315977689973,-6.5739647026660615,2.6670754225743906e-07,0.019427981810778452,0.6331768800644002,-0.004775198765323738,0.10142560227977176,0.0785891887202725,0.04913599302437252,-0.058832895572238225,0.03412307585400855,0.0742991143652465,-0.1440874366912352,-0.1703495673718274,0.007045532555112063,0.06549419518681228,-0.011397919880181127
0.04847320038635092,0.03106831730276562,0.5729795950987618,0.17059484773008543,-5.233041984484868,5.847335535535138e-06,0.08903621180672239,-1.229318195701575,-0.40378377981094454,-0.32513074714389784,-0.18907130341103393,0.050572989189191224,-0.05092447166064816,0.09729652568707226,-1.0245725323125061,-0.23820299034999257,-0.11830239796595912,-0.22586226941721063,-0.08151944556582114,-0.017112978763246578
0.008500641776139194,0.0007341416980472892,0.6562624237869401,0.8981097844700179,-3.668995206161835,0.00021429142549491342,0.022037132667362958,0.47175599641322874,-0.07316107322171916,-0.07289468689740859,-0.0008046352204195356,0.08442308657035769,0.019510692877149512,0.03796562134371785,0.11141190164757209,-0.08974687602380516,0.02172067025766752,-0.02671271930742131,-0.07679123327703773,-0.010213470303461963
0.018829429928568044,0.021728596828778333,0.9432147345626511,0.6794365209504939,-4.750274387746588,1.777156245934864e-05,0.028726185148874355,-0.6192551760802161,-0.37826191290877137,0.054969715191680264,0.014604845803785406,0.03719523780286439,0.052026954462264505,0.04736726791638298,-0.22977838334447975,-0.20300727936381552,0.04891328439381602,-0.05418093456763315,-0.03284837067470352,-0.03972454671250923
0.03271722175971288,0.00530610555444562,0.8484666373222327,0.9242089243658663,-5.63588360413974,2.3126845328791674e-06,0.027063981907142227,0.5398791233526823,-0.10577802258853602,0.011993101435697233,-0.09223339753246172,-0.08066265459724745,0.045216483936831184,0.04219127118372337,-0.20751488107438254,-0.09809718542509696,-0.06038810939255469,0.01400578385979595,-0.021087463717675604,-0.051206838065333334
0.014889599757036596,0.033519423196904936,0.9071888778826037,0.12724938686538056,-3.543698538075625,0.00028595748048270873,0.026058429762336705,0.7042321360178154,-0.4094747957630774,-0.17941987762809875,0.12578560275162073,-0.038178412376783016,-0.06895099460417223,0.046887672572876626,-0.055325087861906486,-0.2701883368714466,-0.06052139743339518,0.0005226778496616503,0.01126940352598549,-0.027756431338913732
0.01853121726063387,0.030125694546285796,0.7918587645372792,0.6456187714714936,-4.518793383628516,3.02835383015314e-05,0.03995655519194061,1.5819638818978046,-0.399847907195214,-0.1264278560981032,0.26988530608066,0.24343915224821133,0.12296685510317422,0.05892101938319736,0.05871530393541624,-0.419075788330318,0.08330128476288555,0.21313971590348194,-0.00838944166242145,0.01356963573260649
0.027837804631733826,0.02367342793153266,0.5574240463335313,0.08601373339448676,-3.2526145431731806,0.0005589660833925861,0.07161225067138172,0.9019899318434215,-0.23337118466335546,-0.1490867174601966,0.15035998786643637,-0.017150675720732853,0.040362834600205906,0.08958726798731824,0.20885805785589584,-0.35592608519596786,-0.007323537613453507,0.26982985528323256,0.25427887616316663,0.07741852221297797
0.0019789665320300975,0.04732924177050406,0.5653527638185986,0.4796834837781954,-6.332055333970543,4.6552677643029996e-07,0.5179195805843699,2.0292690894176957,-0.9256544793206039,-0.09357132965923126,0.9208671663787125,0.5725261269497486,0.501277775918734,0.5060717760291525,1.7844762301771304,-0.8931358467567652,0.1805734146475745,0.8858324006543725,0.5991539642861268,0.38384793043847126
0.038504623945525916,0.002595331325362854,0.6707239829762641,0.23544500780968144,-6.585884059927411,2.594872001575764e-07,0.02382200737486808,0.8234325070531194,-0.1156601883627668,-0.0160209322150751,0.051056828269617785,-0.008311435543595579,-0.04284543182347011,0.04162655235100299,-0.11009382391819011,-0.14766193831719618,0.03026355672818115,0.08547219655127604,-0.04969288566226708,0.0319639230438951
0.000856122413838633,0.049540044982420775,0.8206983903893976,0.555701838677012,-3.638601367370463,0.00022982572173424996,0.027727663751714444,4.42721268338625,-0.3144967404390296,-0.07366099560576063,0.3392531796162635,-0.059223131045807245,-0.03753142463627702,0.07310274635738576,-0.3087239014289884,-0.3474320872150416,-0.01835389393739996,0.19309516018647488,-0.025175494873983982,0.057012015718853254
0.010853587853524315,0.009603124619742574,0.6481992799159426,0.09254110147914553,-3.7138333359209432,0.00019327098680260843,0.024421393493095866,0.1826015006528099,-0.2619165352597899,-0.0692894958576633,0.15077871340735163,0.04679053228768516,-0.058684497551529394,0.04126550789063765,0.0634560905607886,-0.11711024884519908,0.10987068102233159,0.025819846311860628,-0.017804296479363903,0.13727262540448573
0.00977523696924092,0.03448596762555102,0.879780551200956,0.1839442633937851,-6.762571818265176,1.7275402775804968e-07,0.023904254236439087,0.705258647270179,-0.22832879237332598,-0.06797480474375908,0.05509480796060292,0.005835376023824837,0.012243123652426711,0.045921435471134295,0.40993356996245733,-0.28913477030188134,-0.07187836885477455,0.15455285250170986,-0.005803122560700836,-0.06104884658474176
0.024349548621111966,0.033327070706561025,0.5558203690679705,0.48763035949642486,-5.969130088098403,1.0736677588929736e-06,0.09839730000623376,-0.8232494832826944,-0.4035892860689116,-0.047753607521722544,0.22875238670314288,0.07615889152002572,-0.09648953289501945,0.09612179401333895,-0.4247951475373424,-0.33947546378082644,0.008204619246091154,0.1313594996972591,0.08406614892577188,-0.07000679226222682
0.04416768652235076,0.013726972746449304,0.9478553387177548,0.19780138229514235,-4.62724782039542,2.359131663505134e-05,0.0521425234631024,-0.8743635962035765,-0.5597908841711895,0.04504034129512265,0.15557773262770114,-0.02224892098042689,0.08219865100124925,0.07027918395602038,-1.116356918681942,-0.4901218789504834,0.06033887827133374,-0.002732080731390044,-0.006240798222503246,0.04810115164793833
0.010318278963683923,0.015101766077814799,0.5981006437785968,0.9973524299217352,-5.132433803552532,7.371675280267402e-06,0.026749611673809345,0.7019382485366257,-0.25642835623692606,0.07958532668250294,0.17080223306846132,-0.03050658728172265,0.01680309511987329,0.04564953060492851,-0.0882050580152689,-0.23224618607281294,-0.03970572226733254,0.06007113135318034,0.02124048635512366,0.0012580992117613569
0.03257294203161398,0.03802743808903291,0.6854933172019121,0.9319949205568813,-3.456472888471644,0.00034956433103050505,0.075317480397017,-0.6306176820062079,-0.529729594469407,0.09472916642383418,0.24191623980139387,0.12457748678230059,0.0642455644246857,0.08671799002977414,-0.4542484109698526,-0.4110888490735919,0.02001959563118033,0.04051377926946922,0.06124925452325052,-0.058456638738461304
0.0362571886267616,0.031965688415943515,0.528768678976074,0.8295460455742751,-3.9141734109288304,0.00012185029615613628,0.09965047211198515,-1.0252379970293273,-0.21658448269672825,-0.0014714462830158097,-0.2076776527141355,0.14462724370885494,0.0844313814707962,0.10375150087505451,-0.7610031600077303,-0.31363485056789936,0.05793743771565306,-0.03484359314628759,-0.011105229377624317,-0.06463403241472314
0.01292447728011259,0.027967556726939666,0.8163609294400204,0.7440075786098014,-3.4951849385757146,0.0003197533192408003,0.02650353451539888,1.1037463609515337,-0.1990603271055884,-0.07623193131465088,0.07891536651034013,-0.06268052393681134,0.030956412094074952,0.05071510207828108,0.644382844176608,-0.36417600992856036,-0.05799262072992804,0.10411748647202168,-0.02249325154202929,-0.05007171653973928
0.014748263445998342,0.03773177600330702,0.6747603025680344,0.3319577530064633,-4.8098361417044355,1.5494010940657103e-05,0.05846274755118289,2.3775321266977825,-0.1046593688715099,0.06220078131410602,0.3482193885641969,0.29981809902934015,0.3073815390707844,0.08808254247439039,0.2531222854089985,-0.30601065531546723,-0.029356895334660852,0.1943967832167728,-0.04021250199157795,0.02860239053606477
0.03439724340527726,0.009998148969686505,0.5472439549864627,0.21278830692344308,-5.218188418829291,6.050783043430488e-06,0.05606940931784713,-0.9756160046414051,-0.7034063634339017,0.15589677466744056,0.2956595788809924,-0.018690751268002043,-0.11943398608145642,0.06513025372397781,-0.5727247958023383,-0.550304044344886,0.10252818187223289,0.10209583399244669,-0.005353766745181631,-0.003906691080221986
0.02214681461448722,0.007469008883034688,0.8880995055043834,0.09689306018705969,-3.122656554467866,0.0007539515624081418,0.028565739650293274,0.49796072379771505,-0.16675505444830757,-0.06991653813713863,-0.026081216673695274,0.055201445972473735,0.01168242441465664,0.04366954433672065,-0.10429187482960378,-0.21782180869906653,-0.04707287709339569,0.034131642927117345,-0.008163972099596586,0.041651103089111734
0.03587711204760631,0.02670632606356329,0.8688889975985324,0.9794930849311052,-6.711378472847241,1.9436655050680797e-07,0.05387801150898836,-0.5057189745236106,-0.4186350579233073,0.04370157837206577,0.14820492674212543,0.027113559196673433,0.08540854136399882,0.06477402983150282,-0.032677221064141726,-0.21486120474607032,-0.05192444368644894,0.04098472995157054,-0.017012237460146372,0.10407203710518956
0.01403952843121002,0.01088292067835095,0.8363721502233468,0.5845220477790561,-6.881053604085408,1.3150625066817188e-07,0.0253357533043822,0.3843664450091957,-0.2845753046243267,0.013512359324999399,0.019658243567033405,0.021987866447575662,0.005787127214554945,0.039236963257305794,-0.5474289346370607,-0.15009121083668245,0.1254891512170827,-0.021199464448347756,0.025229774204203477,-0.06596968461707214
0.02361180275345888,0.018264750065321324,0.8231069317353128,0.6078488309447249,-6.699282022279853,1.998563620311308e-07,0.039899287800773175,-0.1151234571951476,-0.5891989185097279,0.13582212857917214,0.29966176336679634,0.030589512870320537,0.030305364619503453,0.055330594947325396,0.09302521202679115,-0.3226942150317402,-0.07219541084261755,0.08222282868324599,0.04653744252476939,-0.00995141132703412
0.01198090089880997,0.04159875305943445,0.8150323651436286,0.3599435467468754,-5.171243168686483,6.7415045397781414e-06,0.028694095584257933,1.8341234950589156,-0.2131035329751528,0.11492883585800737,0.29074105815761636,0.03989974469679048,-0.06002631885613742,0.0642437808917186,0.5152955228149452,-0.4155995844488822,-0.0544107471380004,0.22882015689070662,0.04679825277418596,-0.021556838361784274
0.033313812632075855,0.04110783463890055,0.7577800714533023,0.3271201540798312,-6.9957134719429,1.009918965650278e-07,0.09593951895311213,-1.292464372433486,-0.6595823300966577,0.39428347878690956,0.11363530796688438,0.10861069513093452,0.03999406176764498,0.09565870865563492,-0.941201968497241,-0.4607012858106732,0.14048857499768672,-0.007435275006914776,-0.017401088472545685,-0.0021048468839703458
0.02829572426447729,0.0476549593549844,0.6421030210031542,0.8221426262926018,-6.477649912354948,3.32927820464493e-07,0.09165872116354695,-0.7314368359156336,-0.3875129288986916,-0.05022065025786315,0.2167526035595221,0.042065344714707034,0.16712284303621006,0.10238397702354164,-0.159115414978237,-0.2201323336946251,-0.0115979109531042,0.08692110530577629,-0.0032855398834917625,0.024329753716546717
0.042158491875973626,0.021240738553776315,0.8785607284771195,0.6044029402220443,-4.698663484905971,2.0014120723932833e-05,0.03361846150234761,0.6952491115951376,0.09743530575638693,-0.06867618773928014,0.05684872933673066,-0.027395793616071674,-0.021454235032538255,0.05156417427286876,0.42714619010503263,-0.04260142568602721,-0.03113693595815402,0.006575703033471068,0.020041348094756956,-0.0011581824515904796
0.03551894998110274,0.003164071039026631,0.9485946630690438,0.5204771124365749,-3.0622044106692026,0.0008665539162614422,0.05351247452406676,-0.9948862141711978,-0.7031702266789505,0.13096522163535101,0.25530511816866447,0.01290328119593869,-0.11322489249664675,0.07011315272594319,-1.109956432214108,-0.5767383454591131,-0.002853412453796851,0.11605778680717978,-0.05270691792486181,0.059211005429285514
0.027700894093144607,0.0339663630603575,0.5177259879363576,0.9650403319877886,-3.770431901478266,0.00016965556058041008,0.09291476781777984,-0.6371895724875789,-0.3074678608911259,0.13551626059202218,0.10557385781222144,0.08263506793841693,-0.04583694749932443,0.10480350942607766,-0.6189568599173167,-0.3460197794192055,-0.05364004764074795,0.12461725925759724,0.01035844499085325,0.003043339281259926
0.04775686125475711,0.012030593854992383,0.6887660663490134,0.5795814397760335,-4.618983330761031,2.4044550868512805e-05,0.04644366419430125,-0.2922689484606167,-0.18258774747771928,-0.1363063485853022,-0.006551408836402629,0.15913153138749314,0.16507443630946622,0.0562928403022872,0.17693011779505552,-0.10768840630506105,0.047880244647970895,0.025372021657420443,0.053799924485631506,0.07775293205944518
0.00746818664928672,0.030731738650005214,0.7748054450060754,0.8411205418917804,-3.273940707423254,0.0005321809109465144,0.03313602626480715,5.0208983993888925,-0.3494015582040386,0.06672690574555737,0.3871952021579083,0.17100015457083906,0.1230065843992946,0.062254771597009664,1.832405569212379,-0.3672632167287328,0.105303493936424,0.3097074803122315,0.11263431800755407,0.025347768910855942
0.030344564247305906,0.03430560579648123,0.8668281356050528,0.20422371146520127,-4.251498364649717,5.604045275820559e-05,0.06029419372029198,-0.07940111290001584,-0.38775901673830016,-0.3028371247935167,0.0806052516327197,0.16505372481600844,0.05212740700930311,0.06877202993456576,0.11334384754747528,-0.18693405099325525,-0.15115881898999517,0.06065456742281255,-0.05060714294805869,0.02360009233078376
0.03527044793688244,0.0289984197380296,0.7835595219468205,0.0028298457653398988,-6.871900118770084,1.3430738124934108e-07,0.0882340030110371,-1.0835868656489822,-0.42243154488648343,0.020085546236282188,-0.18144170357962358,0.03912495824802198,-0.033416290938984496,0.08545994431036949,-0.5317288401398894,-0.2752975433223892,-0.13604649594610363,-0.08649479143988999,0.040725331008382396,-0.031135906482535676
0.025670677515618166,0.006628726706399987,0.7993237126442831,0.7943214225759205,-5.369255622326113,4.273113000380102e-06,0.031770044892387515,-0.16552563520135566,-0.3651479528630305,-0.030116502770535156,0.19062603022722444,-0.010035568078998375,-0.024031278825049112,0.05269232859502843,-0.4582409052725076,-0.45908196179737715,0.18575021527139796,0.1707524671162684,-0.07333614981248007,0.0538795708273665
0.04004274025424962,0.024441818720253954,0.5420308318320044,0.6860485843554329,-4.444364859048521,3.594472298218065e-05,0.08276347953416503,-1.0463965954024723,-0.7944788678726111,0.33885624588313334,0.41280156169553767,-0.04450718933515609,-0.09756852195806724,0.09222052789412732,-0.7805143703610686,-0.6223081927691323,0.3046812087932338,0.2510118877910735,0.11723025038150403,-0.003912974119649691
0.047214830428808884,0.048900102433437044,0.8997159666831019,0.7708239571884296,-3.100023407253327,0.0007942854238161485,0.03652785562626427,0.27286412915076097,0.03802473681820377,-0.1846394335010982,0.021151202546185754,0.03082846554021903,-0.01707439961365197,0.048415055152847816,-0.16743204167920034,-0.1716062211766735,-0.0062955197436518305,-0.06565693063621918,-0.027779590735012388,-0.02213094619226904
0.04662748028789625,0.02025086674818771,0.9388063069871717,0.29060113113166897,-6.731419477572851,1.856010900032878e-07,0.046824191683561105,-0.5737307320205418,-0.3303713365089146,-0.08770383461697386,-0.05763191807412493,0.02542603826235594,0.011306657275546705,0.06028293963398608,-0.7190351844613145,-0.3587150231627877,-0.043719510966855384,0.08465741276605515,0.08626067818902464,-0.03238326323043065
0.003921133499284531,0.028856672254614763,0.9207470625161789,0.044192123631725914,-5.852273170855536,1.405163399532676e-06,0.02201563602226255,1.1967199119168095,-0.20317921288013066,-0.004733302155383134,0.10722575761439365,0.07184803603382006,0.026306909197188453,0.042040578891321095,0.24071760034766987,-0.3222454400989762,0.05840650357302324,0.1571921547895577,0.007973678706474188,0.14808158141681096
0.023194839292831743,0.028085993759008478,0.8524910268198642,0.4544997361796105,-6.3893020369404825,4.080355129052715e-07,0.04389495624745646,0.24281863384851787,-0.5741962309817226,0.039344014241152664,0.4422753416354264,0.1359569775151043,0.071537054474124,0.06394179213624215,0.39948549705091274,-0.37401208493327115,-0.035599452422867384,0.15970261386625423,0.11857305138869859,0.06821529953717838
0.046231073076947474,0.04621019709966861,0.6677756653313501,0.717255435182104,-4.022106242262644,9.503722738888216e-05,0.2201649035807128,2.058102084907774,-0.17597000435685536,-0.14413377993128454,0.3381729891345689,0.5021537746312364,0.500959768023814,0.22321184054212329,1.7143451013541222,-0.15026275232825712,-0.2756948459112306,0.2689082945788671,0.5284533023899383,0.3639082913964091
0.016497092784200147,0.03948214914898282,0.9329912831427993,0.2944312326712695,-6.125843122111971,7.484398066220286e-07,0.02573239732889947,0.5090203349752622,-0.16058580513077914,-0.11686434754133407,0.1226096766012764,-0.06253229801116214,-0.004196322649610238,0.043851591187020804,0.012684908419251517,-0.08058557044433892,-0.000561286762277697,0.03925623666995986,0.08330579459872324,-0.04212601420448882
0.038641872495931026,0.018792882961214896,0.9235519960478364,0.8134544314293398,-6.17811427893024,6.635684380444586e-07,0.03807968062421293,-0.24660463468775395,-0.09415064299103257,0.020136975135695994,-0.16365403972629194,-0.029777556651997352,0.059244141599702094,0.050397632445116566,-0.32912972203140667,-0.28165394198298105,-0.0049314728021972115,-0.02243619213654359,0.025558933279606386,0.03672441988100689
0.006413547477527244,0.007714076384704192,0.7629282073041908,0.8638099520282491,-5.053585317620931,8.839235044137776e-06,0.020977028894783405,1.4219548629015932,-0.1753348314809845,-0.03195593321579564,0.018482734477356422,-0.11942936827373503,-0.06346002136467274,0.03755168782238979,0.35058491013785176,-0.08581358442940763,0.123278215984237,0.0483707391959276,0.012296066553788785,-0.02723448184756623
0.016281837217210465,0.010924323447861218,0.5334509260620732,0.6575244017151728,-6.619192015423157,2.4032999896002034e-07,0.024742354516774364,-0.1890268147912666,-0.07668342050829619,0.09195950206226258,0.05934879328184129,0.002709675699926144,0.07598481368815527,0.03690317918191364,-0.05993334008926343,-0.10101025996150953,0.021458484773284544,0.09512256764474875,0.06585842702521545,-0.029659175933079176
0.03060833703388482,0.04489281754186687,0.5350334890642113,0.5420500403062071,-6.620825849480561,2.394275659829869e-07,0.0961871325896289,-0.6266687773982325,-0.04171053673265215,-0.02744294043005979,-0.012988929443101765,0.029196628641825782,-0.03865413212576234,0.12154906706338317,-0.16150399317544295,-0.08709989202331107,-0.07532997561563572,0.12364058937147035,-0.01952945711391513,0.005777164647879566
0.033918143958079856,0.0017798945977629654,0.7703488727057476,0.18741585335258168,-6.18071253610217,6.596103535260904e-07,0.025018187761399236,-0.04704247579373044,-0.05822522933447436,-0.017796124483232405,-0.06271522508794163,-0.021854551303152416,-0.022797325609401443,0.039279904805080396,0.358770981790852,-0.10017079049215012,-0.05239176034927262,-0.022140036907362992,-0.049044481676274836,0.029364126660779782
0.02064808074820642,0.010577645658410904,0.7415783899131166,0.8792635918895697,-6.501282517959778,3.152952892004526e-07,0.040825342158050185,-0.006344788682615565,-0.38415940430656653,-0.09796868512507813,0.13953040931258875,0.0654675865327526,0.01286883155604204,0.04969670053648488,0.05681579735384101,-0.29004215309038284,0.13142785181401867,-0.02230458587686361,-0.040584952224518224,0.043447518267767056
0.037829507251238105,0.04390463473936491,0.6824288855328369,0.9944568684893089,-3.235280054747589,0.0005817279695790378,0.46293751091413543,1.6695444475981347,-0.878571465790851,0.19512525337765432,0.8587199698819297,0.6740492575225203,0.44629936436106804,0.6328992943472487,1.4956294746970382,-0.9630615729134446,-0.7384407362924422,0.953750150979953,0.803918882124693,0.4794921127406325
0.04360574043485155,0.028625011064671677,0.9041557965923754,0.34674818876092917,-5.5696848864742385,2.6934884248594776e-06,0.030401120061343732,1.3125806785753014,-0.0013893204123787816,0.02484696605518317,-0.01509372329784373,-0.038586369840830095,-0.012496516576025869,0.04936489124724752,-0.012483830344333313,-0.10683623406260019,0.007433187219590001,0.042886402881898926,0.03955259174459667,0.08079153925478331
0.02875875126377746,0.03307371941789157,0.5786496406854207,0.8565889724902828,-3.889412172919474,0.0001289994406222076,0.282226912724083,1.7285792458303098,-0.3909068485844394,-0.6343628911837651,0.3596231108661414,0.5649077777331317,0.33079842332993364,0.26865945463601476,1.741191826790626,-0.3347015198453602,-0.6243291517788272,0.3656560280931527,0.6583698927430781,0.2991261704363202
0.0025117081240871976,0.04921766975839322,0.914569761148432,0.8350431002509129,-3.503588858347203,0.0003136253374818172,0.024494704292150896,2.560170589331806,-0.23912559596022692,-0.01013717037305271,0.1704573250235971,-0.06505557414103992,0.030530246563274792,0.048697911443533574,0.40490583057007257,-0.14858808854872593,0.05402582429440578,0.1889830642448778,0.010971117841718357,0.06059970785373398
0.0021733820762426127,0.008156691547185497,0.7225907551753888,0.31688493024936426,-5.65684953317365,2.20368982707155e-06,0.019786444643448163,2.521093159343547,-0.1282807564458475,0.04509216466094929,0.04694189746792679,-0.04938335292414314,0.07772232419095107,0.03477192361831924,0.16141176787542832,-0.09165687348019157,0.04126641412787285,0.02081474189386442,0.0502654697288837,0.025111380567359964
0.03350335027662238,0.0464620880754573,0.6154234209022106,0.5154452498176126,-4.382875419924067,4.14118450238821e-05,0.09202037758146492,-0.8814532905552794,-0.49569005820721473,-0.14447417267143056,0.24540803871623684,0.16802804002335367,0.11106760899255734,0.0968671196177649,0.0982553912408175,-0.21216510891892953,-0.10703181787223078,0.1028114809067658,0.005259613156150007,-0.016150236056387303
0.009961160063890095,0.02691062062556241,0.9557566932317259,0.9188707620420707,-3.010781372178538,0.0009754805799965188,0.02337503153315955,0.9251185021540023,-0.2149680170900034,-0.0010267768874946891,-0.04494113205137843,0.025049177960709632,-0.05759265850789179,0.0438500160000903,0.039063615753392344,-0.30922926670885664,0.020028352860199355,0.203592416471047,-0.08205742388293787,-0.08021140558926425
0.021559786845541974,0.012739943695555834,0.6786794423130934,0.25890285148807374,-6.2987376565859226,5.026461302934939e-07,0.03723404425193539,-0.18828110925395114,-0.3649610820924339,-0.20298041469691683,0.0284965194446523,0.073607484956767,0.10713531095196228,0.04964922448500678,0.23215838589366555,-0.3391492490182066,0.06810208150003362,0.11272880365611446,-0.03767298438427044,0.04767298480501213
0.003629356617219964,0.03732488947494153,0.7297436966009314,0.07919931110302354,-5.989086486118379,1.025447696573629e-06,0.039623774142565,4.986516682335779,-0.41676858324067334,0.056681181171583474,0.4125457205764208,0.1449616287886408,-0.10582282159436111,0.0759328472551125,1.1971180901075291,-0.19184531332163607,-0.04863901215538447,0.19481089437996243,0.09602540806138117,0.016785268478998104
0.044553112952103825,0.03545333423488054,0.8430444933325902,0.07426411216611806,-6.7869666106413,1.633177504758723e-07,0.05230554152160652,-0.5464443133342973,0.26710625675479116,0.11514442874801532,-0.16756911259606483,0.18865683785907866,0.011405987483246376,0.055658211377868964,-0.042854758169004636,0.12478716702900097,-0.1300282800958358,-0.06095531990531386,0.016031280342094046,-0.1309705468686752
0.020996470045204843,0.016504756972186372,0.620198294704525,0.024575313762432625,-6.820511657537823,1.5117791189262812e-07,0.029535080323441057,0.9693583103362071,-0.14487301708860983,0.12080954456927477,0.014230524287175535,0.029752573736077433,0.05299983916180166,0.05044389470389618,0.35985958992592293,-0.21922510245370228,0.012127304427146011,0.18069388704696404,-0.022836168726913176,-0.07558672177889637
0.021963783939272622,0.017860397914103744,0.5008410665328283,0.9426669827614924,-6.236212730166542,5.80480011748053e-07,0.035199967424610186,0.7358615972036051,-0.00433922336264195,0.0847969712297787,-0.05883926512273964,0.05620077801519139,-0.05106827962391735,0.047996569423366005,0.1377624900288752,-0.11997673887088586,0.004313986160767566,0.04409837611396582,0.02365562787190658,0.06252467536099171
0.03902887942302736,0.013079286379021091,0.6281400753435199,0.8903570483900444,-3.9608790668095475,0.00010942610306421578,0.05986596221342867,-0.5207475768551015,-0.6493017909220943,0.2973763388222928,0.29215663577109646,0.04132165639029977,0.07079802006470338,0.0680913067483484,-0.6153096645601743,-0.5510406658869937,0.02966930677358052,0.11650039059110537,-0.013683636414581713,-0.0033655273873572002
0.038094299791030344,0.03171450633773394,0.7244668417617461,0.5341055772783487,-5.870871922841963,1.346257318319193e-06,0.07932335954644286,-1.1820880188710765,-0.5950210441768392,0.20063025471343623,-0.022235038026444172,0.03699405828731302,0.08619473850246673,0.0870772555519538,-0.7036619840447833,-0.4425356657044457,0.07100370594420014,0.09273072824302503,0.13803814131888034,0.0100169105314604
0.026232371153393563,0.00164250101075597,0.8590561750582195,0.9584248786506356,-4.280788260749867,5.238557789841459e-05,0.02514886877520329,1.1410869616848203,-0.1389650475469861,-0.14535674308080393,0.017762534868986584,0.09678363421831568,-0.033906442834943123,0.040610844256240494,0.01602446140084135,-0.1176438025985621,0.02949321455135824,0.09051011260357814,-0.03592535327766107,0.10196801193105971
0.0024270509155560464,0.023975654947191078,0.6598878539313673,0.6258549956886945,-5.476927963349245,3.334817229621332e-06,0.024608812968571713,1.5760811277961135,-0.13853448160477652,0.034028468896749785,0.014923246957067319,-0.03476550372616837,0.01163288407134736,0.042408882270910914,0.0884419687155753,-0.14163698334929675,0.10153705706944603,-0.030697405355055638,-0.09946357095784122,-0.12066164563812387
0.018173610839321848,0.015320102006016167,0.794352110720566,0.44046420162193756,-4.067463500344315,8.561236603794959e-05,0.03248976802343052,0.407469160708148,-0.3819805515294843,0.02871541977759672,0.3043770272149182,0.05486837669540512,0.08628071108405705,0.052178229967847836,0.4414554124728287,-0.3416340456748044,0.05216901767866451,0.13806065283405927,0.09002792533357662,-0.030706108271505658
0.026432740848731536,0.04847448531191118,0.9743414157658006,0.20591102177382203,-6.080482049192642,8.308410593629172e-07,0.03737556777065304,-0.8002409892325226,-0.37664730186504014,0.09588972114251106,0.1283999508878182,0.10057983844753994,0.033836219089988094,0.0492524043617595,-0.9074669513184204,-0.21373601432709977,0.019689481874851644,-0.00032339313378978686,-0.049645125442092965,0.00870669435986973
0.026664930321816854,0.04300631641026446,0.875877217350357,0.5637979608339612,-4.877853752743349,1.324787578004096e-05,0.046033376284340406,-0.0408166864738333,-0.20293027508778963,-0.06732136445846672,-0.059745791522335646,0.1274096605817265,0.07588724269295054,0.06126525996964939,-0.31698956533027367,-0.2814383215381088,0.007980040849519738,0.14002877957805293,0.12669946830224144,0.02269454432560325
0.0370113664196117,0.04528721122227299,0.9711818745970692,0.24847501926819648,-4.170805810710928,6.748297018208405e-05,0.053077718668707786,-0.9643359343295841,-0.6390923256819441,-0.18831654763569003,0.2250343067792135,0.0992234468875842,0.1626511563407674,0.06413804778102149,-0.8611186429300486,-0.44881781706490875,-0.03602760103735553,0.11708693654839471,0.07243289241103053,0.02208974825056502
0.005785245177112142,0.023147371420072765,0.9849416843554379,0.5991453597944368,-5.744402603122554,1.8013470675224416e-06,0.022616280433315074,0.4513967814517499,-0.1582233216862497,-0.03238775376816321,0.1057992250686128,-0.07624828504671688,0.025227038073335286,0.03775613966796655,-0.21088377241116785,0.022085193915417214,-0.10993663095936114,-0.07116203184847796,-0.030443405804803196,0.14947883385302804
0.005159838715068164,0.04265268860902599,0.7719966336621529,0.4163540480949752,-5.798204935294976,1.591457571318089e-06,0.05340794723733177,3.1630940284924858,-0.19674681011992157,0.061365591310385374,0.5776552687847074,0.32183062315686645,-0.021859621977333012,0.08107451931678611,1.947519349414332,-0.0008866599717411124,0.005525777309138945,0.19204672170818904,0.10523461010598656,0.04376511760919648
0.008411958658777467,0.04154589331973227,0.9605491003525828,0.31296997871159876,-6.260624953572768,5.487506484219497e-07,0.021790061708945534,0.04661036200503155,-0.06464735302682614,-0.021918402978828706,-0.02450662057042762,-0.08254604787998009,0.07405572612079767,0.042810522428324,0.5064962345142714,-0.33836624321892117,0.0702594978097702,0.07945659592106966,-0.012416597668651408,0.029448723055013643
0.04783214021731391,0.049502604611920756,0.8534214780410765,0.8836691111948546,-5.520456145401713,3.016781489191943e-06,0.05221630732813773,-0.3516261642442928,0.04090226786380566,0.023124734538795506,-0.059173783479790326,0.038482922356939266,0.07485317642610997,0.18368835225124439,7.331139692203132,-0.34276497354805285,-0.20808156008813394,0.570003212457846,0.5714389603707161,0.3202073746793844
0.046451261162634025,0.016857384079928574,0.9275666977427811,0.1121221684842446,-5.195481420841665,6.375563551716895e-06,0.06781435741665728,-1.0616949449293431,-0.42450189558112683,0.04296068602788327,-0.09816563201532261,0.02130941086846326,0.05151537154943439,0.0732550937846124,-0.7476156227126234,-0.3592754386511135,-0.02929360926878507,0.06380287447112319,0.03218622357917597,0.030504405165086262
0.0047232947708857834,0.02345443406176139,0.5203970896897658,0.3796085666242253,-4.209884753705145,6.167586459362323e-05,0.02622807886328246,3.1449685997440895,-0.19685404578370372,-0.049417881507932075,0.18232315120028678,0.12424565035105775,0.1338381209467332,0.04890028726827936,1.600165115774666,-0.3087228631562406,-0.06589845822219609,0.35340242595718674,-0.024297848286314785,0.07281141699645235
0.006632649915525757,0.006414845720471981,0.7257987215409571,0.16434344855071095,-5.303988327586524,4.966056684050913e-06,0.02045173184141811,0.9487370159229762,-0.14464043278866132,0.01431011749961195,0.05464683427755321,-0.06922638789323317,-0.014029030029819678,0.03966282686030999,-0.04946703089484039,-0.06189644471043711,-0.01927769099601347,-0.09941973231468038,0.03198906058061672,0.10661650453192102
0.03952070710208625,0.013939727029382018,0.6308156081540863,0.8679642711507942,-3.364964385815384,0.00043155446486711936,0.07130272862682993,-1.1340874140663821,-0.6153591762730115,0.28692929706438197,0.05830625245077975,0.029849269719145515,0.018955130558530906,0.07640203311798778,-0.6162377693940924,-0.45153108684146054,-0.0008968460759792027,0.007005932741937555,0.04855995454677208,-0.0008903139706475675
0.022812697245421513,0.0047292079804479165,0.6529567511993588,0.3385918770636098,-3.395181457671714,0.0004025488055447854,0.030355791543518366,-0.20795150173412225,-0.3150429402192149,0.05060226112090014,0.01695143300129164,0.044827681918867004,0.0330576160277113,0.04325019814444317,1.0545881933098329,-0.23747938960907922,-0.04224514204303577,0.061347693980880594,0.011292951407008917,-0.07573785884335323
0.025240569671976007,0.029848059260912368,0.5824496592100818,0.7029920141224896,-6.956230513939754,1.1060365683159177e-07,0.07810317354818276,0.09763959975127445,-0.4257561689395072,0.04195909346938495,0.18697891493361088,0.32534440176718826,0.08228093331218167,0.08722469805266876,-0.477160299171532,-0.3909103360043539,0.023137342793410565,0.19371476669310178,0.07501812714097082,-0.10288423495650895
0.030715899969482124,0.0028568513644394978,0.9355682523185639,0.4115519911620384,-4.945561864409747,1.1335433555436267e-05,0.04175613162477016,-0.48449655357886723,-0.6441937893810966,0.07740549969591755,0.3481038368142009,0.08718458207508384,0.1138056500886938,0.058915933727079296,-0.62592878621725,-0.49855680462249347,-0.0629778732249156,0.10992410568177646,-0.029854056037580855,0.14023082740290319
0.0034518743347400293,0.047813028447803926,0.7607143639297836,0.30809563511655685,-4.850047045952692,1.4123845365188101e-05,0.027415505415045973,3.1157268802340097,-0.2599971723533657,0.10577418449915865,0.1839469175420044,-0.01923988255353781,-0.01268262762772321,0.07160954210539205,2.3205386520697253,-0.14294746170945513,-0.07569069089882391,0.20963978345295198,-0.09978076831654199,0.10040534672906555
0.004074745014209765,0.011547675786287825,0.7506800778386797,0.7239652987927513,-3.1700413629442226,0.0006760185871671671,0.021020028480493915,1.6650845665303287,-0.24969197371740873,-0.019907485607672904,0.21668473578249267,-0.045924399953813026,0.0945803241650412,0.039953588236488397,-0.1651047585234653,-0.13776212801988932,0.011892374402680825,0.08863552247834285,-0.019191882409540485,0.03050429677589016
0.01733762741405557,0.020757728688623463,0.9513007735493495,0.7612808548104678,-5.905903233539137,1.2419289947043929e-06,0.030248734448007623,1.4480235845960525,-0.3166914168132198,-0.04776512061947884,0.12651604845638642,0.05055152041095604,0.07277750259791893,0.045599781865934774,-0.31046884517992535,-0.21032193623842027,0.005368567245794309,0.019686151330895196,-0.07576557249161404,-0.002422012589685704
0.03978493116703601,0.004242134063154028,0.9676745491667957,0.6946097008632345,-3.6458994360695165,0.00022599590189845663,0.048884024578062034,-1.1833817546647856,-0.5150772623205621,0.06460144820062114,-0.013491350890707944,0.04264186042718328,-0.0332751946197241,0.06390516492660832,-0.7379147509301807,-0.5241346629443404,-0.047331627661300495,0.16179479495941004,0.11079569633281627,-0.014773792819525787
0.014473581654445742,0.015871338834138167,0.9374963378556718,0.2669548039788256,-4.530488776535341,2.947889657882732e-05,0.024952724872388525,0.4419173687450977,-0.11235915726773812,0.016009598781225116,-0.018774501469679083,-0.01978566470810036,-0.01940908175852113,0.04186638669272801,0.4342760867504638,-0.16845700267712616,-0.045626769017308166,0.044380468612715246,0.05247362617761222,0.0034039729738465693
0.04947395410510728,0.035267347837084816,0.60906441511308,0.7107533166067354,-3.0241709702438477,0.0009458647261514449,0.09110400501610275,-0.7994201718781113,-0.20815446564099474,-0.09334098633865145,-0.05094657021656742,0.0914695491374046,0.1345641987882015,0.2003632739228668,2.9011801868433142,-0.12054771966613585,-0.17715333283937648,0.20673577443560806,0.4100977494670987,0.22608342531588144
0.005358836938782712,0.04806106194979944,0.5399901062505632,0.8852477559361615,-4.1250959231443804,7.49728597586931e-05,0.4284681715285332,2.2945548723589297,-0.8443321969282415,0.5080719547739284,0.8334521838551222,0.6374081793034709,0.49086465810589724,0.47640886736432003,2.3206381754518732,-0.8674557144813512,-0.038915480483761,0.8638832694924782,0.7050052218416177,0.4668188372995947
0.04065197796274649,0.03250291438943081,0.8308737732561113,0.7860908558247124,-4.353046527303282,4.4356112131899916e-05,0.06134293330940346,-0.5014204789313039,0.05360798201599534,0.06907531675063251,-0.0771831794283965,0.14871939594576686,0.10374847850802549,0.0742502590157004,0.16038985307506648,0.16380488249889055,0.0720662939790929,0.041828669228519744,0.07088296108074182,0.015458074645618842
0.0449877804848156,0.005863629774793877,0.8611206079251452,0.49800632691465596,-3.291223565963961,0.0005114184999267926,0.04064773589356003,-0.42465212499632443,0.09669687782603124,0.031342120239977546,-0.051155584578436886,0.09875874831212593,0.1147565797903488,0.05460028863272893,-0.20133308967142494,-0.13612366157430442,-0.012125264404347467,-0.07062137416652504,-0.005777688618993297,-0.03163270122194122
0.04527047114149244,0.01135300708559972,0.9787523929451807,0.13156257920868594,-4.570619898419746,2.6876957314989194e-05,0.056048404221495214,-0.5058039477202745,-0.3903334590031351,-0.09253224075792267,-0.08448179589729261,0.002626070670754092,0.013029397021983325,0.07098986347467184,-0.6514763479443006,-0.3727736892864415,-0.08818179830491107,-0.12300684996429159,-0.013804578938864956,-0.047508949397397575
0.0447756901233981,0.047032655092131476,0.5091923096478586,0.9278783092241107,-5.9420215684735895,1.1428215771515464e-06,0.09721757957862576,-0.45376762436052065,0.038525574614317125,-0.12870111488430963,0.09084768141100942,0.023719981962342863,0.0971591899923882,0.137351704200722,0.798121032960696,0.11971166072018145,0.16340493493777059,0.0983577559978337,0.1617594736905713,0.028405082219006568
0.008109328633587185,0.03500605401092882,0.650266080694476,0.2752887958171014,-3.7928463473694802,0.00016112155796126193,0.036346332146736264,2.962280979946131,-0.440046240261547,-0.010196382897144553,0.42057717369651526,0.0006425903198763069,0.006920622569143809,0.06852345309320737,0.7259433029888513,-0.34441444949923894,-0.014285191115192926,0.27394709682434887,0.08195789200081134,0.08130385388863008
0.015515429733043143,0.016748405941350804,0.9615240044668714,0.4688489490198593,-3.956911538239557,0.00011043035333887458,0.027352027806006703,-0.3361813545410932,-0.2538465502757434,0.05071129326318166,-0.016477662112090327,-0.0048423796673283444,-0.01568497253933307,0.04205151195563593,-0.3530450806984913,-0.21208972048504587,-0.08850177733080594,-0.019352812820151756,-4.450648650997624e-05,0.045680615364017636
0.01768558755383501,0.03278090604538614,0.6865686123283158,0.7689886965988042,-5.920563923627066,1.2007043288287396e-06,0.05364036071962295,2.3714003272440776,-0.5680507153801417,0.09746487192055533,0.5480750928313395,0.34306201360988653,0.03706611785147771,0.07979159418964527,0.2995191515192883,-0.3519910855823394,-0.20019307712808398,0.21729794845899636,0.04918991800859193,0.002985137306693009
0.018625400022751672,0.04071730005751307,0.589260782607526,0.5230597147161651,-6.843820607949865,1.4327796088265744e-07,0.05988399741865416,2.1549166234514034,-0.08027243559601151,-0.026331583095161176,0.3502386138166001,0.3853182717107547,0.08301848770103365,0.07748154253026869,2.520644540551058,-0.1423124667539605,-0.07084619296417562,0.28635407521674694,0.11559936720163748,0.16911754460441428
0.019132142513275444,0.00939419464674252,0.5681458641856388,0.15186159942758132,-4.223757540776258,5.973686942905683e-05,0.02540484023700359,0.6109449517906769,-0.21508535551916388,0.0545046405410604,0.08730768391799935,0.043282914688476934,0.02954196870428357,0.04258672931845506,-0.24376506445837265,-0.1419481434051332,-0.04081433659092016,-0.020431173705676473,0.16323189096277257,0.13859865499866306
0.0014150985871921927,0.018977426587233556,0.6457950100217416,0.1192209065484457,-6.539097705085815,2.8900296269053843e-07,0.021965560787697208,3.273620636738106,-0.10936229544660828,0.0513496598247155,0.10178982103578088,-0.017660116471476677,-0.003058564396478122,0.04297713320444954,-0.1586978705518458,-0.07737370733624739,0.01944144833950593,0.06471467411957602,0.06354714839470545,0.1252192000293035
0.013564763783431782,0.030680297116399642,0.5373413615509853,0.39447780782640934,-5.679296480356312,2.0926833533446073e-06,0.03467822227773422,0.9056824435875486,-0.2244379189188762,0.028192593406368534,0.18421802025375467,0.07786724733498107,0.0036371364921396945,0.05906936142793755,1.7885771023556565,-0.4257335903045989,0.07585148781914393,0.3732913755984861,-0.04977368277951365,0.23597160000063633
0.00459725973478642,0.021957784894034715,0.6064650387139088,0.035500896202912996,-5.287644221829888,5.1565089772097156e-06,0.02448514925442879,0.5746392434025016,-0.1687593891471652,0.013627793581825299,0.17722523521875902,-8.323129602067862e-05,0.11633142340143998,0.048566031181079175,0.3203442458765462,-0.25733585252166125,0.03129970187619643,0.16507005818542805,0.06887538575373635,0.08132615490623407
0.016724510901662857,0.03679647718148896,0.5708112572245871,0.12152616720327408,-4.155690097163746,6.987308249257888e-05,0.08505857670745372,3.2126244862190596,0.13150186310470566,-0.05783892605660154,0.4427849798256238,0.23841963878974734,0.10201920687620206,0.09402833162622837,1.467516786107507,-0.1114582112659078,0.06899744054021303,0.24354919521105275,0.16587603465650325,-0.02400416781585082
0.029397733583634216,0.04573609596061026,0.5856406060990601,0.25319667215918185,-4.7115646787457095,1.9428323275354556e-05,0.25808106672456327,1.852635470577873,-0.3223705159747507,-0.49376925515383147,0.2708399727830243,0.5521449885288423,0.2539378992044826,0.2005644829685128,2.1360689171754004,-0.1653769736898839,-0.10842202468825107,0.3024339309374015,0.4001650345331009,0.2530030906585308
0.022319914765310818,0.0038658993767768466,0.8567463868264268,0.48140090011814035,-4.407241265115067,3.915243118263721e-05,0.02522916890073011,0.08624700802692642,-0.07342279008467263,0.04988086964296952,0.014832988514120895,-0.080863662279518,0.030739777608871418,0.04102538081572465,-0.009571802218824477,-0.21519450729153772,-0.0122463541100421,0.13402785138509385,-0.016608389187582732,-0.025040850896865974
0.048552937868364565,0.03036068520592321,0.7458857633926661,0.3723089691928042,-3.353723064557767,0.0004428706865503125,0.07661392601839899,-1.0790776714558754,0.21111964159556443,-0.03820660116146819,-0.2631090981867078,0.018619207762565107,-0.01701443877223726,0.07658349068932628,-0.7271725253130428,0.1694526676820393,-0.04983168226805978,-0.04363213423534101,-0.07619276812387978,-0.030031468899557896
0.01697340377228449,0.04445620800096641,0.5907378147409745,0.2803397531249951,-6.0374612948641815,9.173576883782438e-07,0.15907458492038534,3.19072270906032,0.16266402852071282,-0.011402683081958605,0.24676965757522656,0.26295490978535135,-0.0253686845872558,0.1950978513885928,5.6854802043894175,-0.21494590139851052,0.03810623708590557,0.4070203688385943,0.3019157274755869,0.1401894318962936
0.029811943027344336,0.005641644550495107,0.8859245636642628,0.262408885778459,-5.687755579828121,2.052316894203785e-06,0.029435854605882692,-0.4266554907477853,-0.09969265856777275,0.02788597557854865,-0.07075063285878859,0.05444144908368557,0.10609981066689285,0.04327656852601734,-0.25283390365784086,-0.16935238973187,-0.05857807307565828,-0.09075996227119708,-0.07097049746396253,-0.030554047779983447
0.0438236153782996,0.041901951330443075,0.9816743481518759,0.4462442975991528,-5.241023137859885,5.740858758817827e-06,0.047454609336673066,-0.5237960597174283,-0.4369679839613725,-0.05439387762018755,0.04218273597009138,0.03906992879490342,0.007086748370227975,0.06550757270499825,-0.5352860444540366,-0.39640189616699595,0.14897795176591938,0.03720950946456272,-0.08207100375182384,0.11469387284081856
0.031766640650052365,0.026250481761516096,0.6333206936010194,0.9364171303236681,-5.436097515178153,3.6635530509238835e-06,0.08593956346893834,-0.7689677875935494,-0.6526868677166527,0.09544938705061468,0.3547553939926913,0.22194181688592696,0.1439342242237508,0.08403397989214356,-0.2579388335426396,-0.5549177987997225,0.0608252680866131,0.20616789946245673,0.047636861598516565,0.05869586315326392
0.040574212931671565,0.0222899374466379,0.6374745724089468,0.49326816371815385,-3.4727837887716495,0.00033667914160308467,0.07629833224819622,-1.0466829693090964,-0.6379712881088789,-0.011202202750753175,0.2681105623714306,0.0073770021290200756,-0.03510610674537033,0.0793585852912338,-0.6640430311852135,-0.581857596138364,-0.027497360242632548,0.14561766532655304,0.02227119288212493,0.002247737562533703
0.012203861205722736,0.026145036470057066,0.8642601708708195,0.7475760747910973,-3.4306503092114284,0.0003709793114246956,0.02534684210967573,0.6816152464991703,-0.15236055425683226,-0.028067187913573353,0.0007176133660956268,0.07086104646099321,-0.09982188445922659,0.04820187849110174,-0.3083793847506531,-0.32382111407975595,0.04237992295926418,0.13610870955968482,-0.031896173605319066,-0.08316981727233011
0.049158347240901415,0.0397337680908983,0.6417637731811652,0.5259505194393695,-4.014548270051682,9.670562363394436e-05,0.0847672906742616,-0.5027829209575567,-0.18558846811813057,-0.09407836044662646,0.1674853290120955,0.10549691774055309,0.19637770135497876,0.0935113918383014,-0.05403666857330025,0.0623662797292047,-0.04342969112827184,-0.08161681134870721,-0.04429158574979117,0.022646575091705923
0.031968269736744354,0.033766173819583606,0.8841502699629604,0.5087551702406719,-5.076343824591381,8.38795661325021e-06,0.047243291887049475,0.18537647038147576,-0.1316452550179125,-0.012233446300044994,-0.03253685600883147,-0.043228117756285864,0.06509558102223362,0.05860104012087147,0.24833053027988816,0.005597530317199928,0.04029002672414079,-0.051272540879587034,-0.011022448825997752,-0.0011142493573059878
0.036717063326842284,0.0021248252763394295,0.5958023565761189,0.06156840605646986,-6.747315311320666,1.7893062902329344e-07,0.029153523923682447,-0.11176898685366732,-0.1863931135916019,-0.00931741822390823,-0.006797911997797109,-0.04257741162528678,-0.00241245378113845,0.04281747034461654,-0.1045947850597213,-0.20281410719139986,0.11687030818392981,0.06581642868220222,-0.035447912880717976,0.007999447319134434
0.03738284898977039,0.0401778265462067,0.7176811165660699,0.5039273837634977,-3.412158799551691,0.00038711607024986285,0.08319230488426499,-0.4919911948421376,-0.15255390015404158,0.11018253177738536,-0.02186556322820135,-0.0105367180254904,-0.019588898812943924,0.09183424970333429,-0.3610032536512824,-0.1409994405296947,-0.016334839770109515,0.032538840700738564,0.08629664806099939,0.016159388857064458
0.007193341432032341,0.022577441072402966,0.6624901015803709,0.11019384885497367,-6.640129140064263,2.2901865508259594e-07,0.02629622995464541,1.616396824119244,-0.2099822475018079,-0.006425202203861674,0.09809373357949534,-0.024604560074827052,-0.015322129560209426,0.04830872891255705,1.738697615672618,-0.32201160097941944,0.005088595322025682,0.19317278573420837,-0.04652760049681432,0.01252477762780581
0.03104541233203723,0.028414060034714504,0.5072500627184692,0.673588026744297,-6.483250485124245,3.2866201600654633e-07,0.071510222808508,-0.1912437936336029,-0.5230252990930008,-0.11987306405286548,0.3025541149588105,0.16104217833337736,0.04038289619930436,0.08106624215307329,-0.4226976022752278,-0.5049616845815882,0.12248025329946213,0.13910381279859121,0.0005338912808626231,-0.005767280660968663
0.015984895936354094,0.003420313067336737,0.9138358277231478,0.3427078620291841,-5.890341232210564,1.2872377506953303e-06,0.022727652016051533,0.49288097642091167,-0.14050108319903634,-0.026326805776121988,-0.03978969993557314,0.0657198419371709,-0.004745412267336095,0.03729839943289436,0.10402565416660581,-0.012063696082602184,-0.07715331190723433,-0.041739433093724104,0.018271456542350413,-0.008829808337956095
0.0030667725109975643,0.029532082301547392,0.6588609490802266,0.05298874255781392,-4.99130480506382,1.0202231993404373e-05,0.030197856262085612,2.750075857395198,-0.33863364422273534,0.09053889455838876,0.3662952369942146,0.03441370957413868,-0.006883492152067968,0.07404090153244217,0.5750534623624186,-0.37914898230159844,-0.0921076521398817,0.22959973561258668,0.11839629486981004,-0.10436812072937703
0.00944215557257053,0.008280881249206692,0.8941796582331047,0.3045091375093534,-6.0040842286966605,9.906397978718014e-07,0.021032067154406024,0.8335421778674545,-0.12597849492505597,0.015756624459981116,0.10817585835923614,0.04234263503403147,-0.14555354764422956,0.040223672749701504,-0.039832026834865086,-0.1903958315556072,-0.02753662721464178,0.11434953669551459,-0.026348608383105702,-0.08291299313975657
0.0028389705196291528,0.016339778420792376,0.5533903373415964,0.42867024428721945,-3.5650401974209514,0.0002722449312000846,0.024086515009172405,2.2562163909199198,-0.1924988562027185,-0.078311443264016,0.22382625763043654,0.024704907238011387,-0.026910689138833682,0.04170334328133612,-0.21820626943763388,-0.1730777616804458,0.02212529988219843,0.06175334790938661,0.016631095410356483,-0.03332369636114742
