t,agent_id,kind,cash,own_position,client_notional,capital_ratio,initial_margin,maintenance_margin,vm_cycle,vm_cumulative,call_indicator,has_defaulted
59,10,BCM,8790441752.926868,-132,0.0,8.2450521648523,85291.8,81027.20999999999,3052.5,3052.5,False,False
59,11,BCM,9853488248.849516,81,0.0,15.061270983173102,52338.15,49721.2425,-1873.125,-1873.125,False,False
59,12,BCM,8891916190.368809,56,0.0,19.659115398611135,36184.4,34375.18,-1295.0,-1295.0,False,False
59,13,BCM,7333600925.510171,177,0.0,5.1298025028805005,114368.55,108650.1225,-4093.125,-4093.125,False,False
59,14,BCM,5771442257.212739,225,0.0,3.175838981846452,145383.75,138114.5625,-5203.125,-5203.125,False,False
59,15,BCM,8723810640.789085,6,0.0,180.01621173182875,3876.9,3683.055,-138.75,-138.75,False,False
59,16,BCM,6629130213.19076,-148,0.0,5.545637435195793,95630.20000000001,90848.69,3422.5,3422.5,False,False
59,17,BCM,7347773113.25404,257,0.0,3.539804300662157,166060.55000000002,157757.52250000002,-5943.125,-5943.125,False,False
59,18,BCM,5649610648.552359,-135,0.0,5.181331612418727,87230.25,82868.7375,3121.875,3121.875,False,False
59,19,BCM,6134541727.12942,217,0.0,3.5000885298305606,140214.55000000002,133203.8225,-5018.125,-5018.125,False,False
59,50,NBCM,6814270.961380681,0,0.0,inf,0.0,0.0,-0.0,0.0,False,False
59,51,NBCM,7966086.300848661,0,0.0,inf,0.0,0.0,-0.0,0.0,False,False
59,52,NBCM,6959751.059820935,0,0.0,inf,0.0,0.0,-0.0,0.0,False,False
59,53,NBCM,8118496.428383067,0,0.0,inf,0.0,0.0,-0.0,0.0,False,False
59,54,NBCM,8279073.380285538,0,0.0,inf,0.0,0.0,-0.0,0.0,False,False
119,10,BCM,8790437729.926868,-298,0.0,3.6369716498634883,193357.30000000002,183689.435,-4023.0,-970.5,False,False
119,11,BCM,9853489369.349516,83,0.0,14.63718756442977,53854.55,51161.8225,1120.5,-752.625,False,False
119,12,BCM,8891915501.868809,-51,0.0,21.496652150773684,33091.35,31436.782499999998,-688.5,-1983.5,False,False
119,13,BCM,7333604557.010171,269,0.0,3.3613279460160923,174540.65000000002,165813.61750000002,3631.5,-461.625,False,False
119,14,BCM,5771446914.712739,345,0.0,2.0625823086196835,223853.25,212660.5875,4657.5,-545.625,False,False
119,15,BCM,8723809358.289085,-95,0.0,11.322132658397681,61640.75,58558.712499999994,-1282.5,-1421.25,False,False
119,16,BCM,6629126028.19076,-310,0.0,2.6365757892015442,201143.5,191086.32499999998,-4185.0,-762.5,False,False
119,17,BCM,7347779795.75404,495,0.0,1.8301918270641164,321180.75,305121.71249999997,6682.5,739.375,False,False
119,18,BCM,5649605842.552359,-356,0.0,1.9566530733466587,230990.6,219441.07,-4806.0,-1684.125,False,False
119,19,BCM,6134546924.62942,385,0.0,1.9645696991194355,249807.25,237316.88749999998,5197.5,179.375,False,False
119,50,NBCM,6814270.961380681,0,0.0,inf,0.0,0.0,0.0,0.0,False,False
119,51,NBCM,7966086.300848661,0,0.0,inf,0.0,0.0,0.0,0.0,False,False
119,52,NBCM,6959751.059820935,0,0.0,inf,0.0,0.0,0.0,0.0,False,False
119,53,NBCM,8118496.428383067,0,0.0,inf,0.0,0.0,0.0,0.0,False,False
119,54,NBCM,8279073.380285538,0,0.0,inf,0.0,0.0,0.0,0.0,False,False
179,10,BCM,8790437784.801868,-439,0.0,2.4689278341833436,284834.175,270592.46625,54.875,-915.625,False,False
179,11,BCM,9853489351.849516,140,0.0,8.678095547973658,90835.5,86293.72499999999,-17.5,-770.125,False,False
179,12,BCM,8891915511.243809,-75,0.0,14.618286716233287,48661.875,46228.78125,9.375,-1974.125,False,False
179,13,BCM,7333604501.760171,442,0.0,2.0457738698228547,286780.65,272441.6175,-55.25,-516.875,False,False
179,14,BCM,5771446845.087739,557,0.0,1.2775912142437822,361395.525,343325.74875,-69.625,-615.25,False,False
179,15,BCM,8723809374.914085,-133,0.0,8.087549239450803,86293.725,81979.03875,16.625,-1404.625,False,False
179,16,BCM,6629126083.31576,-441,0.0,1.853446699489862,286131.825,271825.23375,55.125,-707.375,False,False
179,17,BCM,7347779701.75404,752,0.0,1.2047604387561541,487916.4,463520.58,-94.0,645.375,False,False
179,18,BCM,5649605904.177359,-493,0.0,1.4129722947737362,319870.72500000003,303877.18875000003,61.625,-1622.5,False,False
179,19,BCM,6134546850.50442,593,0.0,1.2755286145823823,384753.22500000003,365515.56375000003,-74.125,105.25,False,False
179,50,NBCM,6814270.961380681,0,0.0,inf,0.0,0.0,-0.0,0.0,False,False
179,51,NBCM,7966086.300848661,0,0.0,inf,0.0,0.0,-0.0,0.0,False,False
179,52,NBCM,6959751.059820935,0,0.0,inf,0.0,0.0,-0.0,0.0,False,False
179,53,NBCM,8118496.428383067,0,0.0,inf,0.0,0.0,-0.0,0.0,False,False
179,54,NBCM,8279073.380285538,0,0.0,inf,0.0,0.0,-0.0,0.0,False,False
239,10,BCM,8790446725.551868,-546,0.0,1.9951631046478226,352470.30000000005,334846.78500000003,8940.75,8025.125,False,False
239,11,BCM,9853484832.349516,276,0.0,4.424262350091099,178171.80000000002,169263.21000000002,-4519.5,-5289.625,False,False
239,12,BCM,8891916117.118809,-37,0.0,29.78199144536315,23885.350000000002,22691.0825,605.875,-1368.25,False,False
239,13,BCM,7333593579.635171,667,0.0,1.3625457886132768,430581.85000000003,409052.7575,-10922.125,-11439.0,False,False
239,14,BCM,5771434170.837739,774,0.0,0.924065779029478,499655.7,474672.915,-12674.25,-13289.5,False,False
239,15,BCM,8723810881.414085,-92,0.0,11.751099845987865,59390.600000000006,56421.07,1506.5,101.875,False,False
239,16,BCM,6629134631.06576,-522,0.0,1.573788754444325,336977.10000000003,320128.245,8547.75,7840.375,False,False
239,17,BCM,7347762770.00404,1034,0.0,0.880632459059955,667498.7000000001,634123.765,-16931.75,-16286.375,False,False
239,18,BCM,5649615565.427359,-590,0.0,1.1866618669251647,380874.5,361830.77499999997,9661.25,8038.75,False,False
239,19,BCM,6134533373.87942,823,0.0,0.9237230903265936,531287.65,504723.2675,-13476.625,-13371.375,False,False
239,50,NBCM,6814270.961380681,0,0.0,inf,0.0,0.0,-0.0,0.0,False,False
239,51,NBCM,7966086.300848661,0,0.0,inf,0.0,0.0,-0.0,0.0,False,False
239,52,NBCM,6959751.059820935,0,0.0,inf,0.0,0.0,-0.0,0.0,False,False
239,53,NBCM,8118496.428383067,0,0.0,inf,0.0,0.0,-0.0,0.0,False,False
239,54,NBCM,8279073.380285538,0,0.0,inf,0.0,0.0,-0.0,0.0,False,False
299,10,BCM,8790449013.551868,-704,0.0,1.5489450467218082,454009.60000000003,431309.12,2288.0,10313.125,False,False
299,11,BCM,9853483574.599516,387,0.0,3.158467714955151,249576.30000000002,237097.48500000002,-1257.75,-6547.375,False,False
299,12,BCM,8891916126.868809,-3,0.0,367.6814442288234,1934.7,1837.965,9.75,-1358.5,False,False
299,13,BCM,7333590774.885171,863,0.0,1.0541526051373649,556548.7000000001,528721.265,-2804.75,-14243.75,False,False
299,14,BCM,5771430979.337739,982,0.0,0.7290706722351673,633291.8,601627.21,-3191.5,-16481.0,False,False
299,15,BCM,8723811186.914085,-94,0.0,11.51266887746289,60620.600000000006,57589.57,305.5,407.375,False,False
299,16,BCM,6629136769.56576,-658,0.0,1.2497659719757235,424344.2,403126.99,2138.5,9978.875,False,False
299,17,BCM,7347758444.25404,1331,0.0,0.6848168302208232,858361.9,815443.8049999999,-4325.75,-20612.125,False,False
299,18,BCM,5649617918.427359,-724,0.0,0.9680061611209342,466907.60000000003,443562.22000000003,2353.0,10391.75,False,False
299,19,BCM,6134529928.87942,1060,0.0,0.7179150114107988,683594.0,649414.2999999999,-3445.0,-16816.375,False,False
299,50,NBCM,6814270.961380681,0,0.0,inf,0.0,0.0,-0.0,0.0,False,False
299,51,NBCM,7966086.300848661,0,0.0,inf,0.0,0.0,-0.0,0.0,False,False
299,52,NBCM,6959751.059820935,0,0.0,inf,0.0,0.0,-0.0,0.0,False,False
299,53,NBCM,8118496.428383067,0,0.0,inf,0.0,0.0,-0.0,0.0,False,False
299,54,NBCM,8279073.380285538,0,0.0,inf,0.0,0.0,-0.0,0.0,False,False
359,10,BCM,8790435746.051868,-870,0.0,1.2474973850936588,563716.5,535530.6749999999,-13267.5,-2954.375,False,False
359,11,BCM,9853490086.349516,427,0.0,2.8491197401278407,276674.65,262840.9175,6511.75,-35.625,False,False
359,12,BCM,8891915349.118809,-51,0.0,21.526510546217548,33045.450000000004,31393.1775,-777.75,-2136.25,False,False
359,13,BCM,7333606009.635171,999,0.0,0.9063596828880948,647302.05,614936.9475,15234.75,991.0,False,False
359,14,BCM,5771448166.087739,1127,0.0,0.6322799005600683,730239.65,693727.6675,17186.75,705.75,False,False
359,15,BCM,8723808807.914085,-156,0.0,6.904465015236681,101080.20000000001,96026.19,-2379.0,-1971.625,False,False
359,16,BCM,6629124340.81576,-815,0.0,1.0042620445042307,528079.25,501675.2875,-12428.75,-2449.875,False,False
359,17,BCM,7347782249.50404,1561,0.0,0.5811682327537049,1011449.9500000001,960877.4525,23805.25,3193.125,False,False
359,18,BCM,5649604864.427359,-856,0.0,0.8148783928071291,554645.2000000001,526912.9400000001,-13054.0,-2662.25,False,False
359,19,BCM,6134549113.37942,1258,0.0,0.6020748684708979,815121.1000000001,774365.045,19184.5,2368.125,False,False
359,50,NBCM,6814270.961380681,0,0.0,inf,0.0,0.0,0.0,0.0,False,False
359,51,NBCM,7966086.300848661,0,0.0,inf,0.0,0.0,0.0,0.0,False,False
359,52,NBCM,6959751.059820935,0,0.0,inf,0.0,0.0,0.0,0.0,False,False
359,53,NBCM,8118496.428383067,0,0.0,inf,0.0,0.0,0.0,0.0,False,False
359,54,NBCM,8279073.380285538,0,0.0,inf,0.0,0.0,0.0,0.0,False,False
419,10,BCM,8790431209.176868,-1037,0.0,1.045186604082128,672831.525,639189.94875,-4536.875,-7491.25,False,False
419,11,BCM,9853491866.974516,407,0.0,2.985095053638206,264071.775,250868.18625,1780.625,1745.0,False,False
419,12,BCM,8891914552.868809,-182,0.0,6.024018601923297,118086.15000000001,112181.8425,-796.25,-2932.5,False,False
419,13,BCM,7333610844.010171,1105,0.0,0.8183102556198456,716951.625,681104.04375,4834.375,5825.375,False,False
419,14,BCM,5771453538.587739,1228,0.0,0.5794944068738379,796757.1000000001,756919.245,5372.5,6078.25,False,False
419,15,BCM,8723807670.414085,-260,0.0,4.137091687240111,168694.5,160259.775,-1137.5,-3109.125,False,False
419,16,BCM,6629119930.81576,-1008,0.0,0.8108821784453777,654015.6000000001,621314.8200000001,-4410.0,-6859.875,False,False
419,17,BCM,7347789953.87904,1761,0.0,0.5144696842871691,1142580.825,1085451.78375,7704.375,10897.5,False,False
419,18,BCM,5649600056.302359,-1099,0.0,0.6338440584909631,713058.675,677405.74125,-4808.125,-7470.375,False,False
419,19,BCM,6134555308.37942,1416,0.0,0.5341733836876719,918736.2000000001,872799.39,6195.0,8563.125,False,False
419,50,NBCM,6814270.961380681,0,0.0,inf,0.0,0.0,0.0,0.0,False,False
419,51,NBCM,7966086.300848661,0,0.0,inf,0.0,0.0,0.0,0.0,False,False
419,52,NBCM,6959751.059820935,0,0.0,inf,0.0,0.0,0.0,0.0,False,False
419,53,NBCM,8118496.428383067,0,0.0,inf,0.0,0.0,0.0,0.0,False,False
419,54,NBCM,8279073.380285538,0,0.0,inf,0.0,0.0,0.0,0.0,False,False
479,10,BCM,8790439207.926868,-1185,0.0,0.9165564271779543,767257.875,728894.98125,7998.75,507.5,False,False
479,11,BCM,9853488856.474516,446,0.0,2.729745468704875,288773.85000000003,274335.15750000003,-3010.5,-1265.5,False,False
479,12,BCM,8891915747.618809,-177,0.0,6.207104476119028,114603.07500000001,108872.92125,1194.75,-1737.75,False,False
479,13,BCM,7333602480.760171,1239,0.0,0.7313294148531027,802221.525,762110.44875,-8363.25,-2537.875,False,False
479,14,BCM,5771444230.337739,1379,0.0,0.5171151004394172,892868.025,848224.62375,-9308.25,-3230.0,False,False
479,15,BCM,8723809297.164085,-241,0.0,4.472559258832479,156041.475,148239.40125,1626.75,-1482.375,False,False
479,16,BCM,6629127909.31576,-1182,0.0,0.6929563917013054,765315.4500000001,727049.6775,7978.5,1118.625,False,False
479,17,BCM,7347776453.87904,2000,0.0,0.4539342185492283,1294950.0,1230202.5,-13500.0,-2602.5,False,False
479,18,BCM,5649608514.052359,-1253,0.0,0.5571014212391684,811286.175,770721.86625,8457.75,987.375,False,False
479,19,BCM,6134544528.62942,1597,0.0,0.4746182020072083,1034017.5750000001,982316.69625,-10779.75,-2216.625,False,False
479,50,NBCM,6814270.961380681,0,0.0,inf,0.0,0.0,-0.0,0.0,False,False
479,51,NBCM,7966086.300848661,0,0.0,inf,0.0,0.0,-0.0,0.0,False,False
479,52,NBCM,6959751.059820935,0,0.0,inf,0.0,0.0,-0.0,0.0,False,False
479,53,NBCM,8118496.428383067,0,0.0,inf,0.0,0.0,-0.0,0.0,False,False
479,54,NBCM,8279073.380285538,0,0.0,inf,0.0,0.0,-0.0,0.0,False,False
539,10,BCM,8790472676.676868,-1275,0.0,0.8588252869463768,818836.875,777895.03125,33468.75,33976.25,False,False
539,11,BCM,9853473395.224516,589,0.0,2.0838998005936658,378270.525,359356.99875,-15461.25,-16726.75,False,False
539,12,BCM,8891919475.118809,-142,0.0,7.800275757964084,91195.95000000001,86636.15250000001,3727.5,1989.75,False,False
539,13,BCM,7333565232.010171,1419,0.0,0.6437771286194631,911317.275,865751.41125,-37248.75,-39786.625,False,False
539,14,BCM,5771402860.337739,1576,0.0,0.45617129853226707,1012146.6000000001,961539.27,-41370.0,-44600.0,False,False
539,15,BCM,8723814442.164085,-196,0.0,5.544381779965592,125876.1,119582.295,5145.0,3662.625,False,False
539,16,BCM,6629162585.56576,-1321,0.0,0.6251131465946267,848379.2250000001,805960.26375,34676.25,35794.875,False,False
539,17,BCM,7347717391.37904,2250,0.0,0.40679228294709674,1445006.25,1372755.9375,-59062.5,-61665.0,False,False
539,18,BCM,5649645500.302359,-1409,0.0,0.4994741130598974,904895.025,859650.2737499999,36986.25,37973.625,False,False
539,19,BCM,6134497514.87942,1791,0.0,0.4266641847090423,1150224.975,1092713.72625,-47013.75,-49230.375,False,False
539,50,NBCM,6814270.961380681,0,0.0,inf,0.0,0.0,-0.0,0.0,False,False
539,51,NBCM,7966086.300848661,0,0.0,inf,0.0,0.0,-0.0,0.0,False,False
539,52,NBCM,6959751.059820935,0,0.0,inf,0.0,0.0,-0.0,0.0,False,False
539,53,NBCM,8118496.428383067,0,0.0,inf,0.0,0.0,-0.0,0.0,False,False
539,54,NBCM,8279073.380285538,0,0.0,inf,0.0,0.0,-0.0,0.0,False,False
599,10,BCM,8790497723.801868,-1327,0.0,0.830052646583311,847223.15,804861.9924999999,25047.125,59023.375,False,False
599,11,BCM,9853460088.349516,705,0.0,1.7513088426546368,450107.25,427601.88749999995,-13306.875,-30033.625,False,False
599,12,BCM,8891920852.993809,-73,0.0,15.262856602398676,46606.850000000006,44276.50750000001,1377.875,3367.625,False,False
599,13,BCM,7333535447.260171,1578,0.0,0.5823304398404026,1007474.1000000001,957100.395,-29784.75,-69571.375,False,False
599,14,BCM,5771369300.587739,1778,0.0,0.40673374364730097,1135164.1,1078405.895,-33559.75,-78159.75,False,False
599,15,BCM,8723816744.914085,-122,0.0,8.960036918216721,77890.90000000001,73996.35500000001,2302.75,5965.375,False,False
599,16,BCM,6629189954.31576,-1450,0.0,0.5728693104747336,925752.5,879464.875,27368.75,63163.625,False,False
599,17,BCM,7347670656.87904,2476,0.0,0.37184516351908115,1580802.2000000002,1501762.09,-46734.5,-108399.5,False,False
599,18,BCM,5649674379.052359,-1530,0.0,0.46269529433691653,976828.5,927987.075,28878.75,66852.375,False,False
599,19,BCM,6134459330.75442,2023,0.0,0.3799649217338021,1291584.35,1227005.1325,-38184.125,-87414.5,False,False
599,50,NBCM,6814270.961380681,0,0.0,inf,0.0,0.0,-0.0,0.0,False,False
599,51,NBCM,7966086.300848661,0,0.0,inf,0.0,0.0,-0.0,0.0,False,False
599,52,NBCM,6959751.059820935,0,0.0,inf,0.0,0.0,-0.0,0.0,False,False
599,53,NBCM,8118496.428383067,0,0.0,inf,0.0,0.0,-0.0,0.0,False,False
599,54,NBCM,8279073.380285538,0,0.0,inf,0.0,0.0,-0.0,0.0,False,False
659,10,BCM,8790508646.176868,-1481,0.0,0.7454637787596929,943359.9750000001,896191.9762500001,10922.375,69945.75,False,False
659,11,BCM,9853454697.224516,731,0.0,1.6929290085742912,465628.72500000003,442347.28875,-5391.125,-35424.75,False,False
659,12,BCM,8891921996.118809,-155,0.0,7.204959527094467,98731.125,93794.56874999999,1143.125,4510.75,False,False
659,13,BCM,7333522577.885171,1745,0.0,0.527818735137517,1111521.375,1055945.30625,-12869.375,-82440.75,False,False
659,14,BCM,5771354985.712739,1941,0.0,0.37343915523001275,1236368.475,1174550.05125,-14314.875,-92474.625,False,False
659,15,BCM,8723818138.789085,-189,0.0,5.797121448107192,120388.27500000001,114368.86125,1393.875,7359.25,False,False
659,16,BCM,6629202174.69076,-1657,0.0,0.5024656242758199,1055467.575,1002694.1962499999,12220.375,75384.0,False,False
659,17,BCM,7347650242.87904,2768,0.0,0.33338801932449597,1763146.8,1674989.46,-20414.0,-128813.5,False,False
659,18,BCM,5649687314.802359,-1754,0.0,0.40454088730320553,1117254.1500000001,1061391.4425000001,12935.75,79788.125,False,False
659,19,BCM,6134442847.62942,2235,0.0,0.34471898052840716,1423639.125,1352457.16875,-16483.125,-103897.625,False,False
659,50,NBCM,6814270.961380681,0,0.0,inf,0.0,0.0,-0.0,0.0,False,False
659,51,NBCM,7966086.300848661,0,0.0,inf,0.0,0.0,-0.0,0.0,False,False
659,52,NBCM,6959751.059820935,0,0.0,inf,0.0,0.0,-0.0,0.0,False,False
659,53,NBCM,8118496.428383067,0,0.0,inf,0.0,0.0,-0.0,0.0,False,False
659,54,NBCM,8279073.380285538,0,0.0,inf,0.0,0.0,-0.0,0.0,False,False
719,10,BCM,8790534363.676868,-1524,0.0,0.7282913090614866,965606.4,917326.08,25717.5,95663.25,False,False
719,11,BCM,9853440437.849516,845,0.0,1.4723328608346058,535392.0,508622.39999999997,-14259.375,-49684.125,False,False
719,12,BCM,8891923666.743809,-99,0.0,11.340582168584595,62726.4,59590.08,1670.625,6181.375,False,False
719,13,BCM,7333490447.885171,1904,0.0,0.4863160523224081,1206374.4000000001,1146055.6800000002,-32130.0,-114570.75,False,False
719,14,BCM,5771319345.712739,2112,0.0,0.345029326510413,1338163.2000000002,1271255.04,-35640.0,-128114.625,False,False
719,15,BCM,8723820940.039085,-166,0.0,6.635497246591735,105177.6,99918.72,2801.25,10160.5,False,False
719,16,BCM,6629232650.94076,-1806,0.0,0.46346861828002894,1144281.6,1087067.52,30476.25,105860.25,False,False
719,17,BCM,7347599061.00404,3033,0.0,0.3058777296957391,1921708.8,1825623.3599999999,-51181.875,-179995.375,False,False
719,18,BCM,5649718432.302359,-1844,0.0,0.38684831177161794,1168358.4000000001,1109940.48,31117.5,110905.625,False,False
719,19,BCM,6134400795.12942,2492,0.0,0.3108128230098649,1578931.2000000002,1499984.6400000001,-42052.5,-145950.125,False,False
719,50,NBCM,6814270.961380681,0,0.0,inf,0.0,0.0,-0.0,0.0,False,False
719,51,NBCM,7966086.300848661,0,0.0,inf,0.0,0.0,-0.0,0.0,False,False
719,52,NBCM,6959751.059820935,0,0.0,inf,0.0,0.0,-0.0,0.0,False,False
719,53,NBCM,8118496.428383067,0,0.0,inf,0.0,0.0,-0.0,0.0,False,False
719,54,NBCM,8279073.380285538,0,0.0,inf,0.0,0.0,-0.0,0.0,False,False
779,10,BCM,8790590062.176868,-1558,0.0,0.7205334509423627,976009.1000000001,927208.645,55698.5,151361.75,True,False
779,11,BCM,9853405510.099516,977,0.0,1.2879392126466578,612041.65,581439.5675,-34927.75,-84611.875,True,False
779,12,BCM,8891926919.993809,-91,0.0,12.478375945380426,57006.950000000004,54156.6025,3253.25,9434.625,True,False
779,13,BCM,7333415944.885171,2084,0.0,0.44937838310383915,1305521.8,1240245.71,-74503.0,-189073.75,True,False
779,14,BCM,5771236834.712739,2308,0.0,0.31932775356460297,1445846.6,1373554.27,-82511.0,-210625.625,True,False
779,15,BCM,8723826767.289085,-163,0.0,6.834755797304872,102111.35,97005.7825,5827.25,15987.75,True,False
779,16,BCM,6629301326.69076,-1921,0.0,0.4407009313698919,1203410.45,1143239.9275,68675.75,174536.0,True,False
779,17,BCM,7347482587.50404,3258,0.0,0.2879990525114077,2040974.1,1938925.395,-116473.5,-296468.875,True,False
779,18,BCM,5649788323.552359,-1955,0.0,0.369053211084658,1224709.75,1163474.2625,69891.25,180796.875,True,False
779,19,BCM,6134305592.87942,2663,0.0,0.2941696165716288,1668236.35,1584824.5325,-95202.25,-241152.375,True,False
779,50,NBCM,6814270.961380681,0,0.0,inf,0.0,0.0,-0.0,0.0,False,False
779,51,NBCM,7966086.300848661,0,0.0,inf,0.0,0.0,-0.0,0.0,False,False
779,52,NBCM,6959751.059820935,0,0.0,inf,0.0,0.0,-0.0,0.0,False,False
779,53,NBCM,8118496.428383067,0,0.0,inf,0.0,0.0,-0.0,0.0,False,False
779,54,NBCM,8279073.380285538,0,0.0,inf,0.0,0.0,-0.0,0.0,False,False
839,10,BCM,8790575475.926868,-1667,0.0,0.6715429006597434,1047209.4,994848.9299999999,-14586.25,136775.5,False,False
839,11,BCM,9853413840.099516,952,0.0,1.3180801810828746,598046.4,568144.08,8330.0,-76281.875,False,False
839,12,BCM,8891925554.993809,-156,0.0,7.258773994068367,97999.20000000001,93099.24,-1365.0,8069.625,False,False
839,13,BCM,7333435439.885171,2228,0.0,0.41916435261930274,1399629.6,1329648.12,19495.0,-169578.75,False,False
839,14,BCM,5771258473.462739,2473,0.0,0.29719292322509344,1553538.6,1475861.67,21638.75,-188986.875,False,False
839,15,BCM,8723824807.289085,-224,0.0,4.9596493423893016,140716.80000000002,133680.96000000002,-1960.0,14027.75,False,False
839,16,BCM,6629283117.94076,-2081,0.0,0.40568275011299054,1307284.2000000002,1241919.9900000002,-18208.75,156327.25,False,False
839,17,BCM,7347513256.25404,3505,0.0,0.2669589041626181,2201841.0,2091748.95,30668.75,-265800.125,False,False
839,18,BCM,5649769931.052359,-2102,0.0,0.34228676444667144,1320476.4000000001,1254452.58,-18392.5,162404.375,False,False
839,19,BCM,6134330346.62942,2829,0.0,0.2761380587414234,1777177.8,1688318.91,24753.75,-216398.625,False,False
839,50,NBCM,6814270.961380681,0,0.0,inf,0.0,0.0,0.0,0.0,False,False
839,51,NBCM,7966086.300848661,0,0.0,inf,0.0,0.0,0.0,0.0,False,False
839,52,NBCM,6959751.059820935,0,0.0,inf,0.0,0.0,0.0,0.0,False,False
839,53,NBCM,8118496.428383067,0,0.0,inf,0.0,0.0,0.0,0.0,False,False
839,54,NBCM,8279073.380285538,0,0.0,inf,0.0,0.0,0.0,0.0,False,False
899,10,BCM,8790538339.301868,-1779,0.0,0.6251076573724259,1124995.125,1068745.36875,-37136.625,99638.875,False,False
899,11,BCM,9853433420.849516,938,0.0,1.3289236875537507,593167.75,563509.3624999999,19580.75,-56701.125,False,False
899,12,BCM,8891921505.243809,-194,0.0,5.798413527953691,122680.75,116546.7125,-4049.75,4019.875,False,False
899,13,BCM,7333484642.260171,2357,0.0,0.39360997766000644,1490507.875,1415982.48125,49202.375,-120376.375,False,False
899,14,BCM,5771312518.837739,2589,0.0,0.2820056673894742,1637218.875,1555357.93125,54045.375,-134941.5,False,False
899,15,BCM,8723819484.164085,-255,0.0,4.327945513423962,161255.625,153192.84375,-5323.125,8704.625,False,False
899,16,BCM,6629236817.19076,-2218,0.0,0.3781092364385273,1402607.75,1332477.3625,-46300.75,110026.5,False,False
899,17,BCM,7347590806.87904,3715,0.0,0.25020814238034716,2349273.125,2231809.46875,77550.625,-188249.5,False,False
899,18,BCM,5649723087.552359,-2244,0.0,0.3185074565786385,1419049.5,1348097.025,-46843.5,115560.875,False,False
899,19,BCM,6134392366.25442,2971,0.0,0.2612066284555692,1878786.125,1784846.8187499999,62019.625,-154379.0,False,False
899,50,NBCM,6814270.961380681,0,0.0,inf,0.0,0.0,0.0,0.0,False,False
899,51,NBCM,7966086.300848661,0,0.0,inf,0.0,0.0,0.0,0.0,False,False
899,52,NBCM,6959751.059820935,0,0.0,inf,0.0,0.0,0.0,0.0,False,False
899,53,NBCM,8118496.428383067,0,0.0,inf,0.0,0.0,0.0,0.0,False,False
899,54,NBCM,8279073.380285538,0,0.0,inf,0.0,0.0,0.0,0.0,False,False
959,10,BCM,8790513271.676868,-1947,0.0,0.5688512829400723,1236247.6500000001,1174435.2675,-25067.625,74571.25,False,False
959,11,BCM,9853445330.224516,925,0.0,1.3421369657418631,587328.75,557962.3125,11909.375,-44791.75,False,False
959,12,BCM,8891918325.118809,-247,0.0,4.535748557519781,156832.65,148991.0175,-3180.125,839.75,False,False
959,13,BCM,7333516456.385171,2471,0.0,0.3739297205236073,1568961.4500000002,1490513.3775000002,31814.125,-88562.25,False,False
959,14,BCM,5771346392.962739,2631,0.0,0.2763800891477128,1670553.4500000002,1587025.7775,33874.125,-101067.375,False,False
959,15,BCM,8723815106.664085,-340,0.0,3.2327937287008557,215883.0,205088.84999999998,-4377.5,4327.125,False,False
959,16,BCM,6629206239.06576,-2375,0.0,0.3516805710356046,1508006.25,1432605.9375,-30578.125,79448.375,False,False
959,17,BCM,7347641920.62904,3970,0.0,0.23318893339955293,2520751.5,2394713.925,51113.75,-137135.75,False,False
959,18,BCM,5649691930.052359,-2420,0.0,0.29414390955765285,1536579.0,1459750.05,-31157.5,84403.375,False,False
959,19,BCM,6134432381.75442,3108,0.0,0.24868170313694965,1973424.6,1874753.37,40015.5,-114363.5,False,False
959,50,NBCM,6814270.961380681,0,0.0,inf,0.0,0.0,0.0,0.0,False,False
959,51,NBCM,7966086.300848661,0,0.0,inf,0.0,0.0,0.0,0.0,False,False
959,52,NBCM,6959751.059820935,0,0.0,inf,0.0,0.0,0.0,0.0,False,False
959,53,NBCM,8118496.428383067,0,0.0,inf,0.0,0.0,0.0,0.0,False,False
959,54,NBCM,8279073.380285538,0,0.0,inf,0.0,0.0,0.0,0.0,False,False
1019,10,BCM,8790550090.301868,-2089,0.0,0.5331455971808654,1319046.8250000002,1253094.4837500001,36818.625,111389.875,False,False
1019,11,BCM,9853428128.224516,976,0.0,1.2791036834098926,616270.8,585457.26,-17202.0,-61993.75,False,False
1019,12,BCM,8891922819.493809,-255,0.0,4.417979720998362,161013.375,152962.70625,4494.375,5334.125,False,False
1019,13,BCM,7333470543.260171,2605,0.0,0.35667283874070216,1644862.125,1562619.0187499998,-45913.125,-134475.375,False,False
1019,14,BCM,5771296831.462739,2812,0.0,0.2600317084705045,1775567.1,1686788.745,-49561.5,-150628.875,False,False
1019,15,BCM,8723822121.414085,-398,0.0,2.777102719572948,251307.15000000002,238741.7925,7014.75,11341.875,False,False
1019,16,BCM,6629250601.19076,-2517,0.0,0.333694797046323,1589296.725,1509831.88875,44362.125,123810.5,False,False
1019,17,BCM,7347567666.50404,4213,0.0,0.22096340277360957,2660193.5250000004,2527183.8487500004,-74254.125,-211389.875,False,False
1019,18,BCM,5649737896.052359,-2608,0.0,0.27446623658738395,1646756.4000000001,1564418.58,45966.0,130369.375,False,False
1019,19,BCM,6134374518.87942,3283,0.0,0.23673780608646972,2072968.2750000001,1969319.86125,-57862.875,-172226.375,False,False
1019,50,NBCM,6814270.961380681,0,0.0,inf,0.0,0.0,-0.0,0.0,False,False
1019,51,NBCM,7966086.300848661,0,0.0,inf,0.0,0.0,-0.0,0.0,False,False
1019,52,NBCM,6959751.059820935,0,0.0,inf,0.0,0.0,-0.0,0.0,False,False
1019,53,NBCM,8118496.428383067,0,0.0,inf,0.0,0.0,-0.0,0.0,False,False
1019,54,NBCM,8279073.380285538,0,0.0,inf,0.0,0.0,-0.0,0.0,False,False
1079,10,BCM,8790583960.551868,-2221,0.0,0.5038952407788752,1395620.875,1325839.83125,33870.25,145260.125,False,False
1079,11,BCM,9853412420.724516,1030,0.0,1.2179249430287495,647226.25,614864.9375,-15707.5,-77701.25,False,False
1079,12,BCM,8891926769.243809,-259,0.0,4.370863078615659,162749.125,154611.66874999998,3949.75,9283.875,False,False
1079,13,BCM,7333428407.510171,2763,0.0,0.33790705584750125,1736200.125,1649390.11875,-42135.75,-176611.125,False,False
1079,14,BCM,5771251340.712739,2983,0.0,0.24631327793082977,1874442.625,1780720.49375,-45490.75,-196119.625,False,False
1079,15,BCM,8723828602.664085,-425,0.0,2.613300088091372,267059.375,253706.40625,6481.25,17823.125,False,False
1079,16,BCM,6629291272.94076,-2667,0.0,0.31645734068516596,1675876.125,1592082.3187499999,40671.75,164482.25,False,False
1079,17,BCM,7347499483.75404,4471,0.0,0.20922134184206828,2809464.625,2668991.39375,-68182.75,-279572.625,False,False
1079,18,BCM,5649779665.802359,-2739,0.0,0.2626095815791883,1721119.125,1635063.16875,41769.75,172139.125,False,False
1079,19,BCM,6134321479.37942,3478,0.0,0.22454740644355037,2185488.25,2076213.8375,-53039.5,-225265.875,False,False
1079,50,NBCM,6814270.961380681,0,0.0,inf,0.0,0.0,-0.0,0.0,False,False
1079,51,NBCM,7966086.300848661,0,0.0,inf,0.0,0.0,-0.0,0.0,False,False
1079,52,NBCM,6959751.059820935,0,0.0,inf,0.0,0.0,-0.0,0.0,False,False
1079,53,NBCM,8118496.428383067,0,0.0,inf,0.0,0.0,-0.0,0.0,False,False
1079,54,NBCM,8279073.380285538,0,0.0,inf,0.0,0.0,-0.0,0.0,False,False
1139,10,BCM,8790650631.551868,-2299,0.0,0.49133800557150836,1431299.925,1359734.92875,66671.0,211931.125,False,False
1139,11,BCM,9853379273.724516,1143,0.0,1.107738574256688,711603.2250000001,676023.0637500001,-33147.0,-110848.25,False,False
1139,12,BCM,8891935295.243809,-294,0.0,3.8863979922070677,183037.05000000002,173885.1975,8526.0,17809.875,False,False
1139,13,BCM,7333342567.510171,2960,0.0,0.3183527250058951,1842822.0,1750680.9,-85840.0,-262451.125,False,False
1139,14,BCM,5771159062.712739,3182,0.0,0.23305647787306344,1981033.6500000001,1881981.9675,-92278.0,-288397.625,False,False
1139,15,BCM,8723840898.664085,-424,0.0,2.6438705645569973,263971.8,250773.20999999996,12296.0,30119.125,False,False
1139,16,BCM,6629371515.94076,-2767,0.0,0.30786584366584024,1722665.0250000001,1636531.7737500002,80243.0,244725.25,False,False
1139,17,BCM,7347362139.75404,4736,0.0,0.1993508363736172,2948515.2,2801089.44,-137344.0,-416916.625,False,False
1139,18,BCM,5649863243.802359,-2882,0.0,0.2519081793105695,1794261.1500000001,1704548.0925,83578.0,255717.125,False,False
1139,19,BCM,6134214295.37942,3696,0.0,0.21326780098572662,2301037.2,2185985.34,-107184.0,-332449.875,False,False
1139,50,NBCM,6814270.961380681,0,0.0,inf,0.0,0.0,-0.0,0.0,False,False
1139,51,NBCM,7966086.300848661,0,0.0,inf,0.0,0.0,-0.0,0.0,False,False
1139,52,NBCM,6959751.059820935,0,0.0,inf,0.0,0.0,-0.0,0.0,False,False
1139,53,NBCM,8118496.428383067,0,0.0,inf,0.0,0.0,-0.0,0.0,False,False
1139,54,NBCM,8279073.380285538,0,0.0,inf,0.0,0.0,-0.0,0.0,False,False
1199,10,BCM,8790637887.426868,-2371,0.0,0.4755956753515638,1478674.1500000001,1404740.4425000001,-12744.125,199187.0,False,False
1199,11,BCM,9853385594.724516,1176,0.0,1.0747989092875458,733412.4,696741.78,6321.0,-104527.25,False,False
1199,12,BCM,8891933516.118809,-331,0.0,3.4460158718154705,206428.15000000002,196106.74250000002,-1779.125,16030.75,False,False
1199,13,BCM,7333359536.385171,3157,0.0,0.2979733724551404,1968863.05,1870419.8975,16968.875,-245482.25,False,False
1199,14,BCM,5771177380.712739,3408,0.0,0.2172270463153553,2125399.2,2019129.24,18318.0,-270079.625,False,False
1199,15,BCM,8723838388.539085,-467,0.0,2.3962922948536782,291244.55,276682.32249999995,-2510.125,27609.0,False,False
1199,16,BCM,6629355955.31576,-2895,0.0,0.2937459116459834,1805466.75,1715193.4124999999,-15560.625,229164.625,False,False
1199,17,BCM,7347388789.00404,4958,0.0,0.19009712956438451,3092056.7,2937453.865,26649.25,-390267.375,False,False
1199,18,BCM,5649847022.052359,-3018,0.0,0.2401411099740522,1882175.7000000002,1788066.915,-16221.75,239495.375,False,False
1199,19,BCM,6134235397.62942,3926,0.0,0.20042837380922257,2448449.9,2326027.405,21102.25,-311347.625,False,False
1199,50,NBCM,6814270.961380681,0,0.0,inf,0.0,0.0,0.0,0.0,False,False
1199,51,NBCM,7966086.300848661,0,0.0,inf,0.0,0.0,0.0,0.0,False,False
1199,52,NBCM,6959751.059820935,0,0.0,inf,0.0,0.0,0.0,0.0,False,False
1199,53,NBCM,8118496.428383067,0,0.0,inf,0.0,0.0,0.0,0.0,False,False
1199,54,NBCM,8279073.380285538,0,0.0,inf,0.0,0.0,0.0,0.0,False,False
1259,10,BCM,8790655657.176868,-2494,0.0,0.4531764676376581,1551829.1500000001,1474237.6925000001,17769.75,216956.75,False,False
1259,11,BCM,9853376752.599516,1241,0.0,1.0208356726207133,772181.2250000001,733572.1637500001,-8842.125,-113369.375,False,False
1259,12,BCM,8891935981.368809,-346,0.0,3.3041728558476153,215289.85,204525.35749999998,2465.25,18496.0,False,False
1259,13,BCM,7333336137.885171,3284,0.0,0.28710514442018475,2043386.9000000001,1941217.555,-23398.5,-268880.75,False,False
1259,14,BCM,5771151937.337739,3571,0.0,0.20778547649891776,2221965.475,2110867.20125,-25443.375,-295523.0,False,False
1259,15,BCM,8723842136.289085,-526,0.0,2.1323799216907156,327290.35000000003,310925.8325,3747.75,31356.75,False,False
1259,16,BCM,6629377551.19076,-3031,0.0,0.2812090851816301,1885963.975,1791665.77625,21595.875,250760.5,False,False
1259,17,BCM,7347351788.87904,5193,0.0,0.1819093584636752,3231214.4250000003,3069653.7037500003,-37000.125,-427267.5,False,False
1259,18,BCM,5649869651.052359,-3176,0.0,0.22871806340767045,1976186.6,1877377.27,22629.0,262124.375,False,False
1259,19,BCM,6134205999.87942,4126,0.0,0.19114883850280845,2567300.35,2438935.3325,-29397.75,-340745.375,False,False
1259,50,NBCM,6814270.961380681,0,0.0,inf,0.0,0.0,-0.0,0.0,False,False
1259,51,NBCM,7966086.300848661,0,0.0,inf,0.0,0.0,-0.0,0.0,False,False
1259,52,NBCM,6959751.059820935,0,0.0,inf,0.0,0.0,-0.0,0.0,False,False
1259,53,NBCM,8118496.428383067,0,0.0,inf,0.0,0.0,-0.0,0.0,False,False
1259,54,NBCM,8279073.380285538,0,0.0,inf,0.0,0.0,-0.0,0.0,False,False
1319,10,BCM,8790699592.926868,-2547,0.0,0.44622276424211416,1576019.925,1497218.92875,43935.75,260892.5,False,False
1319,11,BCM,9853352654.349516,1397,0.0,0.9118950297986832,864428.675,821207.24125,-24098.25,-137467.625,False,False
1319,12,BCM,8891940311.118809,-251,0.0,4.580153628237675,155312.525,147546.89875,4329.75,22825.75,False,False
1319,13,BCM,7333276435.635171,3461,0.0,0.2739388860176225,2141580.275,2034501.2612499997,-59702.25,-328583.0,False,False
1319,14,BCM,5771087077.337739,3760,0.0,0.19843899115488955,2326594.0,2210264.3,-64860.0,-360383.0,False,False
1319,15,BCM,8723850450.789085,-482,0.0,2.3400137102071965,298249.55,283337.07249999995,8314.5,39671.25,False,False
1319,16,BCM,6629431405.69076,-3122,0.0,0.27453682752230707,1931815.55,1835224.7725,53854.5,304615.0,False,False
1319,17,BCM,7347257724.62904,5453,0.0,0.17419954030471335,3374180.075,3205471.07125,-94064.25,-521331.75,False,False
1319,18,BCM,5649926024.052359,-3268,0.0,0.223520799315003,2022156.7000000002,1921048.865,56373.0,318497.375,False,False
1319,19,BCM,6134131790.37942,4302,0.0,0.18434863428698367,2661970.0500000003,2528871.5475000003,-74209.5,-414954.875,False,False
1319,50,NBCM,6814270.961380681,0,0.0,inf,0.0,0.0,-0.0,0.0,False,False
1319,51,NBCM,7966086.300848661,0,0.0,inf,0.0,0.0,-0.0,0.0,False,False
1319,52,NBCM,6959751.059820935,0,0.0,inf,0.0,0.0,-0.0,0.0,False,False
1319,53,NBCM,8118496.428383067,0,0.0,inf,0.0,0.0,-0.0,0.0,False,False
1319,54,NBCM,8279073.380285538,0,0.0,inf,0.0,0.0,-0.0,0.0,False,False
1379,10,BCM,8790639098.426868,-2588,0.0,0.43585751264319406,1613488.6,1532814.17,-60494.5,200398.0,False,False
1379,11,BCM,9853387950.599516,1510,0.0,0.8373306579633637,941409.5,894339.0249999999,35296.25,-102171.375,False,False
1379,12,BCM,8891935028.368809,-226,0.0,5.048660872021053,140899.7,133854.715,-5282.75,17543.0,False,False
1379,13,BCM,7333360375.260171,3591,0.0,0.26204506196065264,2238808.95,2126868.5025,83939.625,-244643.375,False,False
1379,14,BCM,5771178450.212739,3909,0.0,0.18944676366773855,2437066.0500000003,2315212.7475,91372.875,-269010.125,False,False
1379,15,BCM,8723840329.414085,-433,0.0,2.5852834710567265,269953.85000000003,256456.15750000003,-10121.375,29549.875,False,False
1379,16,BCM,6629356816.06576,-3191,0.0,0.26658330536773417,1989428.9500000002,1889957.5025000002,-74589.625,230025.375,False,False
1379,17,BCM,7347390518.00404,5681,0.0,0.16595742661030424,3541819.45,3364728.4775,132793.375,-388538.375,False,False
1379,18,BCM,5649847717.802359,-3350,0.0,0.21641147893902307,2088557.5,1984129.625,-78306.25,240191.125,False,False
1379,19,BCM,6134235528.62942,4438,0.0,0.1773623795811643,2766871.1,2628527.545,103738.25,-311216.625,False,False
1379,50,NBCM,6814270.961380681,0,0.0,inf,0.0,0.0,0.0,0.0,False,False
1379,51,NBCM,7966086.300848661,0,0.0,inf,0.0,0.0,0.0,0.0,False,False
1379,52,NBCM,6959751.059820935,0,0.0,inf,0.0,0.0,0.0,0.0,False,False
1379,53,NBCM,8118496.428383067,0,0.0,inf,0.0,0.0,0.0,0.0,False,False
1379,54,NBCM,8279073.380285538,0,0.0,inf,0.0,0.0,0.0,0.0,False,False
1439,10,BCM,8790613448.426868,-2700,0.0,0.4165069492190444,1688445.0,1604022.75,-25650.0,174748.0,False,False
1439,11,BCM,9853402713.599516,1554,0.0,0.811151641400467,971793.9,923204.205,14763.0,-87408.375,False,False
1439,12,BCM,8891932719.868809,-243,0.0,4.681194942943916,151960.05000000002,144362.04750000002,-2308.5,15234.5,False,False
1439,13,BCM,7333395487.260171,3696,0.0,0.2538282626581122,2311293.6,2195728.92,35112.0,-209531.375,False,False
1439,14,BCM,5771216887.212739,4046,0.0,0.18247709151467137,2530166.1,2403657.795,38437.0,-230573.125,False,False
1439,15,BCM,8723835607.914085,-497,0.0,2.2455251172281208,310798.95,295259.0025,-4721.5,24828.375,False,False
1439,16,BCM,6629325010.06576,-3348,0.0,0.25330904337788795,2093671.8,1988988.21,-31806.0,198219.375,False,False
1439,17,BCM,7347446777.00404,5922,0.0,0.1587211781896088,3703322.7,3518156.565,56259.0,-332279.375,False,False
1439,18,BCM,5649814657.802359,-3480,0.0,0.20769296670838522,2176218.0,2067407.0999999999,-33060.0,207131.125,False,False
1439,19,BCM,6134279238.12942,4601,0.0,0.1705603745798388,2877235.35,2733373.5825,43709.5,-267507.125,False,False
1439,50,NBCM,6814270.961380681,0,0.0,inf,0.0,0.0,0.0,0.0,False,False
1439,51,NBCM,7966086.300848661,0,0.0,inf,0.0,0.0,0.0,0.0,False,False
1439,52,NBCM,6959751.059820935,0,0.0,inf,0.0,0.0,0.0,0.0,False,False
1439,53,NBCM,8118496.428383067,0,0.0,inf,0.0,0.0,0.0,0.0,False,False
1439,54,NBCM,8279073.380285538,0,0.0,inf,0.0,0.0,0.0,0.0,False,False
1499,10,BCM,8790556031.801868,-2853,0.0,0.3916472432442371,1795606.875,1705826.53125,-57416.625,117331.375,False,False
1499,11,BCM,9853432901.099516,1500,0.0,0.834981404396384,944062.5,896859.375,30187.5,-57220.875,False,False
1499,12,BCM,8891926279.868809,-320,0.0,3.5320461886271337,201400.0,191330.0,-6440.0,8794.5,False,False
1499,13,BCM,7333471459.135171,3775,0.0,0.2469295979190177,2375890.625,2257096.09375,75971.875,-133559.5,False,False
1499,14,BCM,5771300104.087739,4135,0.0,0.17741022355560185,2602465.625,2472342.34375,83216.875,-147356.25,False,False
1499,15,BCM,8723823090.164085,-622,0.0,1.782776761289946,391471.25,371897.6875,-12517.75,12310.625,False,False
1499,16,BCM,6629254009.06576,-3528,0.0,0.23884523560710436,2220435.0,2109413.25,-71001.0,127218.375,False,False
1499,17,BCM,7347571471.50404,6196,0.0,0.1507345848833051,3899607.5,3704627.125,124694.5,-207584.875,False,False
1499,18,BCM,5649741040.552359,-3658,0.0,0.19632035923242114,2302253.75,2187141.0625,-73617.25,133513.875,False,False
1499,19,BCM,6134373886.00442,4703,0.0,0.16579665442235328,2959950.625,2811953.09375,94647.875,-172859.25,False,False
1499,50,NBCM,6814270.961380681,0,0.0,inf,0.0,0.0,0.0,0.0,False,False
1499,51,NBCM,7966086.300848661,0,0.0,inf,0.0,0.0,0.0,0.0,False,False
1499,52,NBCM,6959751.059820935,0,0.0,inf,0.0,0.0,0.0,0.0,False,False
1499,53,NBCM,8118496.428383067,0,0.0,inf,0.0,0.0,0.0,0.0,False,False
1499,54,NBCM,8279073.380285538,0,0.0,inf,0.0,0.0,0.0,0.0,False,False
1559,10,BCM,8790729522.301868,-2972,0.0,0.38307913511055397,1835804.4000000001,1744014.18,173490.5,290821.875,True,False
1559,11,BCM,9853339501.099516,1600,0.0,0.7975829286951203,988320.0,938904.0,-93400.0,-150620.875,True,False
1559,12,BCM,8891944200.993809,-307,0.0,3.751204484427651,189633.90000000002,180152.20500000002,17921.125,26715.625,True,False
1559,13,BCM,7333238192.635171,3996,0.0,0.23767455954044286,2468329.2,2344912.74,-233266.5,-366826.0,True,False
1559,14,BCM,5771045589.087739,4360,0.0,0.17142746439032455,2693172.0,2558513.4,-254515.0,-401871.25,True,False
1559,15,BCM,8723862318.164085,-672,0.0,1.681325947671486,415094.4,394339.68,39228.0,51538.625,True,False
1559,16,BCM,6629468653.94076,-3677,0.0,0.23350569509208244,2271282.9,2157718.755,214644.875,341863.25,True,False
1559,17,BCM,7347191917.25404,6502,0.0,0.14634800439737752,4016285.4000000004,3815471.1300000004,-379554.25,-587139.125,True,False
1559,18,BCM,5649964558.427359,-3829,0.0,0.19110530491536865,2365173.3000000003,2246914.6350000002,223517.875,357031.75,True,False
1559,19,BCM,6134087206.37942,4911,0.0,0.1617679185240699,3033524.7,2881848.465,-286679.625,-459538.875,True,False
1559,50,NBCM,6814270.961380681,0,0.0,inf,0.0,0.0,-0.0,0.0,False,False
1559,51,NBCM,7966086.300848661,0,0.0,inf,0.0,0.0,-0.0,0.0,False,False
1559,52,NBCM,6959751.059820935,0,0.0,inf,0.0,0.0,-0.0,0.0,False,False
1559,53,NBCM,8118496.428383067,0,0.0,inf,0.0,0.0,-0.0,0.0,False,False
1559,54,NBCM,8279073.380285538,0,0.0,inf,0.0,0.0,-0.0,0.0,False,False
1619,10,BCM,8790714407.301868,-3023,0.0,0.3760069693495012,1870330.1,1776813.595,-15115.0,275706.875,False,False
1619,11,BCM,9853348231.099516,1746,0.0,0.7297085975896707,1080250.2,1026237.69,8730.0,-141890.875,False,False
1619,12,BCM,8891943115.993809,-217,0.0,5.2984252642079515,134257.9,127545.00499999999,-1085.0,25630.625,False,False
1619,13,BCM,7333259337.635171,4229,0.0,0.22421735740800297,2616482.3000000003,2485658.185,21145.0,-345681.0,False,False
1619,14,BCM,5771068304.087739,4543,0.0,0.16425679653976813,2810754.1,2670216.395,22715.0,-379156.25,False,False
1619,15,BCM,8723859158.164085,-632,0.0,1.7848488271987375,391018.4,371467.48,-3160.0,48378.625,False,False
1619,16,BCM,6629449668.94076,-3797,0.0,0.22575987274466078,2349203.9,2231743.7049999996,-18985.0,322878.25,False,False
1619,17,BCM,7347225847.25404,6786,0.0,0.13999721800055154,4198498.2,3988573.29,33930.0,-553209.125,False,False
1619,18,BCM,5649944703.427359,-3971,0.0,0.18397303851752939,2456857.7,2334014.815,-19855.0,337176.75,False,False
1619,19,BCM,6134112831.37942,5125,0.0,0.1547632215496233,3170837.5,3012295.625,25625.0,-433913.875,False,False
1619,50,NBCM,6814270.961380681,0,0.0,inf,0.0,0.0,0.0,0.0,False,False
1619,51,NBCM,7966086.300848661,0,0.0,inf,0.0,0.0,0.0,0.0,False,False
1619,52,NBCM,6959751.059820935,0,0.0,inf,0.0,0.0,0.0,0.0,False,False
1619,53,NBCM,8118496.428383067,0,0.0,inf,0.0,0.0,0.0,0.0,False,False
1619,54,NBCM,8279073.380285538,0,0.0,inf,0.0,0.0,0.0,0.0,False,False
1679,10,BCM,8790868907.426868,-3067,0.0,0.37675430821284833,1866652.875,1773320.23125,154500.125,430207.0,True,False
1679,11,BCM,9853253626.849516,1878,0.0,0.6896429062506565,1142997.75,1085847.8625,-94604.25,-236495.125,True,False
1679,12,BCM,8891951276.743809,-162,0.0,7.21476615361488,98597.25,93667.3875,8160.75,33791.375,True,False
1679,13,BCM,7333037989.885171,4394,0.0,0.2193633560470728,2674298.25,2540583.3375,-221347.75,-567028.75,True,False
1679,14,BCM,5770829728.087739,4736,0.0,0.16016468579728727,2882448.0,2738325.6,-238576.0,-617732.25,True,False
1679,15,BCM,8723890390.664085,-620,0.0,1.8495186300508863,377347.5,358480.125,31232.5,79611.125,True,False
1679,16,BCM,6629646332.94076,-3904,0.0,0.22321365120049425,2376072.0,2257268.4,196664.0,519542.25,True,False
1679,17,BCM,7346871912.50404,7026,0.0,0.137446764904681,4276199.25,4062389.2874999996,-353934.75,-907143.875,True,False
1679,18,BCM,5650149981.552359,-4075,0.0,0.18225210897003374,2480146.875,2356139.53125,205278.125,542454.875,True,False
1679,19,BCM,6133845944.62942,5298,0.0,0.1521812369146314,3224495.25,3063270.4875,-266886.75,-700800.625,True,False
1679,50,NBCM,6814270.961380681,0,0.0,inf,0.0,0.0,-0.0,0.0,False,False
1679,51,NBCM,7966086.300848661,0,0.0,inf,0.0,0.0,-0.0,0.0,False,False
1679,52,NBCM,6959751.059820935,0,0.0,inf,0.0,0.0,-0.0,0.0,False,False
1679,53,NBCM,8118496.428383067,0,0.0,inf,0.0,0.0,-0.0,0.0,False,False
1679,54,NBCM,8279073.380285538,0,0.0,inf,0.0,0.0,-0.0,0.0,False,False
1739,10,BCM,8790889444.926868,-3100,0.0,0.3735578183680009,1882630.0,1788498.5,20537.5,450744.5,False,False
1739,11,BCM,9853240648.474516,1959,0.0,0.6625693772206416,1189700.7,1130215.6649999998,-12978.375,-249473.5,False,False
1739,12,BCM,8891951998.868809,-109,0.0,10.74625934780514,66195.7,62885.91499999999,722.125,34513.5,False,False
1739,13,BCM,7333007932.260171,4537,0.0,0.21291197149137542,2755320.1,2617554.0949999997,-30057.625,-597086.375,False,False
1739,14,BCM,5770797192.712739,4911,0.0,0.1547934513500591,2982450.3000000003,2833327.785,-32535.375,-650267.625,False,False
1739,15,BCM,8723894286.164085,-588,0.0,1.9544284417510056,357092.4,339237.78,3895.5,83506.625,False,False
1739,16,BCM,6629672892.56576,-4009,0.0,0.217842569271527,2434665.7,2312932.415,26559.625,546101.875,False,False
1739,17,BCM,7346823868.00404,7252,0.0,0.13345306071595078,4404139.600000001,4183932.62,-48044.5,-955188.375,False,False
1739,18,BCM,5650177713.802359,-4186,0.0,0.17780730098823475,2542157.8000000003,2415049.91,27732.25,570187.125,False,False
1739,19,BCM,6133809785.37942,5458,0.0,0.14804150058203958,3314643.4000000004,3148911.23,-36159.25,-736959.875,False,False
1739,50,NBCM,6814270.961380681,0,0.0,inf,0.0,0.0,-0.0,0.0,False,False
1739,51,NBCM,7966086.300848661,0,0.0,inf,0.0,0.0,-0.0,0.0,False,False
1739,52,NBCM,6959751.059820935,0,0.0,inf,0.0,0.0,-0.0,0.0,False,False
1739,53,NBCM,8118496.428383067,0,0.0,inf,0.0,0.0,-0.0,0.0,False,False
1739,54,NBCM,8279073.380285538,0,0.0,inf,0.0,0.0,-0.0,0.0,False,False
1799,10,BCM,8790785087.426868,-3211,0.0,0.35682104444965496,1970911.8,1872366.21,-104357.5,346387.0,True,False
1799,11,BCM,9853305518.474516,1996,0.0,0.6434051236049496,1225144.8,1163887.56,64870.0,-184603.5,True,False
1799,12,BCM,8891947546.368809,-137,0.0,8.459397408384584,84090.6,79886.07,-4452.5,30061.0,True,False
1799,13,BCM,7333160064.760171,4681,0.0,0.2041811410202297,2873197.8000000003,2729537.91,152132.5,-444953.875,True,False
1799,14,BCM,5770963690.212739,5123,0.0,0.1468206318812727,3144497.4000000004,2987272.5300000003,166497.5,-483770.125,True,False
1799,15,BCM,8723874038.664085,-623,0.0,1.8250906598557595,382397.4,363277.53,-20247.5,63259.125,True,False
1799,16,BCM,6629537627.56576,-4162,0.0,0.20760808712023773,2554635.6,2426903.82,-135265.0,410836.875,True,False
1799,17,BCM,7347067780.50404,7505,0.0,0.12759288364948473,4606569.0,4376240.55,243912.5,-711275.875,True,False
1799,18,BCM,5650036403.802359,-4348,0.0,0.16936544732730632,2668802.4000000004,2535362.2800000003,-141310.0,428877.125,True,False
1799,19,BCM,6133993377.87942,5649,0.0,0.14152554336077547,3467356.2,3293988.39,183592.5,-553367.375,True,False
1799,50,NBCM,6814270.961380681,0,0.0,inf,0.0,0.0,0.0,0.0,False,False
1799,51,NBCM,7966086.300848661,0,0.0,inf,0.0,0.0,0.0,0.0,False,False
1799,52,NBCM,6959751.059820935,0,0.0,inf,0.0,0.0,0.0,0.0,False,False
1799,53,NBCM,8118496.428383067,0,0.0,inf,0.0,0.0,0.0,0.0,False,False
1799,54,NBCM,8279073.380285538,0,0.0,inf,0.0,0.0,0.0,0.0,False,False
1859,10,BCM,8790682891.801868,-3337,0.0,0.339951720572378,2068689.725,1965255.23875,-102195.625,244191.375,False,False
1859,11,BCM,9853367258.474516,2016,0.0,0.6307321647635636,1249768.8,1187280.36,61740.0,-122863.5,False,False
1859,12,BCM,8891940931.368809,-216,0.0,5.312435304371531,133903.80000000002,127208.61000000002,-6615.0,23446.0,False,False
1859,13,BCM,7333306697.260171,4788,0.0,0.19764987463645525,2968200.9000000004,2819790.8550000004,146632.5,-298321.375,False,False
1859,14,BCM,5771124348.962739,5246,0.0,0.14196555417470427,3252126.5500000003,3089520.2225,160658.75,-323111.375,False,False
1859,15,BCM,8723852631.789085,-699,0.0,1.6105788110602628,433327.575,411661.19625,-21406.875,41852.25,False,False
1859,16,BCM,6629407440.69076,-4251,0.0,0.20124932978685472,2635301.1750000003,2503536.11625,-130186.875,280650.0,False,False
1859,17,BCM,7347304113.62904,7717,0.0,0.12286561312802513,4783961.225000001,4544763.16375,236333.125,-474942.75,False,False
1859,18,BCM,5649897978.802359,-4520,0.0,0.16130692311987094,2802061.0,2661957.9499999997,-138425.0,290452.125,False,False
1859,19,BCM,6134172044.12942,5834,0.0,0.13568766343777047,3616642.45,3435810.3275,178666.25,-374701.125,False,False
1859,50,NBCM,6814270.961380681,0,0.0,inf,0.0,0.0,0.0,0.0,False,False
1859,51,NBCM,7966086.300848661,0,0.0,inf,0.0,0.0,0.0,0.0,False,False
1859,52,NBCM,6959751.059820935,0,0.0,inf,0.0,0.0,0.0,0.0,False,False
1859,53,NBCM,8118496.428383067,0,0.0,inf,0.0,0.0,0.0,0.0,False,False
1859,54,NBCM,8279073.380285538,0,0.0,inf,0.0,0.0,0.0,0.0,False,False
1919,10,BCM,8790622118.676868,-3353,0.0,0.3363603234991728,2090763.1500000001,1986224.9925,-60773.125,183418.25,False,False
1919,11,BCM,9853405248.474516,2096,0.0,0.6031339424089547,1306960.8,1241612.76,37990.0,-84873.5,False,False
1919,12,BCM,8891937052.618809,-214,0.0,5.330909498518841,133439.7,126767.71500000001,-3878.75,19567.25,False,False
1919,13,BCM,7333396126.010171,4934,0.0,0.19068858806531314,3076595.7,2922765.915,89428.75,-208892.625,False,False
1919,14,BCM,5771222368.962739,5408,0.0,0.13691462106792465,3372158.4000000004,3203550.48,98020.0,-225091.375,False,False
1919,15,BCM,8723840343.039085,-678,0.0,1.6508085837446755,422766.9,401628.555,-12288.75,29563.5,False,False
1919,16,BCM,6629328959.44076,-4330,0.0,0.19642663515346764,2699971.5,2564972.925,-78481.25,202168.75,False,False
1919,17,BCM,7347448207.37904,7950,0.0,0.11857362799235321,4957222.5,4709361.375,144093.75,-330849.0,False,False
1919,18,BCM,5649814150.677359,-4625,0.0,0.15672602844798894,2883918.75,2739722.8125,-83828.125,206624.0,False,False
1919,19,BCM,6134281084.12942,6016,0.0,0.13082012149312833,3751276.8000000003,3563712.96,109040.0,-265661.125,False,False
1919,50,NBCM,6814270.961380681,0,0.0,inf,0.0,0.0,0.0,0.0,False,False
1919,51,NBCM,7966086.300848661,0,0.0,inf,0.0,0.0,0.0,0.0,False,False
1919,52,NBCM,6959751.059820935,0,0.0,inf,0.0,0.0,0.0,0.0,False,False
1919,53,NBCM,8118496.428383067,0,0.0,inf,0.0,0.0,0.0,0.0,False,False
1919,54,NBCM,8279073.380285538,0,0.0,inf,0.0,0.0,0.0,0.0,False,False
