t,mid_price,spread,bid_depth,ask_depth,volume,fundamental
0,3253.625,0.25,10,31,49,3253.875031195734
1,3255.75,0.5,118,5,4,3254.8748929614158
2,3251.625,1.25,5,55,54,3252.37503817645
3,3251.0,,0,133,44,3251.124992340839
4,3248.25,1.0,5,270,8,3249.6250305620406
5,3249.625,0.25,106,109,42,3249.125022929932
6,3248.5,1.0,13,182,40,3249.375015283256
7,3249.875,0.25,70,54,79,3250.124961779985
8,3248.125,2.25,4,129,43,3249.6249999974143
9,3249.25,0.5,84,46,51,3249.125030571676
10,3249.75,0.5,50,83,73,3249.625022921937
11,3250.875,0.25,100,52,56,3250.8749847014724
12,3251.75,0.5,126,35,58,3251.624915902596
13,3249.125,0.25,49,181,23,3249.62503819427
14,3248.625,0.25,23,129,38,3248.875053496437
15,3249.875,0.25,79,98,56,3249.874977065006
16,3249.5,1.0,36,91,61,3250.1249464871976
17,3248.125,0.25,30,165,34,3248.625068773946
18,3249.875,0.25,94,78,39,3249.3749617811536
19,3248.125,0.25,24,247,19,3248.874984705348
20,3246.75,1.5,11,191,37,3247.8749694054686
21,3245.25,,0,210,19,3245.875091692937
22,3247.25,1.0,55,55,54,3246.874915909597
23,3244.0,1.0,3,192,25,3245.125084053548
24,3245.875,0.25,72,73,45,3246.124954137862
25,3245.0,1.0,30,143,51,3245.6250382107296
26,3246.125,0.25,94,78,51,3246.374977068524
27,3246.375,0.25,110,136,47,3246.374999998596
28,3245.75,0.5,48,179,35,3246.3749770687546
29,3245.0,0.5,56,160,48,3245.62504585259
30,3246.375,0.25,133,51,52,3246.3749541363472
31,3245.125,0.25,78,208,11,3245.625007638571
32,3244.875,0.25,85,181,44,3245.1250152847856
33,3245.25,0.5,113,161,40,3245.1249694229023
34,3243.75,0.5,26,220,58,3244.125015280304
35,3243.375,0.25,20,168,43,3243.625015281505
36,3243.375,0.25,28,139,60,3243.624854675179
37,3237.0,2.5,4,260,28,3238.8751451117805
38,3238.625,0.75,48,88,63,3238.8749770731924
39,3237.0,1.0,24,238,24,3238.1250458509394
40,3238.375,0.25,59,72,67,3238.874900610831
41,3235.75,0.5,19,201,57,3236.3751604375234
42,3238.625,0.25,58,63,76,3239.124862375945
43,3235.75,1.5,13,242,13,3237.3750381979885
44,3236.875,0.25,94,72,45,3236.875038213524
45,3237.75,0.5,82,74,61,3237.624984710619
46,3237.625,0.25,31,115,56,3237.8749694232506
47,3236.625,0.25,23,167,50,3237.124999995391
48,3236.125,0.25,26,167,65,3236.3750534947744
49,3237.375,0.25,127,96,47,3237.374961779261
50,3236.625,0.25,51,187,43,3237.12497706709
51,3235.75,0.5,34,194,50,3236.125106969136
52,3238.125,0.25,73,65,85,3238.624915895182
53,3238.375,0.25,40,127,58,3238.374946475854
54,3235.375,0.75,24,190,22,3236.3750305504173
55,3234.75,0.5,28,183,47,3235.375076414457
56,3236.75,1.0,67,89,90,3236.874854720832
57,3232.75,0.5,13,235,42,3233.6250763758594
58,3232.625,0.25,14,134,50,3232.8749847077306
59,3230.75,0.5,10,220,12,3231.625068778336
60,3232.375,0.25,81,53,57,3232.62503055599
61,3234.25,0.5,82,32,82,3234.62513736118
62,3238.5,,84,0,90,3241.124953823158
63,3243.5,,70,0,58,3246.124877579918
64,3245.75,,256,0,20,3247.1249082553013
65,3244.25,1.0,130,60,50,3245.1250840542284
66,3247.25,0.5,239,14,7,3245.8750611123746
67,3249.75,,243,0,10,3248.625045738293
68,3251.25,,225,0,19,3252.8749005470318
69,3254.0,,226,0,24,3253.874954127113
70,3252.625,0.75,87,27,66,3253.3748699595853
71,3249.375,0.25,33,42,88,3248.62516039595
72,3248.625,0.25,79,73,67,3249.124908258771
73,3247.125,0.25,37,91,72,3246.625145170293
74,3249.375,0.25,188,61,42,3248.8750991975435
75,3254.0,1.5,106,8,74,3254.374862275188
76,3255.5,,193,0,28,3255.374969419397
77,3255.125,0.25,84,19,62,3255.375053485909
78,3259.0,1.0,221,3,8,3257.124931195404
79,3255.625,1.25,52,81,59,3256.624977059389
80,3255.125,0.25,75,35,54,3255.374999989294
81,3254.25,0.5,73,62,75,3254.1251527855798
82,3258.625,1.75,185,10,44,3257.874747617112
83,3254.125,0.25,61,49,67,3253.3751145494703
84,3252.625,1.25,21,92,79,3252.625160408505
85,3258.5,1.0,180,18,23,3257.1247629185445
86,3252.625,2.25,12,89,64,3253.8750534363867
87,3252.125,0.25,63,44,54,3252.375015275123
88,3250.75,0.5,46,71,78,3251.375068779575
89,3256.0,5.0,194,34,24,3252.625038181361
90,3255.625,0.25,60,61,64,3255.124977026965
91,3257.875,1.25,142,36,40,3256.8749846874184
92,3257.75,0.5,113,37,51,3258.1248853138204
93,3256.125,0.25,37,75,81,3255.6250305294534
94,3254.625,0.25,27,76,86,3254.1249846860715
95,3252.5,1.0,33,72,80,3252.125038196852
96,3251.875,0.25,48,57,67,3251.375068777698
97,3252.875,0.25,94,40,45,3252.8749923385126
98,3255.875,2.25,131,23,31,3254.124923554102
99,3252.125,1.25,2,79,65,3252.875076416299
100,3256.125,1.75,156,18,27,3254.1249999864835
101,3254.75,0.5,53,73,44,3255.3749617767
102,3255.5,0.5,92,48,59,3255.375022927584
103,3256.25,0.5,125,48,41,3256.1250458326613
104,3258.5,,164,0,46,3258.374946472444
105,3259.0,0.5,121,11,38,3258.8749770654954
106,3258.875,0.75,81,19,83,3258.624954124638
107,3256.25,0.5,28,76,75,3256.874999970324
108,3254.625,0.25,23,112,66,3255.125015264947
109,3253.625,0.25,34,89,74,3253.874999985547
110,3252.75,0.5,22,75,82,3252.6249923387463
111,3249.25,1.5,7,211,21,3251.124999979306
112,3248.875,0.75,7,176,49,3249.625022917233
113,3247.875,0.75,17,202,53,3248.875015283725
114,3248.375,0.25,50,154,48,3248.624977066873
115,3246.375,0.75,14,262,25,3247.625045852002
116,3247.375,0.25,74,112,49,3248.1249541359966
117,3246.5,1.0,35,166,62,3247.125015278207
118,3246.125,0.25,41,133,48,3246.624961770075
119,3244.25,0.5,25,191,40,3244.875061130297
120,3245.125,0.25,85,104,51,3245.124984713452
121,3244.125,0.75,30,185,61,3244.874961771974
122,3242.25,1.5,9,169,62,3243.374999977386
123,3241.5,,0,186,61,3241.874992335122
124,3239.25,,0,206,18,3240.125114614799
125,3241.25,0.5,18,88,80,3242.124946481019
126,3242.125,0.25,57,97,58,3242.37499999754
127,3242.375,0.25,61,120,55,3242.6249923554424
128,3241.875,0.75,57,138,50,3242.6249694219628
129,3241.125,0.25,31,149,55,3241.6250076326896
130,3240.25,0.5,17,114,64,3240.8749235193204
131,3236.75,,0,227,17,3237.625160438214
132,3239.875,0.75,88,64,40,3239.624977048896
133,3240.625,0.25,92,70,54,3240.875007624877
134,3241.875,0.25,100,65,62,3242.375007615483
135,3243.75,0.5,96,27,76,3244.124900613515
136,3241.125,0.25,54,167,1,3242.625053489392
137,3242.75,0.5,124,25,57,3242.8750000022146
138,3242.875,0.25,115,52,55,3243.12503820553
139,3244.375,0.25,168,25,51,3244.624992340345
140,3245.375,0.25,174,6,57,3245.8750152648804
141,3245.5,,245,0,9,3247.6250076089195
142,3246.25,,191,0,17,3249.624946477325
143,3247.25,,239,0,21,3249.874984710408
144,3247.75,,225,0,2,3249.624977064538
145,3248.625,0.25,207,14,34,3248.624999991988
146,3247.75,0.5,79,47,79,3247.6250687772254
147,3250.5,1.0,189,7,9,3248.87497706264
148,3249.125,0.25,51,56,64,3249.3749694243224
149,3248.625,0.25,63,67,83,3248.8750229261914
150,3248.875,0.25,115,49,61,3249.1249541330653
151,3247.25,0.5,35,103,59,3247.8749999841207
152,3246.125,0.25,48,90,60,3246.6250076293964
153,3244.875,0.25,18,201,35,3245.6249388083293
154,3241.75,,0,242,27,3242.625061098367
155,3239.875,3.25,7,132,55,3241.625022928019
156,3241.375,0.25,70,86,34,3241.3750382125827
157,3242.375,0.25,109,76,43,3242.3750076321858
158,3243.375,0.25,69,80,62,3243.624992342255
159,3245.25,0.5,129,41,33,3244.6249159056088
160,3242.125,0.25,35,124,29,3242.8750534874903
161,3242.75,0.5,81,76,41,3242.875038209293
162,3243.625,0.25,77,50,83,3244.124946488367
163,3242.875,0.75,50,121,51,3243.624969415123
164,3241.25,0.5,23,153,38,3242.1250611343976
165,3242.375,0.25,111,73,43,3242.6250152835764
166,3243.75,0.5,90,62,49,3243.62503055
167,3245.375,0.25,87,31,70,3245.624992322235
168,3248.375,0.75,211,12,21,3247.374931195819
169,3246.25,0.5,53,84,58,3246.875053491989
170,3248.875,0.25,191,12,22,3248.124977061472
171,3248.75,0.5,84,26,65,3248.624946488379
172,3247.125,0.25,55,99,58,3247.375030564746
173,3246.625,0.25,89,63,44,3247.125022928525
174,3248.25,0.5,164,23,27,3247.624969424554
175,3246.625,0.25,33,110,51,3247.1249847067547
176,3246.25,0.5,41,92,77,3246.125007634802
177,3245.5,0.5,26,131,68,3245.3749770586232
178,3243.25,,0,269,19,3243.875053491727
179,3244.125,0.25,68,114,55,3244.1249999996407
180,3243.75,0.5,18,161,58,3244.3749541342204
181,3242.5,,0,235,55,3243.125061134999
182,3243.75,0.5,75,95,65,3243.874992354477
183,3243.875,0.25,18,145,59,3244.3749923528567
184,3244.375,0.25,64,117,55,3244.624931191572
185,3241.875,0.25,2,251,19,3242.625030551166
186,3241.0,,0,175,36,3241.6251146086806
187,3244.125,0.75,32,44,114,3244.374938818314
188,3245.25,0.5,93,65,48,3245.1249923481632
189,3245.75,0.5,107,10,58,3245.624908247051
190,3242.625,1.75,12,50,77,3243.124931072478
191,3237.75,,0,125,39,3238.375038054489
192,3234.0,,0,144,15,3234.875137517865
193,3235.625,0.25,47,51,50,3235.874977069428
194,3235.875,0.25,42,61,55,3236.125007639053
195,3235.75,0.5,39,61,75,3236.62493119483
196,3234.125,0.25,7,145,28,3234.875007616597
197,3233.125,0.25,3,128,44,3233.3750152738694
198,3231.5,,0,184,34,3232.375076416552
199,3233.375,0.25,52,44,82,3233.874938844801
200,3232.625,0.25,16,188,34,3233.375030569558
201,3233.75,0.5,71,84,79,3233.875015281686
202,3234.875,0.25,88,60,46,3234.874999989153
203,3235.75,0.5,88,59,55,3235.8749388443694
204,3233.625,1.25,20,159,37,3234.8750152772554
205,3234.375,0.25,90,76,32,3234.374946477636
206,3231.75,,0,141,59,3232.1251833465394
207,3235.625,0.75,20,33,65,3235.874954052201
208,3237.75,0.5,62,26,72,3238.1249006068865
209,3236.625,0.25,25,133,31,3237.1250076315164
210,3236.125,0.25,48,130,52,3236.374954115305
211,3233.25,,0,209,41,3234.1250534765877
212,3233.375,0.25,37,156,61,3233.6249923561013
213,3232.625,0.25,32,178,59,3232.8750534931346
214,3233.875,0.25,108,104,48,3233.8749159062427
215,3231.375,0.25,10,191,37,3232.125015262689
216,3230.25,,0,194,44,3230.875015276608
217,3228.875,1.25,11,164,46,3230.124984704912
218,3228.375,0.25,14,181,59,3228.8750382069225
219,3228.375,0.25,4,119,68,3228.8749388390734
220,3226.25,,0,230,16,3226.875114614196
221,3228.125,0.25,73,64,66,3228.6249846928417
222,3229.375,0.25,60,65,69,3229.8749311976503
223,3228.125,0.25,41,159,35,3228.875007633594
224,3227.625,0.25,50,133,44,3228.124992349263
225,3226.75,0.5,4,134,59,3227.1249923449977
226,3225.25,0.5,6,161,34,3225.875022924912
227,3224.625,0.25,14,144,49,3225.375122230605
228,3228.25,0.5,50,22,99,3228.874862364506
229,3227.25,1.0,27,115,37,3227.8751146019717
230,3228.0,2.0,50,40,89,3230.624892960271
231,3229.875,0.75,110,32,60,3229.8750611305204
232,3230.875,0.25,103,27,62,3231.1249082609343
233,3228.625,0.25,44,129,26,3229.375030553137
234,3228.125,0.25,42,127,40,3228.624992351609
235,3226.875,0.25,45,164,38,3227.625045855704
236,3228.25,0.5,142,97,41,3228.12506111472
237,3230.0,0.5,62,36,93,3230.624915894169
238,3230.125,0.25,72,75,55,3230.3749617698218
239,3227.75,0.5,32,175,9,3228.8749999786905
240,3226.625,0.25,19,163,32,3227.3750382054736
241,3226.875,0.25,33,87,59,3227.124992355419
242,3225.375,1.75,7,113,69,3226.6249694143576
243,3224.625,0.25,27,126,54,3225.1249923342893
244,3222.125,1.25,19,166,42,3223.3751222547903
245,3224.75,0.5,29,30,83,3225.6250075925323
246,3228.0,0.5,94,19,71,3228.1249693868763
247,3229.375,0.25,90,16,62,3229.6250076177157
248,3232.25,0.5,171,10,25,3231.375015246829
249,3234.0,,204,0,31,3233.6249464710886
250,3234.625,1.25,134,1,50,3234.1249694224384
251,3233.0,0.5,48,83,50,3233.6249923542287
252,3233.0,0.5,71,25,82,3232.8750764147862
253,3235.375,0.25,187,7,19,3234.624961768147
254,3235.25,0.5,86,28,61,3235.1249388412957
255,3233.0,0.5,43,100,48,3233.6250305580106
256,3232.625,0.25,82,47,75,3233.124946475523
257,3231.125,0.25,42,62,58,3230.8750993316044
258,3233.875,2.75,153,16,23,3231.874954136905
259,3230.875,0.25,27,71,60,3231.37499235049
260,3230.125,0.25,26,111,55,3230.624969410918
261,3228.25,0.5,20,121,54,3228.875053488596
262,3228.625,0.25,45,75,56,3228.875022928265
263,3229.375,0.25,99,45,53,3229.6249770675718
264,3228.875,0.75,69,92,48,3229.6249847102777
265,3228.625,0.25,69,108,53,3229.12496176742
266,3226.625,0.25,14,188,63,3227.3750076184065
267,3225.25,,0,146,34,3225.875045850029
268,3225.375,0.25,23,94,62,3225.875015285011
269,3226.875,0.25,96,59,30,3226.374938840798
270,3223.625,1.25,10,190,25,3224.8749617370463
271,3221.25,0.5,3,220,20,3222.1250687506017
272,3221.375,0.25,18,124,56,3221.624961769722
273,3218.375,1.75,6,201,25,3219.874999971624
274,3217.625,0.25,26,184,41,3218.125061133447
275,3218.25,0.5,68,88,50,3218.375053484034
276,3219.875,0.25,83,62,69,3220.3749388359893
277,3220.375,0.25,66,97,59,3220.374999999539
278,3218.875,1.75,47,190,40,3220.3750458448744
279,3222.0,1.0,101,31,77,3221.8748547203145
280,3217.875,0.25,38,189,20,3218.6250993068666
281,3218.375,0.25,104,79,45,3218.6249388404176
282,3216.125,0.25,23,150,53,3216.625099334085
283,3217.875,0.25,75,76,50,3217.8749694205867
284,3216.25,2.5,17,153,56,3218.124954131825
285,3216.625,0.25,58,127,58,3216.87501527493
286,3215.5,0.5,38,221,47,3216.1249923497094
287,3214.625,0.25,16,205,47,3215.124999992357
288,3213.625,0.25,10,202,54,3214.1250687782654
289,3215.25,0.5,79,137,57,3215.3750152691173
290,3215.375,1.25,28,84,93,3217.1250763281064
291,3220.625,0.75,54,8,109,3221.3748241118155
292,3218.875,0.75,50,147,32,3219.8750840492057
293,3220.875,0.25,116,25,52,3221.1248700183523
294,3216.125,2.75,25,144,48,3218.125084031065
295,3217.25,0.5,75,24,76,3217.875045854376
296,3218.5,0.5,86,35,84,3219.12498470791
297,3220.125,0.75,131,37,53,3219.875106915485
298,3223.875,0.25,124,16,68,3224.124923469024
299,3224.5,,195,0,38,3225.874977045373
300,3226.5,,236,0,8,3226.8749006119315
301,3224.0,0.5,67,97,48,3224.6251528023795
302,3227.25,,164,0,40,3227.3749540993463
303,3228.125,0.25,164,5,49,3228.624931197174
304,3227.125,0.25,53,37,48,3227.625022923791
305,3226.625,0.25,87,29,50,3227.375030572002
306,3228.875,0.25,202,1,19,3228.1250305554604
307,3230.0,,188,0,15,3229.87494648171
308,3229.625,0.25,131,63,55,3229.8749541298216
309,3228.625,0.25,93,94,74,3228.3750687722268
310,3229.5,1.0,167,51,57,3229.1249006086323
311,3227.125,0.25,38,82,103,3226.625068756593
312,3226.125,0.25,41,106,67,3226.374984713177
313,3225.125,0.25,67,102,61,3225.6250229285
314,3225.625,0.75,114,99,53,3225.625053489052
315,3227.375,0.25,150,51,50,3227.374984692129
316,3229.875,0.25,227,36,7,3228.624969420616
317,3228.125,0.25,48,89,61,3228.875068756614
318,3232.625,0.75,202,6,25,3231.37491589582
319,3230.375,0.75,60,102,44,3231.1250076409274
320,3232.0,2.0,145,41,43,3231.125015285008
321,3231.125,0.25,114,78,57,3231.624977067824
322,3231.25,0.5,95,62,60,3231.3749617733347
323,3230.125,0.25,54,125,73,3229.8750534914448
324,3229.625,0.25,59,94,64,3230.1250076423185
325,3231.375,0.25,212,63,16,3230.624961778092
326,3229.25,0.5,64,138,49,3229.8749464662933
327,3225.25,3.5,9,136,69,3227.3750993319973
328,3228.875,3.25,46,52,98,3228.125084015079
329,3232.125,0.25,177,33,35,3231.6248700045835
330,3230.125,0.25,73,138,35,3230.874977053887
331,3229.125,0.25,56,58,74,3229.37503820875
332,3228.75,0.5,69,53,72,3229.125122221593
333,3232.875,0.25,174,12,42,3232.87480117644
334,3230.25,0.5,63,63,65,3230.1250534574474
335,3228.625,0.25,107,119,47,3229.125022927299
336,3228.75,0.5,142,94,55,3228.875022926407
337,3229.25,0.5,146,74,57,3229.374908249237
338,3228.75,1.5,25,90,104,3226.8749769919787
339,3223.5,,0,124,61,3223.6251451597755
340,3224.5,0.5,65,89,69,3225.1249312025234
341,3223.75,1.0,25,125,63,3224.37504585045
342,3225.125,0.25,99,65,61,3225.124931200186
343,3222.625,0.75,20,181,47,3223.6250687724464
344,3224.25,0.5,84,76,44,3224.374931201821
345,3221.75,0.5,15,191,13,3222.875099335792
346,3224.625,1.25,71,73,78,3224.6249923314817
347,3225.375,0.25,100,48,74,3226.1249006115117
348,3223.625,0.25,36,158,33,3224.375007617916
349,3221.625,0.75,15,155,30,3222.87509169888
350,3224.25,1.5,56,60,69,3224.3749999833376
351,3225.375,0.25,97,36,71,3225.875061074247
352,3229.25,1.5,81,15,74,3229.374877650054
353,3229.0,0.5,90,33,79,3228.875022925942
354,3228.875,0.25,108,42,64,3229.125038206411
355,3231.0,1.0,216,21,39,3230.6249999798747
356,3231.75,,166,0,45,3232.1249999803485
357,3232.25,,207,0,15,3233.625053441147
358,3235.75,,201,0,16,3236.8749464352045
359,3239.75,2.0,202,9,18,3238.3749159041768
360,3236.875,0.25,68,61,65,3237.1250152754674
361,3236.125,0.25,87,39,64,3236.375045854209
362,3238.0,1.0,169,22,38,3237.1249694262965
363,3237.125,0.25,47,68,58,3236.875038208838
364,3238.375,0.25,172,34,55,3237.8749388450724
365,3237.125,0.25,67,80,63,3236.874999988686
366,3236.125,0.25,61,88,65,3235.874999992191
367,3234.625,0.25,12,113,75,3234.8750534980413
368,3236.375,0.25,144,50,22,3235.625068744595
369,3238.375,0.25,128,16,30,3238.624938807993
370,3241.125,1.75,158,7,21,3239.6249923453247
371,3240.125,0.25,34,40,76,3240.3749311983784
372,3239.125,0.25,47,64,73,3238.875061132992
373,3238.75,0.5,84,59,58,3239.3750076406664
374,3240.75,0.5,159,25,33,3240.1249770675854
375,3239.125,1.25,65,100,48,3240.125000001635
376,3240.875,0.25,173,49,26,3240.1250764003416
377,3242.25,,182,0,47,3242.6248853162256
378,3240.875,0.75,55,41,50,3241.375022919815
379,3240.625,0.25,69,52,65,3240.8750611336945
380,3242.375,0.25,151,23,36,3242.374938843889
381,3241.625,0.25,80,48,77,3241.875015282681
382,3241.875,0.25,114,41,44,3241.8749694254616
383,3240.125,0.25,44,128,40,3240.875099333324
384,3242.875,0.25,165,20,52,3243.124984676905
385,3245.0,,175,0,41,3244.874961769593
386,3245.125,0.25,101,11,59,3245.375076385567
387,3250.75,3.5,208,1,19,3248.3749005949544
388,3247.875,0.25,66,67,70,3248.12495412553
389,3246.125,0.25,71,83,64,3246.375106973136
390,3249.25,1.5,241,29,26,3248.1248929715343
391,3246.125,0.25,80,133,64,3246.375122253187
392,3249.625,0.25,228,52,8,3248.6250457679366
393,3252.25,0.5,200,1,61,3252.374808825856
394,3249.875,0.75,75,47,67,3249.875106966018
395,3251.75,0.5,195,14,23,3250.874977069212
396,3250.5,0.5,77,56,64,3251.12503056288
397,3253.25,0.5,153,7,31,3252.3749312003074
398,3250.75,0.5,59,66,44,3251.375045849677
399,3252.75,0.5,215,28,23,3251.87492354553
400,3250.125,0.25,68,63,91,3249.874915800185
401,3250.0,6.0,3,24,111,3245.1251374706926
402,3244.5,,0,100,61,3244.8749923593978
403,3243.875,0.25,66,76,48,3244.374999997877
404,3243.0,0.5,29,152,52,3243.875015285468
405,3243.625,0.25,72,102,51,3243.874999372962
406,3243.875,0.25,67,140,56,3243.874999372962
407,3242.25,0.5,14,248,35,3242.8733692588457
408,3243.375,0.25,112,107,38,3243.123747926186
409,3242.375,1.25,25,180,49,3243.12376323834
410,3243.625,0.75,101,98,50,3243.3742184480834
411,3244.875,0.25,124,51,50,3244.876658849876
412,3243.5,1.0,70,64,42,3244.125515209851
413,3245.125,0.25,97,27,81,3245.377523362165
414,3244.625,0.25,88,73,56,3244.876735420845
415,3244.25,0.5,108,29,77,3244.6263261371773
416,3245.875,0.25,228,20,8,3245.1271676709007
417,3246.75,1.5,152,4,59,3246.1288048126125
418,3245.375,0.25,93,65,66,3245.627978583019
419,3244.125,0.25,80,86,79,3244.3759168444303
420,3244.25,0.5,63,84,55,3244.3758747458905
421,3243.75,0.5,40,146,67,3244.250727505217
422,3245.625,0.25,75,37,88,3246.128831592085
423,3247.375,0.25,219,10,39,3247.3809201434474
424,3246.625,0.25,79,46,33,3246.8801398597834
425,3247.125,0.75,101,26,44,3246.8801092392127
426,3246.125,0.25,60,96,53,3246.379344242228
427,3248.0,,169,0,36,3248.132147986707
428,3246.125,0.25,44,89,39,3246.6297535334365
429,3247.75,0.5,240,21,11,3246.880147515298
430,3247.625,0.25,110,60,53,3247.8817999701
431,3248.125,0.25,143,26,51,3248.132285807966
432,3250.125,1.25,165,11,40,3249.634726209057
433,3248.625,0.25,60,101,59,3248.883528983141
434,3248.125,0.25,102,59,59,3248.382633843195
435,3247.125,0.25,20,82,91,3246.6297688420395
436,3247.25,0.5,56,67,68,3247.1305338352745
437,3246.875,0.25,77,99,41,3247.1305031998663
438,3245.375,0.25,30,135,54,3245.628016857558
439,3244.25,,0,250,27,3244.62633378954
440,3244.375,0.25,20,155,63,3244.6262878573098
441,3243.125,1.25,24,236,33,3244.1254922492258
442,3244.875,0.25,83,119,54,3244.8766894824766
443,3243.5,1.0,26,227,30,3244.375870909752
444,3243.375,0.25,43,149,48,3243.6246047717086
445,3242.5,0.5,29,243,45,3242.8733309797685
446,3241.625,0.25,15,219,42,3242.1221107764422
447,3243.25,0.5,79,95,68,3243.123755572394
448,3244.125,0.25,107,71,41,3244.1254156867813
449,3243.25,0.5,28,149,32,3243.8750370302832
450,3243.875,0.25,66,79,38,3243.87503703215
451,3243.75,0.5,34,133,64,3244.12547693682
452,3244.875,0.25,82,84,59,3245.127137046352
453,3245.625,0.25,101,36,58,3245.6279785912807
454,3245.125,0.25,123,80,39,3245.3776228911447
455,3246.625,0.25,173,26,32,3246.629661665435
456,3246.25,0.5,97,68,51,3246.629715262079
457,3247.375,0.25,210,30,33,3247.130526179135
458,3246.625,0.25,82,83,51,3246.8801475160367
459,3247.875,0.25,213,44,24,3247.3809354627856
460,3246.625,0.25,71,76,72,3246.629738227423
461,3247.75,0.5,180,38,24,3247.130495548197
462,3245.625,0.25,32,80,56,3245.878472087724
463,3247.125,1.75,158,23,28,3246.1288660665414
464,3246.625,0.25,93,66,39,3246.8800862657417
465,3246.125,0.25,80,42,58,3246.3792830138427
466,3246.25,0.5,110,9,56,3246.1290343431583
467,3249.75,,213,0,17,3251.888325348646
468,3247.125,1.25,54,67,46,3248.1321246884613
469,3246.0,3.0,14,13,93,3240.3693679859134
470,3241.25,,0,97,38,3241.871517725273
471,3238.25,0.5,9,194,13,3239.6179489673364
472,3242.25,1.0,78,23,54,3241.8714640889234
473,3237.375,0.75,8,177,39,3238.6163041302507
474,3241.875,1.75,62,23,64,3241.621261438227
475,3245.75,1.0,71,18,91,3246.379068507091
476,3242.5,2.0,43,128,47,3244.3757788898924
477,3237.625,1.25,12,197,28,3239.117176239743
478,3240.25,0.5,64,54,57,3240.869819328145
479,3237.375,0.75,17,176,14,3238.8665297144216
480,3236.25,0.5,11,153,62,3236.61273896932
481,3234.125,0.25,11,232,28,3235.1101760837696
482,3233.25,0.5,1,210,51,3233.8579611593664
483,3228.25,,0,288,9,3229.8513896235177
484,3230.25,0.5,76,127,53,3230.352062808903
485,3228.375,0.75,12,194,61,3229.6009420881223
486,3232.125,0.25,80,83,69,3232.605830554003
487,3232.125,0.25,58,166,55,3232.6059530876123
488,3233.75,0.5,113,75,51,3233.607682064514
489,3236.375,0.25,146,39,70,3236.6127388921227
490,3239.375,0.25,109,19,72,3240.3689394616176
491,3239.125,0.25,142,33,54,3239.3673253135216
492,3234.125,2.25,56,177,15,3236.362406232983
493,3237.75,3.5,83,52,73,3237.1135116365635
494,3234.25,1.5,33,235,10,3236.111989287297
495,3239.125,0.75,64,36,72,3239.116835644321
496,3238.25,0.5,48,87,78,3237.9901814194222
497,3240.125,0.25,79,33,90,3241.120178799749
498,3238.375,0.75,50,74,64,3238.3657953636125
499,3239.25,0.5,81,82,58,3239.1169160725976
500,3238.625,0.25,71,64,75,3238.3656269350963
501,3234.25,1.5,5,176,58,3235.6111783573742
502,3238.25,1.5,45,65,65,3238.1152253078176
503,3238.75,0.5,50,56,73,3239.3673483229
504,3239.25,0.5,119,40,56,3239.3674095732285
505,3239.875,0.25,112,28,64,3240.118522525335
506,3236.375,1.25,23,101,73,3236.362337284374
507,3231.875,3.25,1,177,48,3234.108607817318
508,3236.875,1.25,91,40,56,3236.36211526682
509,3231.625,0.25,14,210,17,3232.856438877328
510,3232.25,0.5,80,104,56,3232.355505527975
511,3230.625,0.75,21,162,50,3232.1050809267795
512,3232.25,0.5,114,100,44,3232.1050196639067
513,3230.125,0.25,12,185,45,3230.352108716999
514,3227.75,0.5,9,220,39,3228.849584112362
515,3228.125,0.25,39,114,57,3228.3486966417704
516,3227.25,,0,167,51,3227.597361559826
517,3223.5,,0,216,15,3224.592434817901
518,3224.125,0.25,57,111,53,3224.8426603610105
519,3220.5,0.5,8,222,14,3221.837702976706
520,3219.5,,0,177,40,3220.08465423168
521,3215.5,,0,259,6,3217.0795436542458
522,3210.375,1.75,2,297,21,3212.321667735478
523,3212.25,0.5,86,123,43,3212.07098286082
524,3207.25,,0,191,53,3207.8141168162724
525,3210.125,0.25,56,81,77,3211.069246205242
526,3206.5,3.0,9,203,26,3209.066170964228
527,3212.125,1.75,48,39,83,3212.3213385373765
528,3207.125,2.25,8,161,25,3209.3163887793653
529,3203.75,,0,175,20,3204.808891530424
530,3202.25,1.0,11,128,32,3203.556898598285
531,3207.5,11.0,27,19,96,3209.8170465229705
532,3207.375,0.75,53,69,79,3208.314851270184
533,3210.25,0.5,121,22,77,3210.5685425002557
534,3211.5,0.5,117,20,48,3212.321484080245
535,3211.875,0.25,62,73,65,3212.5719010257453
536,3208.5,3.0,55,138,47,3211.069384045345
537,3207.75,1.0,69,89,57,3208.8157616720914
538,3211.625,0.75,91,23,76,3212.321407483083
539,3211.125,0.25,48,110,55,3211.8207879795345
540,3213.5,,137,0,86,3214.825768279652
541,3216.625,0.25,103,13,72,3217.5803546757197
542,3216.875,0.25,86,66,57,3217.3298994054635
543,3211.5,1.0,41,146,39,3213.0728649658704
544,3209.875,0.75,31,130,48,3210.818997722046
545,3208.0,1.0,7,133,51,3209.065971921322
546,3205.0,,0,168,28,3206.060853676987
547,3199.75,,0,172,13,3201.0525761270965
548,3200.25,0.5,50,60,59,3201.052239210551
549,3193.75,,0,222,37,3195.0423014488465
550,3190.0,,0,186,19,3191.286200360604
551,3198.875,3.25,61,38,67,3198.547916587874
552,3192.375,7.25,17,171,18,3197.2961689575054
553,3198.875,0.25,72,26,65,3199.8002771280017
554,3200.375,0.25,81,36,75,3201.5532646414003
555,3203.5,2.0,130,4,80,3203.055819889939
556,3203.375,0.75,75,70,41,3204.5583751290646
557,3205.5,0.5,100,8,69,3206.3113090380957
558,3206.625,0.25,140,36,50,3207.0624755950803
559,3200.875,2.75,39,166,47,3203.3062826895502
560,3200.25,0.5,41,113,65,3200.801998474132
561,3193.875,6.75,6,170,42,3198.2978443917805
562,3199.0,3.0,61,68,72,3198.798486857248
563,3193.875,0.75,9,211,31,3195.5432273748543
564,3195.875,0.25,33,75,69,3197.045514687067
565,3193.375,0.75,1,147,41,3194.7918540904566
566,3193.25,0.5,15,126,75,3194.0406491829303
567,3196.125,0.75,58,35,82,3197.045529989408
568,3196.375,0.25,61,59,67,3196.7952202701777
569,3196.875,0.25,77,77,55,3197.0455682976094
570,3194.5,1.0,28,122,69,3195.292710950262
571,3194.5,1.0,36,73,68,3195.292565459736
572,3191.0,,0,205,35,3192.2876157385176
573,3189.5,0.5,16,149,38,3191.0353625729285
574,3186.0,,0,194,29,3187.279039445996
575,3181.0,,0,202,22,3182.521278306713
576,3188.0,3.5,60,47,69,3186.7780678387453
577,3182.0,5.5,10,203,21,3186.0269702116984
578,3186.625,3.75,60,36,86,3186.026893648468
579,3182.0,1.5,24,180,18,3184.2741357706504
580,3186.875,0.25,69,51,57,3187.7798275091263
581,3187.875,0.25,92,64,53,3188.280860441626
582,3191.0,1.0,67,8,95,3191.7865674726468
583,3189.5,1.0,48,68,53,3190.534651253296
584,3190.875,0.25,96,20,76,3191.285955611288
585,3193.875,0.25,101,12,74,3195.0420834069414
586,3191.5,3.0,62,114,59,3193.915268447044
587,3190.375,0.25,71,120,54,3191.0355960999755
588,3192.875,0.25,127,28,68,3193.2892834951194
589,3195.875,0.25,114,9,66,3196.2942561930145
590,3195.25,0.5,125,27,59,3196.0439541292035
591,3196.75,0.5,186,2,37,3196.544634816134
592,3193.75,0.5,64,27,89,3192.2878299802314
593,3196.25,1.5,117,11,83,3196.7951206363737
594,3197.75,,225,0,12,3198.5480622702844
595,3196.875,0.25,119,38,59,3196.5448722110546
596,3198.125,0.25,202,11,39,3197.546402181197
597,3195.625,0.25,70,79,60,3196.0439388035256
598,3195.125,0.25,92,63,64,3194.791762199503
599,3192.25,1.5,2,97,85,3192.0371834946814
600,3189.5,,0,194,29,3190.7850069435563
601,3188.25,,0,163,55,3189.282604785224
602,3192.625,3.75,17,65,104,3192.28759270982
603,3195.875,0.25,79,29,55,3196.294363258419
604,3198.5,,163,0,26,3200.5514896129143
605,3200.0,,177,0,19,3202.0540372789883
606,3201.5,2.5,140,6,57,3200.801983196204
607,3199.375,0.25,55,58,94,3199.049141154415
608,3202.375,0.25,206,17,16,3201.052407786828
609,3202.125,0.25,125,29,50,3202.5549017967305
610,3201.625,0.25,81,22,82,3201.8037581590934
611,3204.375,0.25,220,10,31,3203.0557892779857
612,3203.125,0.25,74,61,69,3203.3061679212783
613,3200.75,0.5,39,94,76,3201.0524384002924
614,3199.875,0.25,51,95,78,3199.29948155336
615,3198.75,0.5,43,120,65,3198.548261346433
616,3201.625,0.25,161,62,26,3200.551550938159
617,3201.625,0.25,93,69,49,3201.803666287129
618,3201.875,0.25,109,63,58,3202.0540908912635
619,3201.125,0.25,85,61,71,3201.3028706886607
620,3201.375,0.25,98,74,58,3201.302763473748
621,3198.125,0.25,18,157,60,3198.5482689831542
622,3198.375,0.25,44,157,64,3198.798532824472
623,3195.5,2.0,2,222,63,3196.795250881265
624,3195.125,1.25,4,138,50,3196.294447610841
625,3198.375,0.25,89,59,65,3198.7985251583677
626,3198.25,0.5,95,35,58,3198.798670623733
627,3202.0,1.0,176,10,43,3201.0523235710825
628,3199.5,1.0,41,67,71,3200.050793624001
629,3202.125,0.25,186,21,19,3201.302725184691
630,3197.625,2.75,17,74,76,3198.548223035742
631,3196.375,0.25,15,144,57,3197.295946859638
632,3191.5,,0,207,18,3192.5381015276357
633,3190.125,1.25,2,176,43,3191.536326684956
634,3190.875,0.25,29,120,84,3191.7866670612166
635,3189.75,0.5,9,199,47,3190.534635943075
636,3190.375,0.25,8,160,59,3190.7850069557367
637,3190.125,0.25,6,178,55,3190.784961004836
638,3188.25,,0,250,49,3189.03208834988
639,3188.375,0.25,25,164,48,3188.7816714107607
640,3190.375,0.25,114,91,63,3190.284073519778
641,3187.625,0.25,37,211,31,3188.7815795003125
642,3184.875,0.75,13,176,41,3186.027039092725
643,3185.875,0.25,64,95,51,3186.277471322329
644,3189.625,1.75,65,30,87,3189.783216630456
645,3188.75,1.5,40,103,38,3190.033671893582
646,3187.625,0.25,30,103,42,3188.0304817958777
647,3190.25,0.5,118,4,76,3190.534536392369
648,3191.125,0.25,132,53,54,3191.2858791080603
649,3192.125,0.25,120,39,74,3192.537948510469
650,3191.75,0.5,93,86,62,3192.538017418119
651,3193.25,0.5,134,22,66,3193.5397081393157
652,3197.0,1.0,238,6,32,3195.29262673279
653,3196.25,0.5,58,41,79,3196.043908194807
654,3196.25,0.5,73,22,63,3196.0438699014235
655,3194.875,0.25,33,35,65,3194.0406185769884
656,3194.125,0.25,53,85,64,3194.7916626354327
657,3191.25,,0,64,74,3190.785106400598
658,3188.75,,0,154,32,3189.78326259036
659,3184.875,1.75,8,222,9,3187.028714509491
660,3185.875,0.25,63,70,48,3186.5277428304544
661,3183.25,,0,203,15,3184.2739903366773
662,3182.0,,0,136,46,3182.520956881071
663,3178.25,,0,201,16,3179.2655978967787
664,3179.375,0.25,82,56,51,3179.7662710459417
665,3177.25,,0,127,36,3178.2638382959667
666,3178.75,0.5,72,69,50,3178.514178689854
667,3176.625,0.25,16,175,34,3177.7630273668497
668,3179.375,0.25,104,36,73,3180.016733898256
669,3180.75,0.5,76,15,79,3181.519250882641
670,3181.125,0.25,59,56,63,3181.268872231054
671,3180.375,0.25,44,68,52,3180.768015374344
672,3179.0,1.0,33,89,56,3179.76627100834
673,3175.25,1.5,6,149,30,3176.76137488279
674,3177.5,0.5,59,32,68,3178.263692824115
675,3175.875,0.25,36,158,35,3176.761290706237
676,3176.875,0.25,79,72,49,3177.011592801723
677,3173.75,0.5,7,205,40,3175.008280229212
678,3172.75,0.5,8,150,48,3173.5059239279462
679,3177.625,0.25,30,35,118,3178.764503618209
680,3179.0,0.5,67,30,88,3179.7661867592988
681,3173.75,2.5,25,176,40,3176.010047478485
682,3175.75,0.5,83,47,39,3175.008326187848
683,3175.375,0.25,15,101,39,3176.0100245363114
684,3178.25,0.5,56,17,66,3179.014989557507
685,3179.125,0.25,87,29,59,3179.7663016750944
686,3179.375,0.25,61,98,65,3179.5159765910103
687,3181.5,1.0,88,10,79,3181.5192814943234
688,3183.875,1.25,105,8,37,3182.7713968401345
689,3182.625,0.25,74,57,75,3183.0216988446623
690,3177.375,1.25,22,94,66,3178.263930068958
691,3177.75,1.5,15,67,81,3178.2636774731086
692,3173.75,,0,181,42,3174.757855551088
693,3170.75,,0,203,19,3171.7527374233714
694,3167.25,,0,175,9,3168.4973708022967
695,3169.75,0.5,53,61,62,3169.999719385223
696,3168.0,2.0,11,131,49,3169.74942492025
697,3171.875,0.75,63,32,76,3172.0030931824376
698,3169.5,3.5,25,106,69,3171.752768133068
699,3171.75,0.5,86,31,57,3172.2535484232044
700,3169.625,1.25,37,132,38,3171.2519342468977
701,3171.375,0.25,68,25,53,3171.502266970514
702,3168.375,0.75,14,179,14,3169.9998801391725
703,3171.75,0.5,110,19,49,3172.003131466025
704,3172.625,0.25,109,58,48,3172.7544129314515
705,3171.875,0.75,59,88,57,3172.504011303025
706,3171.625,0.25,72,118,44,3172.003123807706
707,3168.75,0.5,34,175,36,3169.999742296352
708,3166.625,0.25,2,171,47,3166.994746670281
709,3166.125,0.25,8,88,71,3166.243472910541
710,3167.375,0.25,61,53,40,3167.7459668803144
711,3169.25,0.5,71,50,60,3169.749133874984
712,3163.75,,0,204,39,3164.7410477002845
713,3165.125,0.25,66,54,63,3165.9929947103365
714,3168.75,3.5,87,29,62,3167.7458673635047
715,3164.75,2.0,33,171,15,3166.744245538402
716,3165.125,0.25,77,74,70,3165.492099565234
717,3163.875,0.25,33,125,74,3163.2383700680025
718,3162.125,0.75,18,109,43,3162.988006673458
719,3168.0,5.0,57,6,112,3166.744168922869
720,3167.0,0.5,39,99,59,3167.7459821982907
721,3169.625,0.25,124,25,71,3169.7492641467043
722,3168.25,0.5,62,134,45,3168.998120521702
723,3169.625,0.75,125,34,60,3169.749340724002
724,3169.875,0.25,112,68,67,3170.2500980132795
725,3166.875,0.25,40,179,64,3167.495580559544
726,3165.875,0.25,29,126,55,3166.4940045887365
727,3170.375,0.25,86,45,68,3171.251673806108
728,3167.125,2.75,45,68,61,3168.747642263699
729,3165.125,0.25,32,174,31,3165.9929640212977
730,3161.75,,0,145,40,3162.7376280030694
731,3165.5,2.0,49,15,74,3164.9911738106744
732,3162.0,1.0,8,182,9,3163.739188647861
733,3163.125,0.25,66,55,57,3163.4886798247403
734,3160.5,,0,209,22,3161.485344273212
735,3158.75,,0,177,26,3159.7323261303727
736,3158.0,,0,262,9,3156.727330489724
737,3154.75,,0,217,22,3155.725432942758
738,3148.5,,0,242,3,3150.2163980364817
739,3149.875,0.25,73,87,53,3150.216298633905
740,3151.75,0.5,79,61,72,3152.470043428531
741,3154.75,1.5,86,40,82,3154.4734019482703
742,3153.0,3.0,44,120,46,3154.97414388136
743,3149.375,1.75,22,164,53,3150.4666924712064
744,3143.25,5.5,3,188,29,3147.211119141008
745,3141.375,1.75,3,137,18,3143.454796128836
746,3140.25,,0,125,62,3140.700324560133
747,3144.5,0.5,40,21,88,3145.4578865752155
748,3139.75,,0,184,21,3141.2011967064523
749,3144.625,1.75,29,22,96,3145.207791145943
750,3152.625,4.75,72,16,60,3150.9673425966275
751,3147.25,7.5,19,125,48,3151.4683297580746
752,3150.125,0.25,61,32,76,3151.217828545807
753,3146.0,0.5,40,208,22,3147.711983646414
754,3142.875,0.25,19,194,32,3144.206085256605
755,3141.375,0.75,15,169,38,3142.2026961925826
756,3141.875,0.25,42,144,54,3141.952348087784
757,3144.375,0.25,80,44,116,3145.958758764598
758,3141.25,0.5,36,161,45,3141.7019005093503
759,3140.625,0.25,23,94,76,3140.9506038175105
760,3143.125,1.75,82,48,71,3142.9537172324917
761,3137.625,0.75,9,142,48,3138.4464649284187
762,3139.875,0.25,77,42,60,3140.1991386166424
763,3136.875,0.75,11,180,44,3138.446265948734
764,3136.0,,0,115,60,3136.4428461726056
765,3131.5,,0,218,7,3133.4378275637737
766,3131.0,0.5,12,105,51,3131.9351306178605
767,3126.5,,0,128,44,3127.052176324988
768,3131.875,7.75,34,24,67,3129.431037779712
769,3133.5,1.0,61,39,72,3133.43761316085
770,3130.0,1.0,10,168,33,3131.935318289304
771,3133.25,1.0,62,37,65,3133.1872345510005
772,3128.75,0.5,5,196,21,3130.432916042132
773,3133.625,0.25,49,27,83,3135.1905623461894
774,3133.125,0.25,36,93,53,3133.688137292286
775,3128.125,0.25,14,196,21,3129.931898480564
776,3127.625,0.25,27,119,54,3128.1789340194127
777,3128.375,0.25,39,82,52,3128.6796683884286
778,3126.25,0.5,13,127,39,3127.6782148426123
779,3132.25,0.5,92,12,63,3133.187372078032
780,3135.75,,115,0,66,3139.197432388525
781,3139.5,,119,0,93,3141.451238614618
782,3138.625,0.25,117,34,83,3139.447994977996
783,3137.625,0.25,95,108,48,3138.196002095324
784,3140.375,0.25,78,11,89,3141.95217963647
785,3144.5,,244,0,11,3144.4563873973534
786,3143.875,0.25,102,46,56,3144.456395065549
787,3141.625,0.25,77,87,60,3142.202810970117
788,3145.375,0.25,171,11,37,3145.458055151634
789,3144.25,0.5,67,51,58,3145.2077607557185
790,3146.375,0.25,178,6,44,3145.7087017363897
791,3147.5,,209,0,23,3149.965682563975
792,3148.75,,241,0,22,3150.2162603573665
793,3150.25,,233,0,6,3151.4682531771086
794,3149.375,0.25,97,28,72,3149.464917601662
795,3147.125,1.75,36,15,101,3146.209573938819
796,3147.875,1.25,108,34,53,3147.46174265858
797,3150.5,,183,0,40,3154.7237649949207
798,3152.0,,234,0,15,3158.4799886529127
799,3152.25,,188,0,11,3153.972682816173
800,3152.125,0.25,98,28,53,3152.21968777566
801,3151.875,0.25,101,43,47,3152.4702957886243
802,3154.25,,204,0,21,3160.7336489650484
803,3155.375,0.25,164,2,48,3155.475245671512
804,3154.125,0.25,110,39,75,3153.471810753618
805,3154.0,1.0,118,29,64,3153.471734204273
806,3152.875,0.25,60,42,69,3152.9707777275107
807,3148.875,1.75,0,81,113,3148.463410581658
808,3148.625,0.25,69,77,42,3148.964030180549
809,3147.625,0.25,42,74,80,3146.960794165699
810,3147.25,0.5,42,65,86,3147.711891868928
811,3145.625,0.75,24,78,62,3145.4582306589823
812,3145.125,0.25,16,154,38,3145.4582306589823
813,3146.25,0.5,32,65,67,3146.458543950512
814,3147.125,0.25,32,62,80,3147.4589113612387
815,3149.875,0.25,152,14,21,3149.2093765807854
816,3146.75,0.5,47,77,48,3147.208909333293
817,3148.25,0.5,49,34,64,3148.7092884636254
818,3149.875,1.25,199,10,24,3149.209483652645
819,3149.25,0.5,100,57,52,3149.4595927105534
820,3151.0,1.0,185,6,37,3150.2098128486814
821,3149.875,0.25,66,69,46,3150.209843431455
822,3151.375,0.25,207,14,9,3150.4598530790618
823,3147.75,1.0,34,93,79,3148.459286432406
824,3148.5,0.5,68,40,40,3148.2090779726605
825,3145.375,0.25,18,94,73,3145.708377309525
826,3146.375,0.25,86,66,46,3146.208427253564
827,3145.125,0.25,23,185,28,3145.7083008839945
828,3145.75,0.5,89,72,57,3145.7083390985063
829,3147.5,0.5,121,40,61,3147.458842556546
830,3147.375,0.25,120,50,51,3147.7089516254364
831,3146.875,0.25,112,39,66,3147.20872582276
832,3143.5,1.0,6,101,85,3144.207883500744
833,3144.875,0.25,53,26,63,3144.958011932304
834,3145.0,1.0,27,61,57,3145.208021560362
835,3142.0,,0,183,46,3142.4571965387177
836,3140.0,,0,171,15,3140.7066548797457
837,3143.5,3.5,73,34,68,3141.9569019931355
838,3139.25,0.5,18,199,22,3140.206452057781
839,3141.0,1.5,75,39,56,3140.456461740819
840,3139.375,0.25,30,206,4,3140.2064214886623
841,3141.125,0.25,95,71,31,3140.956641626972
842,3141.375,0.25,31,128,62,3141.456867371324
843,3143.25,0.5,72,21,91,3143.457441663444
844,3141.625,2.25,23,107,38,3143.207454951747
845,3143.625,0.25,90,11,66,3143.957698018294
846,3145.5,1.0,121,10,51,3145.2080215763685
847,3142.875,0.75,73,87,46,3143.4575563521107
848,3143.625,0.75,108,56,56,3143.2074167262485
849,3142.125,0.25,64,219,21,3142.7072444798127
850,3141.625,0.25,66,117,58,3141.957039633566
851,3142.75,0.5,141,87,44,3142.70728269455
852,3144.125,0.25,118,51,84,3144.457801448956
853,3144.375,0.25,97,94,60,3144.457923766495
854,3146.0,,210,0,49,3146.7085153581256
855,3144.875,0.25,99,75,50,3145.2081286242314
856,3143.75,0.5,86,77,60,3144.2078682277006
857,3146.125,0.25,136,38,64,3146.4584980575423
858,3147.875,0.25,231,22,13,3147.208771736288
859,3146.625,0.25,92,120,53,3146.9587162019734
860,3146.75,0.5,130,56,67,3146.7086606593
861,3147.875,0.25,205,37,27,3147.458819620876
862,3146.125,0.25,74,76,66,3145.958394639737
863,3144.5,1.0,25,118,57,3145.208212712065
864,3147.625,0.75,51,39,80,3147.70892101488
865,3149.125,0.75,139,16,36,3148.4591717567755
866,3146.75,0.5,31,79,64,3147.2088634789397
867,3149.0,1.0,159,27,21,3147.959022457986
868,3146.875,0.25,36,121,28,3147.458865500821
869,3145.875,0.75,46,83,57,3146.208526634532
870,3148.625,1.75,194,37,18,3147.2087182010914
871,3145.125,1.25,42,68,81,3145.458191794939
872,3143.125,0.25,1,200,39,3143.45774733022
873,3149.125,0.75,90,38,74,3149.2092005402287
874,3144.25,2.5,28,91,65,3145.458466875783
875,3149.625,0.25,49,22,94,3150.45976122984
876,3149.875,0.25,128,14,70,3150.209774594348
877,3148.625,0.25,43,61,85,3147.9591677033154
878,3149.5,1.0,106,33,48,3149.209598227258
879,3152.25,,125,0,45,3153.9610281057708
880,3153.5,,194,0,10,3155.4617054438763
881,3153.5,,191,0,0,3158.9628117486923
882,3156.0,,167,0,45,3161.213686210889
883,3158.5,,170,0,9,3165.4650737827787
884,3160.25,,209,0,4,3169.216296885821
885,3161.25,,173,0,27,3170.216855381209
886,3162.25,,251,0,7,3175.4682510027765
887,3163.5,,235,0,16,3171.4671177140167
888,3163.75,,257,0,18,3166.2154774390533
889,3167.125,1.25,278,2,6,3165.215003105316
890,3163.5,0.5,88,100,55,3164.2147350608698
891,3167.125,0.75,234,39,21,3165.7150529801206
892,3163.5,0.5,60,108,65,3163.2143676144738
893,3162.625,0.75,40,89,83,3162.463948639065
894,3158.5,0.5,2,160,89,3158.2127368757174
895,3158.5,0.5,56,101,62,3158.712817436186
896,3161.75,0.5,162,87,42,3160.9635084156835
897,3161.875,0.25,100,106,61,3162.213816654408
898,3158.375,0.25,26,128,57,3158.462861214957
899,3161.875,0.25,192,69,19,3160.713269324828
900,3158.0,0.5,32,90,90,3156.962237463352
901,3156.125,0.25,41,108,62,3155.7118069171247
902,3157.875,0.75,86,59,47,3156.9620846085418
903,3156.125,0.25,26,97,65,3155.7116769017566
904,3152.25,,0,148,43,3152.710842219011
905,3153.375,0.25,33,80,85,3154.461208093994
906,3152.125,0.25,9,182,45,3153.2108998269564
907,3152.25,0.5,31,110,60,3152.960821351309
908,3153.625,0.25,87,91,62,3153.9609669655074
909,3147.75,1.5,6,171,34,3149.7097781445145
910,3149.0,0.5,68,47,71,3149.209628851658
911,3152.375,0.25,86,43,70,3153.210838545336
912,3155.25,0.5,71,35,81,3156.211696164547
913,3151.75,0.5,52,114,58,3152.4606681430646
914,3149.125,0.75,27,200,32,3150.5850719889618
915,3151.25,0.5,70,55,83,3152.2105896806
916,3155.25,0.5,97,13,83,3155.9619156838785
917,3156.75,,175,0,44,3162.964067195144
918,3159.0,,230,0,17,3164.7147926153107
919,3159.5,,201,0,14,3165.215048960888
920,3161.0,,170,0,20,3167.215630899977
921,3161.0,,191,0,0,3167.215722662316
922,3162.75,,203,0,19,3168.2160518489263
923,3165.0,,230,0,18,3169.716522705964
924,3168.25,,196,0,34,3170.2166184593625
925,3167.125,0.25,60,44,63,3167.2156843463395
926,3164.5,1.0,45,87,93,3163.9647482720525
927,3167.25,0.5,179,42,49,3166.4653572356083
928,3166.375,0.25,67,68,95,3166.465479584068
929,3168.625,0.25,196,8,25,3167.9660420890373
930,3171.5,,209,0,31,3172.4673017341333
931,3170.125,0.25,65,29,82,3170.466704463196
932,3166.125,0.25,30,69,79,3164.9651614747813
933,3168.875,3.25,120,47,35,3167.4656711391413
934,3166.75,0.5,44,91,58,3166.4655483637657
935,3170.75,0.5,199,33,22,3169.216388628126
936,3173.625,1.75,175,19,48,3172.2173456653486
937,3173.25,0.5,92,48,62,3172.967680526104
938,3173.625,0.25,104,55,54,3173.967986789338
939,3173.25,0.5,96,67,47,3173.967986788639
940,3173.375,0.75,98,57,71,3172.9676575821786
941,3172.25,0.5,61,78,85,3171.467156140044
942,3170.25,0.5,52,99,69,3169.966754083929
943,3172.875,0.25,178,56,24,3172.217513748624
944,3176.875,0.25,135,5,62,3177.719079671997
945,3176.125,0.25,58,50,79,3175.7187578018597
946,3178.0,,175,0,49,3178.219420257925
947,3179.0,0.5,184,1,44,3178.71965369223
948,3178.875,0.25,158,28,72,3179.219818290706
949,3179.125,0.25,185,35,42,3179.4698279286204
950,3178.125,0.25,114,56,95,3176.969119625334
951,3177.5,0.5,71,73,70,3176.719025875979
952,3178.625,0.75,136,49,44,3178.4695828292047
953,3180.625,0.25,165,4,56,3180.720334979227
954,3183.0,,201,0,23,3182.7208863212345
955,3181.375,0.25,81,7,96,3179.970137782187
956,3179.625,0.25,38,65,77,3178.969716862692
957,3177.625,0.25,26,91,87,3177.2191292857
958,3174.625,0.25,8,107,68,3175.218501491144
959,3174.75,0.5,62,62,77,3174.968377158983
960,3174.875,0.25,68,75,44,3175.218425049086
961,3174.625,0.25,67,80,46,3174.718252796921
962,3173.125,0.25,37,115,78,3173.467829819084
963,3172.125,0.25,11,78,93,3171.71721930186
964,3168.0,,0,181,15,3169.2165262780422
965,3172.5,2.0,82,53,46,3171.467133187876
966,3172.125,0.75,31,109,51,3172.9676040620643
967,3172.375,0.25,51,111,52,3172.217391571849
968,3170.125,0.25,21,171,40,3170.716920715627
969,3167.0,3.5,7,186,37,3169.9666164763985
970,3168.625,0.25,92,91,54,3168.4661379704617
971,3166.375,0.25,28,177,34,3167.465785846276
972,3166.25,0.5,33,159,38,3166.715542773524
973,3165.875,0.25,25,158,61,3166.7154357010954
974,3163.0,,0,243,31,3163.964633626891
975,3162.375,0.75,16,151,50,3163.2143905757207
976,3164.625,0.25,67,81,76,3164.964886389497
977,3165.75,0.5,61,103,55,3165.715236478583
978,3167.375,0.25,52,20,94,3168.466069133913
979,3169.125,0.25,130,14,56,3169.4664824575366
980,3170.75,0.5,124,16,55,3170.966991534343
981,3171.5,,254,0,19,3172.7175485243115
982,3174.5,0.5,213,6,19,3173.217797224473
983,3175.125,0.75,163,9,53,3174.9683312665616
984,3175.5,,182,0,49,3175.718620226606
985,3176.0,,206,0,43,3176.468886236469
986,3177.75,,225,0,36,3177.469200144195
987,3177.125,0.25,117,34,55,3177.7193168510903
988,3180.75,3.5,227,9,25,3178.2194355720994
989,3176.625,0.25,91,72,69,3177.2191675437784
990,3179.75,4.0,196,8,34,3177.2191828278205
991,3179.125,0.25,102,48,76,3178.719561923505
992,3176.75,0.5,77,111,53,3177.2190910317186
993,3174.375,0.75,24,61,84,3174.2180957625715
994,3171.5,,0,70,82,3170.967098550178
995,3171.25,,0,92,48,3171.467102635921
996,3169.75,,0,144,39,3170.216863107309
997,3171.25,3.5,21,31,91,3173.467562022668
998,3167.0,,0,138,48,3167.466076146148
999,3170.5,0.5,52,23,67,3171.216970580123
1000,3171.625,0.25,73,38,59,3171.7172728497026
1001,3173.125,0.75,69,28,66,3173.217766633304
1002,3175.0,1.0,131,16,33,3174.968338904111
1003,3175.875,0.25,114,19,40,3175.9685303881547
1004,3171.875,0.75,16,44,84,3171.217230485026
1005,3171.25,0.5,18,108,57,3171.717188754651
1006,3168.0,3.0,6,175,46,3170.4667963545826
1007,3167.875,0.75,42,97,64,3168.716201136163
1008,3166.125,0.25,5,158,51,3166.7155198046103
1009,3163.75,,0,167,40,3164.714922589517
1010,3165.625,0.25,95,67,52,3165.715091231167
1011,3162.875,0.25,13,233,33,3163.964603061501
1012,3162.625,0.25,22,159,53,3163.2142835343143
1013,3160.75,0.5,18,179,48,3161.4637800730434
1014,3161.75,0.5,48,118,41,3161.9638070419724
1015,3158.75,0.5,7,227,18,3159.96311031516
1016,3154.0,,0,239,20,3155.211726322
1017,3157.375,3.25,86,73,55,3155.9617095227068
1018,3152.25,,0,224,33,3153.21106030008
1019,3157.125,1.75,58,71,53,3156.7119984402448
1020,3157.375,0.25,66,106,47,3157.7123429719486
1021,3155.125,0.25,22,143,53,3156.2119371111844
1022,3155.375,0.25,27,94,57,3155.8368270389888
1023,3156.875,0.25,84,53,70,3157.2119984861693
1024,3150.5,,0,163,77,3150.4600516347755
1025,3146.75,,0,221,22,3147.9591141815804
1026,3146.875,0.25,24,133,61,3147.2087487736817
1027,3143.5,,0,233,41,3144.7080175286887
1028,3144.625,0.25,58,102,46,3144.707826349681
1029,3139.5,,0,220,21,3140.956672096413
1030,3136.25,,0,235,3,3137.955608075747
1031,3133.25,,0,205,19,3134.704687277309
1032,3138.5,2.5,84,57,60,3137.70550668511
1033,3139.875,0.25,112,38,55,3139.956213002879
1034,3138.625,0.25,57,138,45,3139.2059163210106
1035,3132.875,0.75,6,173,52,3134.2046295645973
1036,3139.0,2.0,30,21,68,3139.2058245479548
1037,3134.125,3.25,11,174,25,3136.955194725043
1038,3131.0,,0,174,34,3132.203757224551
1039,3131.25,,0,93,59,3131.453368990981
1040,3129.25,,0,165,53,3130.4531085980075
1041,3131.375,0.25,61,42,67,3131.9536786921
1042,3138.0,2.5,80,9,73,3137.705468289764
1043,3141.25,0.5,98,9,52,3141.4566532215435
1044,3137.875,0.75,23,148,15,3139.706203333495
1045,3136.875,0.75,20,101,57,3137.455626973705
1046,3139.875,0.25,49,23,74,3141.206658863106
1047,3141.375,0.25,62,39,67,3142.4570589317286
1048,3138.5,1.0,14,131,36,3140.206497914193
1049,3140.625,0.75,43,27,64,3141.456745046724
1050,3138.75,1.5,18,116,32,3140.206383246819
1051,3138.125,0.25,35,139,47,3138.7060422986547
1052,3141.375,0.25,78,18,107,3142.7072519772423
1053,3145.75,0.5,101,8,60,3146.708607009789
1054,3146.0,,202,0,10,3149.9596272780345
1055,3147.25,,215,0,18,3149.2095448112555
1056,3148.75,,209,0,4,3150.209843424225
1057,3149.5,,259,0,4,3151.4602816620104
1058,3151.0,,248,0,31,3153.2106626818545
1059,3147.5,1.5,78,56,86,3148.209345466056
1060,3150.75,1.0,217,4,36,3149.709564128492
1061,3147.625,0.25,69,78,88,3147.9590988989494
1062,3147.125,0.25,99,22,80,3147.4588119489754
1063,3145.25,0.5,36,65,87,3144.458046030052
1064,3147.75,0.5,80,40,52,3147.7088368883483
1065,3145.625,0.75,13,95,57,3146.4585515864774
1066,3144.625,0.25,14,120,36,3145.4581535669945
1067,3141.75,,0,177,29,3142.9575751040634
1068,3147.375,1.25,34,33,95,3148.208963183626
1069,3147.125,0.25,73,58,54,3147.4590107163085
1070,3150.875,0.25,195,0,46,3150.7098091414414
1071,3146.75,0.5,64,67,72,3147.458980143289
1072,3146.625,0.25,115,38,59,3147.2088940372523
1073,3148.25,,193,0,34,3149.959596689006
1074,3147.125,0.25,119,18,78,3147.708982165373
1075,3146.125,0.25,68,50,90,3145.70827025313
1076,3142.125,1.75,10,136,51,3143.2074931546103
1077,3142.75,0.5,38,93,55,3142.9573229583925
1078,3141.625,0.25,10,149,51,3142.2071028190107
1079,3141.875,0.25,30,158,47,3142.207072242495
1080,3141.625,0.25,68,194,59,3141.9571083883948
1081,3142.5,2.0,77,45,128,3145.458084724228
1082,3144.5,0.5,148,29,77,3145.208098051968
1083,3143.75,0.5,112,107,46,3144.4579161406573
1084,3144.875,0.25,172,49,61,3145.708323782557
1085,3146.375,0.25,108,19,100,3148.2090244384053
1086,3146.125,0.25,144,38,59,3146.7086759409976
1087,3146.875,0.25,202,25,47,3146.708607140185
1088,3146.25,0.5,109,52,77,3145.958333463502
1089,3143.625,0.25,45,88,70,3143.9577362361238
1090,3143.5,1.0,20,122,58,3143.707489509193
1091,3138.75,,0,199,34,3139.9564117587274
1092,3139.375,0.25,22,123,56,3139.7062416020863
1093,3139.875,0.25,43,98,80,3140.2063220810664
1094,3138.75,0.5,34,134,44,3138.4558415592737
1095,3138.125,0.25,22,139,76,3138.4557880571133
1096,3137.75,0.5,10,121,52,3138.45581863493
1097,3138.625,0.25,77,76,51,3139.456178381857
1098,3142.125,0.75,127,33,57,3141.956924915788
1099,3140.875,0.75,72,104,53,3142.2069574803054
1100,3137.375,0.25,35,140,47,3138.455856788069
1101,3136.25,0.5,24,113,65,3136.9553706962797
1102,3137.875,0.25,75,43,54,3138.7058741464625
1103,3139.375,0.25,91,30,77,3140.4563699578976
1104,3138.125,0.25,61,135,36,3138.7058970920684
1105,3137.125,0.25,45,146,64,3137.705552623592
1106,3137.375,0.25,57,95,51,3137.455497076084
1107,3138.75,0.5,90,77,59,3138.9559067727605
1108,3138.125,0.25,60,111,43,3138.7060575100427
1109,3139.25,2.5,67,17,94,3144.457633084868
1110,3142.125,0.75,85,3,68,3142.9573917533494
1111,3143.375,0.25,157,2,40,3143.2073937861314
1112,3142.25,0.5,64,26,71,3142.457127751014
1113,3139.125,0.25,34,95,47,3140.456392798024
1114,3134.5,,0,198,31,3135.7049629296503
1115,3134.125,0.75,22,145,50,3134.954482871832
1116,3129.75,,0,200,31,3130.953204236987
1117,3125.25,,0,236,4,3126.9518875100725
1118,3124.375,0.25,11,121,60,3124.951060896218
1119,3119.25,,0,189,27,3120.449793583551
1120,3122.375,0.25,72,37,68,3122.700308819035
1121,3122.875,0.25,30,64,60,3123.200274337725
1122,3114.0,,0,174,36,3115.1979389211733
1123,3110.75,,0,158,9,3112.447037691739
1124,3119.5,7.0,96,3,69,3116.4480486746247
1125,3111.5,4.5,28,180,10,3115.1978245656
1126,3117.0,6.0,56,9,86,3115.4476773448337
1127,3108.0,0.5,9,164,36,3109.5711389065664
1128,3115.0,4.5,80,22,56,3113.447164256643
1129,3116.625,0.25,95,37,44,3116.948251526864
1130,3114.875,0.25,38,115,42,3116.198420978466
1131,3123.0,,66,0,95,3125.200993806918
1132,3125.75,0.5,107,19,74,3126.701625593804
1133,3122.875,0.25,53,144,28,3124.4511486238857
1134,3127.75,0.5,111,15,70,3128.2021040621125
1135,3127.125,0.75,73,61,69,3126.951818771783
1136,3124.0,2.5,36,159,46,3125.4512637779585
1137,3121.625,0.25,15,172,47,3122.4502302263704
1138,3115.625,1.75,0,207,18,3117.9487411682853
1139,3112.875,0.75,13,190,61,3113.94751621609
1140,3114.375,0.25,54,90,80,3115.4477195025643
1141,3111.0,,0,176,30,3112.196852230118
1142,3111.875,0.25,35,66,70,3112.446793140713
1143,3110.625,0.75,13,118,56,3111.446685518161
1144,3111.375,2.25,13,20,113,3116.948358363901
1145,3124.25,5.5,128,3,55,3121.6997730471157
1146,3114.125,6.25,40,96,54,3118.4489211510568
1147,3115.375,0.25,109,34,54,3115.9483197164386
1148,3123.25,2.5,125,10,65,3122.7001862910565
1149,3123.875,0.75,130,25,60,3123.7006915528004
1150,3123.75,0.5,133,42,60,3124.2008714475965
1151,3123.625,0.25,173,46,43,3124.4508045378866
1152,3123.0,2.0,64,54,113,3119.4493649916885
1153,3116.125,4.25,37,105,69,3118.449096935009
1154,3123.875,0.25,106,48,65,3123.9506246269016
1155,3123.625,0.25,90,86,56,3123.950854123096
1156,3124.875,0.75,119,30,48,3125.951535382983
1157,3128.375,0.25,111,3,62,3129.7025519243384
1158,3126.75,0.5,31,61,82,3126.2015641243447
1159,3123.25,0.5,29,56,80,3122.575380401184
1160,3119.375,2.75,10,94,69,3120.9498703458385
1161,3121.75,0.5,69,49,52,3122.950303167602
1162,3119.25,0.5,21,176,35,3120.199623436601
1163,3120.375,0.25,80,76,44,3121.449992867724
1164,3123.875,1.25,54,36,97,3124.700959541782
1165,3125.5,2.0,117,37,59,3124.95110688002
1166,3124.625,0.25,52,34,65,3124.2009861053803
1167,3128.125,1.25,169,8,29,3126.951895093016
1168,3129.5,,164,0,26,3131.953311701459
1169,3129.5,0.5,96,3,82,3129.2026320686923
1170,3127.75,0.5,21,63,84,3127.452113334881
1171,3129.625,0.75,123,20,51,3129.452442802424
1172,3124.75,0.5,5,56,87,3123.4507199172394
1173,3121.0,0.5,1,79,80,3120.699864444522
1174,3122.875,0.25,67,46,79,3124.2007796472803
1175,3123.375,0.25,49,53,55,3124.4509269839414
1176,3122.625,0.25,41,101,44,3123.45060542849
1177,3121.625,0.25,30,121,74,3121.950203377245
1178,3122.75,0.5,69,59,68,3123.700829012625
1179,3124.625,4.25,37,8,108,3129.4525039991045
1180,3127.5,,178,0,5,3129.2025403437333
1181,3127.5,0.5,80,11,67,3126.951879936388
1182,3126.625,0.75,40,33,74,3126.451654193461
1183,3126.25,0.5,46,10,73,3125.951344208101
1184,3121.25,1.5,5,44,73,3120.949912303168
1185,3120.375,0.75,26,89,55,3120.9496294556657
1186,3115.25,,0,185,20,3116.69850940061
1187,3118.75,1.5,36,39,77,3119.449334332189
1188,3124.25,1.5,31,17,102,3125.200917504289
1189,3121.5,0.5,14,79,69,3120.949828214703
1190,3116.875,0.75,11,196,11,3118.949200477286
1191,3119.875,0.25,40,58,71,3121.1998379442075
1192,3121.875,0.25,64,31,89,3123.2003433589484
1193,3116.75,0.5,18,204,10,3118.949200424564
1194,3118.25,1.0,66,48,71,3118.949039952948
1195,3116.25,0.5,19,143,38,3117.948703097987
1196,3115.5,0.5,21,120,38,3116.198329492393
1197,3120.375,1.75,37,30,91,3121.1996237637272
1198,3116.375,2.25,22,154,32,3118.9491163784755
1199,3118.25,0.5,81,77,46,3118.1987662741917
1200,3115.0,0.5,8,197,50,3115.9481593650908
1201,3117.625,0.25,83,75,59,3117.698525213424
1202,3114.125,0.25,5,168,27,3115.698126712591
1203,3118.25,0.5,27,39,73,3119.4490821460317
1204,3117.0,0.5,16,147,41,3117.948840698907
1205,3119.625,0.25,68,33,82,3120.199493457701
1206,3121.75,0.5,93,23,72,3122.200063924299
1207,3119.625,0.25,38,71,58,3120.074465691006
1208,3117.125,0.75,17,171,55,3118.1988389144426
1209,3116.25,1.5,1,124,64,3117.1985670509525
1210,3117.875,0.25,35,73,66,3119.449173950476
1211,3118.875,0.25,75,72,58,3119.449357396944
1212,3121.75,0.5,35,26,89,3123.2004045658305
1213,3121.625,0.75,91,37,54,3122.7004082378903
1214,3122.75,0.5,155,13,64,3123.7008290600447
1215,3124.75,,210,0,15,3128.702230372025
1216,3124.75,,237,0,0,3127.2019201868693
1217,3125.625,0.25,166,8,71,3125.9515195733634
1218,3125.625,0.25,143,29,55,3125.9515195733634
1219,3130.25,4.5,258,8,26,3127.479113325193
1220,3128.25,0.5,80,54,68,3128.752076199234
1221,3126.5,0.5,98,112,41,3127.2245674609558
1222,3128.375,0.75,219,46,26,3127.4790744173165
1223,3126.625,0.25,86,76,92,3126.206057036384
1224,3124.75,0.5,23,68,90,3124.1692930951426
1225,3124.625,0.25,52,68,56,3124.6784549029526
1226,3127.75,2.0,196,38,26,3125.9513788411628
1227,3123.875,0.75,13,93,82,3124.1692463906256
1228,3123.125,0.25,40,73,56,3123.4054064144752
1229,3122.75,0.5,56,59,59,3123.1508449605662
1230,3124.875,0.25,108,47,62,3124.9329929836667
1231,3125.25,0.5,113,35,70,3125.187655627809
1232,3125.75,0.5,146,38,49,3125.696903033011
1233,3127.875,0.25,182,15,39,3127.479043272923
1234,3126.125,0.25,50,93,49,3126.7153745193677
1235,3128.875,0.25,176,8,37,3128.4974291154604
1236,3125.75,0.5,58,53,65,3126.206111515068
1237,3124.75,0.5,71,57,62,3124.933016323002
1238,3122.875,0.75,19,72,75,3122.896182310226
1239,3119.25,2.5,10,143,30,3121.1139720339315
1240,3120.875,0.25,65,50,44,3121.113847484356
1241,3118.0,,0,162,25,3118.822592114549
1242,3121.375,0.25,66,34,60,3121.3684166941557
1243,3118.625,1.75,7,179,17,3120.350124261909
1244,3120.5,1.0,68,58,52,3120.35008535177
1245,3118.625,1.25,29,164,32,3120.095539464934
1246,3121.25,0.5,79,33,93,3121.623017049967
1247,3118.25,0.5,43,205,20,3119.3317072323825
1248,3118.375,0.25,63,136,62,3118.567719270454
1249,3113.25,,0,202,46,3113.985006225416
1250,3112.625,0.25,10,167,58,3113.2212595816573
1251,3114.875,4.75,23,60,98,3118.8221794223027
1252,3115.375,0.25,44,96,77,3115.767216566166
1253,3114.625,0.25,38,139,43,3115.003329917316
1254,3114.125,0.25,27,114,53,3114.4940591269856
1255,3111.25,0.5,11,191,22,3112.457326309845
1256,3112.875,0.25,84,51,53,3113.221026216754
1257,3111.625,1.25,30,161,40,3112.7119111085103
1258,3113.375,0.25,76,79,70,3114.239388701754
1259,3111.125,0.25,46,216,27,3112.202710385201
1260,3112.75,0.5,73,76,44,3112.7118955344995
1261,3113.875,0.25,84,48,91,3114.7485971959927
1262,3112.375,0.25,44,148,45,3112.966456963432
1263,3109.875,0.75,24,239,20,3111.184312832386
1264,3112.375,0.25,47,81,73,3113.093729910277
1265,3113.375,0.25,79,81,65,3113.9848701015867
1266,3114.25,0.5,76,78,66,3114.2395521751814
1267,3115.875,0.25,97,51,75,3116.2763161243847
1268,3116.375,0.25,79,56,69,3116.7855635623014
1269,3116.0,1.0,40,93,72,3116.7855090518465
1270,3113.625,0.25,24,195,31,3114.494121377448
1271,3110.125,3.25,7,172,41,3112.7118955418864
1272,3111.875,0.25,69,52,63,3112.4572407129394
1273,3112.375,0.25,53,92,63,3112.2027259331308
1274,3114.375,0.25,93,38,92,3115.003150809312
1275,3111.125,0.25,34,157,34,3112.202624696185
1276,3107.875,0.75,2,189,45,3109.147447677207
1277,3110.0,1.0,80,92,43,3109.783862994978
1278,3110.375,0.25,19,105,64,3110.6750653691947
1279,3113.625,0.75,62,22,98,3114.2391938678966
1280,3106.5,1.0,6,159,41,3107.874395087565
1281,3103.75,,0,171,33,3104.819214253165
1282,3108.0,0.5,56,44,86,3108.892461875841
1283,3103.125,0.25,14,189,25,3104.3099901781
1284,3106.875,2.75,46,17,61,3106.6012300464467
1285,3107.75,0.5,76,34,70,3108.129011125793
1286,3112.875,2.25,49,5,111,3113.221173618448
1287,3115.0,,189,0,22,3121.8775236495467
1288,3116.75,,221,0,15,3123.4051727207006
1289,3117.375,0.25,126,15,46,3117.804151652472
1290,3117.125,0.25,91,23,69,3116.785431069087
1291,3111.75,0.5,21,43,99,3110.9296850538653
1292,3106.375,0.75,10,159,25,3108.1289567274416
1293,3106.25,0.5,22,67,66,3107.110329439165
1294,3100.0,,0,222,31,3101.5091214460253
1295,3094.75,,0,218,3,3096.926120416916
1296,3089.75,,0,224,10,3091.5797074265447
1297,3098.125,4.25,45,50,79,3097.180619658839
1298,3097.625,0.25,20,136,49,3098.453707217216
1299,3096.125,0.25,22,190,53,3096.926392862852
1300,3102.25,2.0,53,27,128,3103.5457842475853
1301,3104.875,1.75,105,21,81,3104.5643882742024
1302,3104.75,0.5,73,48,70,3105.5829763476872
1303,3108.5,,124,0,75,3111.6932915303146
1304,3108.75,,244,0,16,3113.730149042889
1305,3110.0,,207,0,42,3111.438862594453
1306,3110.625,0.75,151,4,51,3110.929513967898
1307,3109.125,0.25,90,30,92,3107.87437971739
1308,3106.75,0.5,85,57,64,3107.6196626387764
1309,3105.125,1.25,45,114,48,3106.601144339791
1310,3100.75,,0,164,47,3102.0183534121293
1311,3097.5,,0,177,12,3098.9630713685656
1312,3097.0,0.5,8,114,69,3097.944560992618
1313,3095.0,,0,162,45,3096.4169821980904
1314,3095.375,0.25,18,91,58,3096.671636991642
1315,3099.125,0.75,69,32,71,3100.235971953868
1316,3100.875,0.25,87,48,64,3101.254552417689
1317,3103.375,0.25,73,20,68,3104.564115633151
1318,3097.875,0.75,17,130,50,3098.963086782257
1319,3093.875,0.75,3,162,27,3095.907843709981
1320,3096.75,0.5,76,32,48,3097.1806742968183
1321,3094.125,1.25,13,123,47,3095.907874807005
1322,3099.0,0.5,44,6,69,3099.981387118831
1323,3100.625,0.25,45,18,105,3102.272759249577
1324,3096.125,5.25,14,127,49,3099.4722175593647
1325,3096.25,0.5,16,105,66,3096.4170132973404
1326,3094.125,1.25,14,130,49,3096.162311792339
1327,3095.25,0.5,87,85,62,3095.653118853442
1328,3094.125,0.25,56,138,47,3095.6530020444643
1329,3091.75,,0,154,69,3092.3433063545644
1330,3092.25,0.5,37,95,58,3092.5977666487397
1331,3090.375,1.25,7,142,62,3091.579209339141
1332,3083.5,,0,193,19,3085.214449418896
1333,3086.875,0.25,50,33,57,3088.0146409265003
1334,3082.25,,0,187,25,3083.6865126011708
1335,3077.75,,0,221,25,3079.103815162288
1336,3081.125,0.75,21,58,72,3082.413401973148
1337,3083.0,1.0,89,72,58,3083.1772108528603
1338,3080.125,0.25,16,184,32,3080.8857842050884
1339,3075.5,,0,200,33,3077.0667087250167
1340,3071.75,,0,235,21,3073.247602173848
1341,3068.5,,0,202,35,3069.9377586553687
1342,3068.75,0.5,32,118,58,3069.173708395803
1343,3061.75,,0,242,14,3063.572687320081
1344,3064.75,1.0,55,62,50,3064.8457977019343
1345,3071.5,14.5,15,20,107,3075.284248870176
1346,3078.25,1.0,53,20,89,3079.103402671609
1347,3073.125,4.75,19,123,21,3077.3215192642383
1348,3080.875,0.25,86,0,70,3082.158809296771
1349,3084.0,1.0,74,12,89,3084.959366587704
1350,3079.625,0.25,26,140,33,3081.395101704617
1351,3075.25,7.5,15,121,66,3079.6128758997875
1352,3079.875,0.25,83,37,74,3080.631043725126
1353,3074.875,0.25,20,147,45,3075.7940569360144
1354,3082.25,0.5,51,14,89,3083.686473372178
1355,3084.75,,65,0,104,3090.051521559495
1356,3086.0,,190,0,12,3089.7971782604327
1357,3086.0,,237,0,0,3091.5794351929867
1358,3087.75,,245,0,23,3095.3984638992238
1359,3088.75,,242,0,13,3098.1991223995947
1360,3089.5,,251,0,3,3098.962978001126
1361,3091.5,,240,0,7,3098.708338702556
1362,3098.75,,222,0,3,3096.4169666045177
1363,3095.25,2.0,69,44,74,3095.3984484156204
1364,3091.875,1.25,68,94,74,3092.852740289929
1365,3099.75,,200,0,53,3100.999679347904
1366,3101.25,,249,0,30,3102.7821312530973
1367,3102.0,,291,0,14,3104.564535948941
1368,3105.0,,264,0,17,3111.184036311612
1369,3105.75,,272,0,5,3112.457357323585
1370,3107.75,,274,0,19,3117.5491153339344
1371,3111.25,,247,0,26,3113.221127289466
1372,3111.125,0.75,139,24,64,3110.9297474727705
1373,3112.75,,206,0,60,3113.730211331569
1374,3113.125,0.75,148,24,71,3114.239552171309
1375,3115.25,,222,0,29,3116.5310564638216
1376,3116.75,,226,0,3,3121.6229936070395
1377,3118.5,,208,0,20,3122.1323968031425
1378,3122.25,,221,0,19,3124.1689191742025
1379,3117.25,2.5,42,21,104,3116.531126358045
1380,3114.625,0.75,31,55,88,3113.9851306979835
1381,3119.625,0.75,159,4,42,3119.3312943673723
1382,3113.125,1.25,15,66,80,3112.712198795009
1383,3119.25,1.5,166,20,27,3117.549208845088
1384,3114.375,2.75,38,48,77,3116.021832529008
1385,3117.875,3.25,143,8,43,3117.0402495028725
1386,3122.125,0.75,204,3,22,3120.095461569924
1387,3121.75,0.5,120,2,56,3122.386997100358
1388,3122.75,,259,0,2,3125.951223016473
1389,3122.0,0.5,125,29,64,3121.3685800505327
1390,3119.5,1.5,48,67,77,3118.568007303433
1391,3121.75,1.0,172,30,36,3121.3682374458867
1392,3113.25,1.5,5,84,65,3114.748892800103
1393,3112.875,0.25,65,81,52,3113.9847493196785
1394,3109.75,0.5,6,119,78,3108.638375255899
1395,3113.625,0.25,170,73,20,3111.693377301176
1396,3112.625,0.25,60,112,60,3113.475501940115
1397,3109.0,1.0,7,133,78,3109.656589952392
1398,3103.5,3.5,4,201,32,3107.1104930217894
1399,3104.125,0.75,31,95,62,3105.3283216644268
1400,3106.625,0.25,77,74,56,3107.110562987102
1401,3112.375,2.75,88,24,68,3111.9477517843297
1402,3107.0,1.0,44,79,65,3107.87435630755
1403,3104.5,1.0,24,121,42,3105.8375534997053
1404,3107.75,1.5,89,40,61,3107.874052648937
1405,3101.25,,0,176,53,3102.018466254339
1406,3099.625,1.75,10,162,51,3101.381731988587
1407,3096.625,1.25,10,171,40,3098.9631141972795
1408,3100.875,2.25,100,80,57,3099.9814728297097
1409,3101.875,0.25,72,81,52,3102.01828347659
1410,3101.25,1.5,50,101,56,3103.291316422783
1411,3102.375,0.25,103,123,54,3103.5458700558243
1412,3098.875,0.75,34,178,39,3100.999920946232
1413,3099.375,0.25,61,98,82,3099.9812390429674
1414,3093.0,,0,155,59,3092.343477365189
1415,3093.125,0.25,11,126,54,3093.871001751226
1416,3099.125,0.75,41,35,95,3100.490509875377
1417,3100.875,0.25,65,44,61,3102.2729616280103
1418,3105.125,0.75,77,6,75,3105.582704042515
1419,3105.25,0.5,67,13,74,3105.073729049532
1420,3105.5,,213,0,13,3108.6380873376843
1421,3106.5,,212,0,14,3111.184090981805
1422,3107.0,,275,0,23,3110.165868582073
1423,3108.75,,246,0,34,3112.4571317045784
1424,3109.75,,229,0,35,3111.184363368408
1425,3112.5,,237,0,16,3115.257829007899
1426,3115.0,,246,0,4,3116.021848038661
1427,3117.5,,249,0,29,3119.840814487421
1428,3118.0,,222,0,16,3121.62304041604
1429,3119.0,,187,0,27,3120.350248731816
1430,3126.5,,252,0,8,3124.169082870844
1431,3120.875,4.25,64,65,52,3123.659866543848
1432,3119.625,0.25,79,51,64,3118.822654310631
1433,3119.75,0.5,156,54,64,3120.8592549161
1434,3120.625,0.75,169,43,61,3121.1139409079265
1435,3121.375,0.25,136,19,62,3122.1323656880118
1436,3122.5,,223,0,20,3123.66008451055
1437,3124.0,,197,0,31,3127.9882594705405
1438,3126.0,,251,0,22,3129.770656595977
1439,3126.75,,221,0,15,3133.589615289611
1440,3129.0,,223,0,27,3134.098925053464
1441,3130.0,,268,0,20,3134.353595454067
1442,3132.25,,238,0,28,3136.390468291001
1443,3133.75,,260,0,10,3140.463855975192
1444,3134.25,,241,0,21,3135.3720901802985
1445,3133.625,0.25,95,23,79,3134.0991117674603
1446,3136.0,,207,0,24,3138.6817625471485
1447,3139.0,,246,0,37,3139.4457193855696
1448,3140.25,,206,0,29,3140.7185342160924
1449,3135.875,0.25,75,47,85,3135.117326104079
1450,3134.25,4.5,27,26,111,3128.2430620472464
1451,3126.0,,0,51,89,3125.187756779226
1452,3126.0,1.0,61,33,61,3125.6968018510947
1453,3123.875,0.25,17,71,91,3124.1693242202014
1454,3127.5,1.0,151,25,33,3126.206088157656
1455,3127.875,0.25,87,24,58,3128.4975458687454
1456,3134.125,4.25,193,12,23,3130.5343487680834
1457,3128.5,3.0,20,46,67,3130.279950722154
1458,3135.875,0.25,194,2,30,3134.6081567165907
1459,3137.0,,229,0,17,3139.1909554806466
1460,3136.75,,203,0,4,3139.19121238078
1461,3139.0,,214,0,17,3143.0101399142163
1462,3139.75,,250,0,14,3144.2831183758226
1463,3139.375,0.25,114,17,60,3140.9735394211434
1464,3141.0,,232,0,19,3143.7740888426574
1465,3145.25,,237,0,9,3148.102271621056
1466,3148.0,,222,0,15,3148.866275122717
1467,3150.75,,203,0,30,3151.921424936806
1468,3152.5,,172,0,35,3152.4304619415343
1469,3146.625,0.25,26,14,90,3144.5382010550697
1470,3147.5,1.0,89,13,58,3147.593063174703
1471,3147.125,0.25,79,41,67,3147.338556255197
1472,3146.625,0.25,96,82,58,3147.083839071171
1473,3144.5,1.0,18,78,96,3143.2648881651608
1474,3141.875,0.75,6,109,69,3141.4826468075767
1475,3141.75,0.5,75,52,60,3142.246463418984
1476,3147.25,1.0,154,29,26,3145.3016599204398
1477,3146.375,0.25,70,82,56,3147.338563996779
1478,3149.875,1.25,152,2,56,3149.6299283204385
1479,3149.125,0.25,82,28,60,3148.611558024956
1480,3146.125,0.25,21,72,71,3146.320248195553
1481,3149.375,0.25,184,26,23,3148.102341755267
1482,3148.25,0.5,81,40,49,3148.611558049498
1483,3148.25,1.0,73,41,68,3147.8477725401303
1484,3148.0,0.5,83,61,55,3147.0839247512763
1485,3146.125,0.25,35,126,57,3145.5562525006844
1486,3143.75,,0,101,116,3142.5010092478483
1487,3139.0,,0,179,56,3139.700249557472
1488,3133.0,,0,240,6,3134.862842758403
1489,3131.375,0.75,13,154,52,3132.825868728024
1490,3129.5,,0,166,59,3130.025513616982
1491,3140.125,8.75,32,29,105,3137.408706061937
1492,3140.25,0.5,67,44,58,3140.464120753303
1493,3145.5,2.0,193,12,24,3143.0100231341835
1494,3140.125,0.75,52,60,79,3139.1913135208856
1495,3144.125,3.75,168,25,50,3142.50093143872
1496,3144.5,2.0,108,26,69,3143.519364051004
1497,3142.875,0.25,65,68,61,3142.246479014502
1498,3143.375,0.25,116,53,56,3143.774096688612
1499,3146.875,0.25,179,9,50,3147.083846872407
1500,3146.625,0.25,119,18,61,3147.08392476286
1501,3146.125,0.25,90,12,57,3146.3201859527385
1502,3147.625,0.75,164,10,56,3147.593133258968
1503,3147.75,0.5,132,32,57,3147.847679096513
1504,3146.375,0.25,61,38,85,3145.0470439354526
1505,3145.75,1.5,39,42,95,3140.9733681231496
1506,3138.0,,0,81,99,3137.4089787446205
1507,3138.0,0.5,16,117,60,3138.4272401314743
1508,3137.875,0.25,34,115,65,3138.427341294855
1509,3140.5,1.0,77,40,84,3140.7186277522283
1510,3138.125,0.75,28,147,57,3139.1910567228074
1511,3135.75,,0,156,54,3136.3904683559854
1512,3134.0,0.5,4,164,38,3135.62655833658
1513,3134.0,0.5,35,129,60,3134.099080672017
1514,3137.125,1.75,82,38,89,3137.4087296628268
1515,3136.625,0.25,58,88,51,3137.1540669299807
1516,3131.0,,0,168,57,3131.552913469319
1517,3125.75,,0,205,1,3127.9884074064366
1518,3126.625,0.25,29,67,60,3126.715335617532
1519,3126.125,0.25,15,114,51,3126.71531227225
1520,3126.875,0.25,50,53,46,3127.224582999144
1521,3128.5,,96,0,70,3130.0249766788183
1522,3124.0,,0,146,48,3125.442349278288
1523,3123.5,0.5,9,78,58,3123.9146226845714
1524,3121.5,,0,133,40,3122.896108338216
1525,3118.5,,0,153,41,3119.713486930016
1526,3113.0,,0,188,38,3113.730503086302
1527,3113.875,0.25,65,83,56,3115.00329878118
1528,3114.375,0.25,86,95,56,3115.512530634014
1529,3114.875,0.25,57,102,56,3115.767099836308
1530,3114.125,0.25,42,124,49,3114.4936296303986
1531,3097.0,,0,178,61,3097.6905196997286
1532,3098.125,0.25,39,69,60,3098.96300136454
1533,3098.75,0.5,42,64,77,3099.9814417120883
1534,3099.625,0.25,77,55,70,3101.000091904329
1535,3110.875,8.25,40,34,77,3109.147046511993
1536,3102.0,6.0,38,222,0,3107.8743719567683
1537,3109.125,3.75,91,49,86,3109.1473037085057
1538,3108.625,0.25,59,115,66,3109.401857336597
1539,3103.375,5.25,33,162,42,3106.855845924323
1540,3102.75,0.5,37,114,45,3103.8006883572143
1541,3103.375,0.25,84,85,60,3104.8191441599597
1542,3108.875,0.25,72,25,71,3110.6750532721626
1543,3110.25,3.5,35,12,88,3118.8222415472296
1544,3114.0,,118,0,60,3120.349921777588
1545,3116.125,0.25,100,15,49,3116.27622228388
1546,3106.0,1.5,28,144,50,3107.619833454157
1547,3102.75,0.5,20,127,38,3103.800579303661
1548,3098.5,,0,155,50,3100.490650107364
1549,3095.0,,0,129,28,3096.926354057556
1550,3095.875,2.25,15,41,99,3100.235964179272
1551,3100.125,0.75,70,28,55,3100.745133742698
1552,3094.875,0.25,10,152,39,3096.926346275856
1553,3098.375,1.25,52,32,70,3099.7267556960223
1554,3099.375,0.25,59,60,67,3099.9813716357294
1555,3098.625,0.25,34,124,63,3097.944607681605
1556,3094.875,0.25,11,172,34,3096.926089469602
1557,3093.0,1.0,23,112,68,3094.125415393081
1558,3089.25,,0,167,35,3090.0518330459518
1559,3088.5,0.5,27,134,56,3089.5425623471283
1560,3090.125,0.25,75,64,70,3090.8155252197525
1561,3090.25,0.5,26,72,60,3091.324834882202
1562,3092.375,0.25,72,18,103,3094.125508779423
1563,3096.0,,86,0,72,3098.708299690269
1564,3098.5,,124,0,65,3099.9812079884605
1565,3091.625,0.25,49,165,29,3093.6165725477845
1566,3097.375,2.75,78,13,85,3098.1988341026595
1567,3090.25,0.5,38,109,44,3091.324850170948
1568,3086.25,,0,143,61,3087.251275735556
1569,3089.5,0.5,31,18,75,3091.070047676676
1570,3089.875,0.25,47,82,53,3091.324772647616
1571,3091.125,0.25,78,32,74,3091.8341444434163
1572,3095.875,0.25,86,21,81,3097.689851484419
1573,3099.25,0.5,119,2,59,3099.726872416706
1574,3101.625,0.25,116,17,55,3103.0367548659665
1575,3104.0,,240,0,19,3106.855651282744
1576,3103.25,0.5,91,9,62,3103.800711687923
1577,3105.0,,248,0,17,3105.5827896989795
1578,3105.0,,165,0,47,3106.346450524395
1579,3102.375,0.25,47,28,92,3100.7454060946857
1580,3099.25,0.5,21,69,89,3099.726841352017
1581,3094.625,7.25,0,102,65,3098.962954625139
1582,3095.875,0.25,47,53,48,3096.41706778054
1583,3097.25,0.5,68,70,70,3098.4538239311323
1584,3097.875,1.75,57,38,79,3101.5089893315244
1585,3099.625,0.25,111,37,64,3101.2544668578853
1586,3099.875,0.25,82,119,47,3100.4907591544647
1587,3102.375,0.25,196,14,47,3103.0365291348844
1588,3099.25,0.5,70,47,73,3098.708447575127
1589,3095.375,0.25,18,122,70,3095.9078748318843
1590,3097.75,1.5,82,40,70,3098.4538005759714
1591,3100.625,0.25,106,27,61,3101.2544123315915
1592,3100.75,0.5,104,21,72,3101.76369092438
1593,3100.75,0.5,105,53,46,3102.018221199955
1594,3100.0,0.5,30,63,90,3099.47226430779
1595,3097.875,0.25,37,95,69,3098.1991457588565
1596,3093.625,0.75,4,200,25,3095.653165531518
1597,3094.375,0.25,18,90,55,3095.143972604324
1598,3096.375,0.25,60,34,70,3097.435329116457
1599,3098.25,0.5,86,56,48,3098.708268619368
1600,3093.625,0.25,18,193,13,3095.6532277790243
1601,3097.75,0.5,121,31,45,3096.6714424302368
1602,3093.75,0.5,31,146,35,3094.6347407501758
1603,3094.0,1.0,31,63,54,3094.889185416037
1604,3091.5,,0,132,52,3092.088659305623
1605,3090.875,0.25,12,147,47,3091.579341858271
1606,3088.5,2.0,9,204,58,3090.051716337774
1607,3087.375,0.25,8,192,44,3088.269482692516
1608,3086.125,0.25,7,192,48,3086.9963407239607
1609,3081.5,,0,262,26,3082.9227972587064
1610,3081.625,0.25,50,140,48,3082.1588094135805
1611,3077.75,,0,216,28,3079.3582054542385
1612,3076.5,,0,175,42,3077.321565896807
1613,3082.375,0.25,74,71,68,3083.4316943055865
1614,3081.625,1.25,50,128,58,3082.41372869078
1615,3088.625,1.25,85,7,92,3089.54221958397
1616,3083.375,4.75,36,132,38,3087.2512290678624
1617,3089.5,,84,0,88,3091.3247491530897
1618,3093.0,,110,0,86,3094.889185388417
1619,3093.5,,243,0,8,3095.398565159392
1620,3094.0,,232,0,30,3098.1990990510094
1621,3096.25,,214,0,44,3098.199091257289
1622,3094.875,0.25,91,24,60,3095.143879119962
1623,3092.625,0.25,29,55,76,3091.834081694249
1624,3091.625,0.25,47,79,62,3091.834081694249
1625,3093.375,0.25,85,64,63,3094.602621565536
1626,3091.125,0.25,38,118,73,3091.438363777356
1627,3084.0,,0,206,45,3085.3736653221126
1628,3086.0,0.5,65,50,61,3086.4282554574243
1629,3087.875,0.25,73,57,55,3088.274037817436
1630,3084.875,3.25,10,142,41,3088.0103661455896
1631,3085.875,0.25,40,75,47,3086.4283038332264
1632,3086.25,0.5,37,81,67,3087.219399433342
1633,3089.125,0.25,73,3,92,3090.6471392318126
1634,3085.875,0.25,41,160,40,3086.6919875166554
1635,3084.125,0.25,12,125,62,3084.714296836213
1636,3085.25,0.5,85,56,60,3085.637059027727
1637,3083.125,0.25,9,131,58,3083.7912242133275
1638,3079.0,,0,183,28,3080.3634520286278
1639,3083.25,0.5,46,57,98,3084.3184627238866
1640,3079.375,1.25,20,188,19,3081.6816249527496
1641,3074.875,0.25,9,185,27,3076.407836652621
1642,3071.0,,0,209,14,3072.716135011532
1643,3071.375,0.25,11,108,78,3071.9248862041763
1644,3067.25,,0,176,25,3068.7606809584504
1645,3067.625,0.25,25,93,54,3067.969625631942
1646,3070.25,0.5,70,71,62,3070.606431079075
1647,3070.75,0.5,68,75,60,3071.6610612406653
1648,3064.5,1.0,4,194,42,3066.123794776563
1649,3064.375,0.75,19,161,59,3065.3326267206144
1650,3066.5,1.0,55,64,54,3066.651097920365
1651,3070.25,1.0,90,33,45,3069.815278980782
1652,3067.125,1.75,23,182,36,3069.2878145318623
1653,3061.25,,0,203,36,3062.6956839244485
1654,3056.5,,0,228,6,3058.740391252591
1655,3061.25,0.5,61,63,55,3062.168227857536
1656,3065.875,1.75,57,45,81,3066.123399734912
1657,3057.875,4.25,17,165,17,3061.904701324064
1658,3064.5,4.5,62,21,67,3063.7504675596656
1659,3067.25,0.5,88,22,77,3068.23322456724
1660,3070.75,,99,0,90,3072.9794033502058
1661,3064.5,0.5,44,167,10,3066.65118643714
1662,3064.375,0.25,45,88,65,3065.0687452784123
1663,3057.625,1.25,22,182,29,3059.5313820675237
1664,3057.25,0.5,3,95,68,3058.212822282527
1665,3057.5,1.0,9,70,89,3058.4762397621303
1666,3049.5,,0,228,26,3051.2250751371243
1667,3051.625,0.25,59,82,37,3051.884109469015
1668,3053.25,0.5,82,70,57,3053.729847478348
1669,3051.625,0.25,30,151,55,3052.411481033685
1670,3050.5,1.0,26,106,59,3051.6201593539586
1671,3042.0,,0,208,35,3043.709662331193
1672,3040.0,0.5,2,128,50,3041.072583077583
1673,3038.25,,0,129,49,3039.753877800359
1674,3030.25,,0,203,16,3032.371046319736
1675,3040.0,1.0,65,30,73,3040.28114046974
1676,3032.875,6.25,14,181,24,3037.9081036027305
1677,3032.0,1.0,19,124,66,3032.634621527228
1678,3033.0,2.5,39,35,75,3038.6992313856563
1679,3043.125,1.25,117,5,84,3043.1818192589294
1680,3034.0,4.5,53,180,32,3038.172025228749
1681,3040.5,6.0,138,10,52,3037.6443028781464
1682,3030.625,0.25,15,151,52,3030.788798759126
1683,3037.875,5.75,58,20,89,3036.853432781867
1684,3041.625,0.25,49,12,87,3043.709677762459
1685,3047.0,,87,0,94,3056.3666118029773
1686,3050.5,,94,0,92,3059.531438166165
1687,3052.25,,101,0,84,3068.760083705636
1688,3053.25,,255,0,7,3060.8503642742226
1689,3056.5,,243,0,32,3073.63866668072
1690,3059.5,,236,0,29,3076.1443138028058
1691,3059.75,,260,0,9,3085.90039557739
1692,3064.0,,255,0,36,3081.1544993152324
1693,3065.0,,280,0,25,3082.4727127049646
1694,3066.5,,280,0,9,3081.1542091008173
1695,3068.0,,265,0,20,3076.407997965705
1696,3071.5,,181,0,43,3078.517468068136
1697,3071.5,,245,0,0,3084.3183416146617
1698,3071.5,,262,0,0,3079.5717907723783
1699,3067.125,0.25,37,25,100,3063.486907184109
1700,3057.0,,0,54,101,3054.521699748552
1701,3065.75,3.5,23,24,96,3067.4417574580684
1702,3067.375,0.25,88,23,55,3068.2330230675275
1703,3065.75,0.5,24,43,84,3062.6955709736067
1704,3057.125,2.25,9,70,92,3056.1032227507776
1705,3046.75,,0,212,12,3050.038612857717
1706,3056.25,2.5,59,54,74,3057.421266646763
1707,3047.25,1.5,24,205,19,3051.0930578812163
1708,3046.75,0.5,28,111,60,3047.1375313597814
1709,3040.25,,0,170,42,3042.65454808936
1710,3029.25,,0,221,10,3032.63454877562
1711,3029.5,1.0,23,95,80,3031.5792737402257
1712,3021.0,,0,193,37,3023.405427172967
1713,3029.75,0.5,65,53,75,3031.842917174913
1714,3029.75,0.5,53,75,65,3031.447659916597
1715,3029.875,0.75,50,99,70,3031.579431242227
1716,3028.625,0.25,44,133,55,3029.733273136778
1717,3015.875,0.25,5,170,61,3016.54920555068
1718,3014.25,,0,140,57,3015.7575947044397
1719,3007.25,,0,224,37,3010.221042657888
1720,3030.625,0.25,42,29,102,3034.742782450532
1721,3012.75,13.0,24,220,5,3024.7237494382643
1722,3026.25,9.0,45,53,103,3026.173629785482
1723,3017.0,9.5,37,154,50,3024.459908859209
1724,3026.875,0.25,91,30,66,3029.46971507668
1725,3026.75,0.5,68,74,66,3027.624013403973
1726,3021.5,3.0,46,135,40,3024.459767868146
1727,3021.5,0.5,62,106,52,3023.404968342202
1728,3021.75,1.0,71,83,88,3023.932319770438
1729,3021.625,0.75,56,88,72,3024.7237371782808
1730,3026.25,9.5,56,0,122,3036.589502698488
1731,3029.0,,82,0,88,3041.599998639932
1732,3033.5,,78,0,79,3048.7194726601883
1733,3038.75,,56,0,65,3047.6648264039454
1734,3039.25,,157,0,20,3042.91862332491
1735,3040.75,,152,0,13,3045.027843656131
1736,3041.125,0.25,130,7,42,3042.654556430358
1737,3038.625,0.25,29,24,91,3035.007771458464
1738,3036.625,0.25,25,65,72,3035.007554093957
1739,3036.5,1.0,51,42,85,3035.535155092311
1740,3041.25,,180,0,40,3043.4453616442497
1741,3036.375,0.75,54,45,74,3036.8535135294096
1742,3035.875,0.75,54,39,91,3033.6892278504074
1743,3035.375,0.25,80,67,73,3036.061723332042
1744,3016.25,,0,167,53,3018.922814155504
1745,3028.75,13.5,56,53,87,3025.5141722032376
1746,3017.0,3.0,26,161,25,3021.8230589158065
1747,3028.375,1.25,103,53,46,3028.415084617135
1748,3033.625,3.75,97,41,62,3033.161634478313
1749,3035.75,0.5,135,24,44,3036.853279936127
1750,3035.5,0.5,79,44,64,3036.32602533421
1751,3035.5,0.5,113,60,55,3036.062466413983
1752,3037.625,0.25,138,10,76,3040.544755597636
1753,3031.5,4.0,18,79,80,3032.107165258663
1754,3031.625,0.25,26,72,71,3032.897922681981
1755,3030.0,1.0,10,96,55,3032.1069076404056
1756,3030.125,0.75,28,49,66,3032.1067947414017
1757,3027.5,1.0,0,123,49,3029.206365959483
1758,3028.0,0.5,36,65,51,3030.7882831803254
1759,3026.5,1.0,4,129,48,3028.415230026591
1760,3026.625,0.25,22,109,62,3028.9425733994503
1761,3028.0,0.5,44,47,65,3030.788480612255
1762,3032.125,0.75,50,2,110,3035.1390146449635
1763,3026.125,0.25,19,75,66,3027.360659914151
1764,3030.75,3.5,88,15,68,3029.470005326415
1765,3031.375,0.25,79,35,66,3034.2165627631484
1766,3034.0,,83,0,91,3042.654588557085
1767,3034.75,,202,0,15,3046.8739562222627
1768,3043.0,,215,0,7,3054.520991022238
1769,3046.25,,195,0,29,3060.84926435566
1770,3047.5,,204,0,4,3051.88420975231
1771,3047.5,0.5,115,16,61,3047.4015576792312
1772,3049.5,,212,0,29,3053.202374400292
1773,3050.75,,254,0,12,3053.202374400292
1774,3050.375,0.75,93,13,69,3049.032497192271
1775,3050.5,1.0,106,5,73,3049.683959942324
1776,3049.875,0.25,84,50,58,3051.1174654250904
1777,3053.0,,199,0,35,3053.854087492057
1778,3055.75,,229,0,11,3056.59070562805
1779,3055.5,,184,0,14,3057.893794316768
1780,3055.625,0.75,87,10,58,3055.0271895198284
1781,3059.0,,215,0,18,3060.2394725889963
1782,3059.625,0.25,103,2,55,3060.2396002065566
1783,3059.375,0.75,105,27,62,3059.1971977601243
1784,3061.625,0.75,206,18,36,3061.542716758174
1785,3061.5,1.0,101,44,61,3061.021479684998
1786,3059.25,0.5,50,79,79,3058.675745433861
1787,3055.5,1.0,19,49,95,3053.723905672417
1788,3054.125,0.25,29,89,67,3053.2025969787774
1789,3055.5,1.0,75,82,59,3055.8087424713644
1790,3054.875,0.25,38,94,72,3055.026998451456
1791,3055.375,0.25,82,74,59,3056.069504449528
1792,3056.75,0.5,94,15,71,3057.893937749569
1793,3061.0,2.0,181,14,37,3060.239647958856
1794,3063.5,1.0,197,2,43,3063.1066907515387
1795,3064.75,,245,0,10,3068.579831371804
1796,3067.75,,212,0,16,3070.66487538244
1797,3067.625,0.25,136,17,51,3068.319372361148
1798,3067.75,0.5,100,21,58,3068.3196982355626
1799,3069.0,,199,0,28,3081.350680676931
1800,3073.5,,262,0,23,3083.1752900615224
1801,3075.5,,291,0,14,3079.266067865708
1802,3077.75,,252,0,20,3079.266155368191
1803,3081.25,,241,0,33,3086.042396470929
1804,3083.25,,267,0,24,3091.2550780694423
1805,3086.0,,239,0,24,3094.6433063933705
1806,3088.75,,253,0,26,3095.555594823053
1807,3089.25,,281,0,11,3096.207113263355
1808,3091.5,,266,0,10,3094.382899019385
1809,3097.75,,208,0,27,3097.510337344509
1810,3100.75,,181,0,35,3099.855800401565
1811,3092.75,3.0,55,34,66,3093.340400832539
1812,3092.625,0.25,101,15,43,3093.0796430494406
1813,3094.875,0.25,126,6,42,3095.034190379302
1814,3092.875,0.75,46,38,98,3092.2977874249336
1815,3093.25,0.5,88,24,58,3093.3403530668816
1816,3095.5,,161,0,58,3099.073944864288
1817,3096.25,,139,0,30,3097.510393181893
1818,3096.125,0.25,116,37,58,3096.989068471248
1819,3095.375,0.25,65,66,70,3095.6858163380707
1820,3092.875,0.25,12,70,91,3090.994778255208
1821,3095.875,1.25,172,54,32,3095.4251021951777
1822,3094.625,0.25,60,78,71,3093.8615823049745
1823,3094.75,0.5,108,71,65,3095.686023473114
1824,3100.25,0.5,165,9,58,3100.898378201059
1825,3098.375,0.25,79,24,79,3098.5529868271847
1826,3098.125,0.25,124,37,48,3099.0741601845684
1827,3098.25,0.5,154,39,57,3099.334858376552
1828,3101.0,0.5,212,7,39,3101.419838516024
1829,3101.625,0.25,150,21,62,3102.201741948238
1830,3101.25,0.5,86,36,52,3101.680616397546
1831,3103.5,,191,0,38,3104.547428237868
1832,3105.25,,183,0,22,3105.329427289568
1833,3107.5,1.0,163,3,31,3107.1538844616857
1834,3112.25,0.5,188,4,22,3110.541941343589
1835,3107.875,1.25,60,64,58,3109.2388885491514
1836,3107.75,1.5,95,19,70,3107.1538287058183
1837,3104.875,2.25,32,67,98,3104.808006748715
1838,3100.375,0.25,10,80,114,3098.5529227725683
1839,3092.75,,0,113,64,3093.0796309027
1840,3087.5,,0,252,19,3089.430732510189
1841,3085.5,,0,182,40,3087.08521343255
1842,3092.125,2.75,43,75,80,3092.2972571051205
1843,3082.0,,0,222,32,3083.9577747923804
1844,3090.25,4.5,63,69,64,3088.9094712917185
1845,3093.625,0.25,40,55,88,3095.4248947254587
1846,3087.0,2.5,18,128,77,3089.1705436815464
1847,3090.625,7.75,37,31,79,3098.8131347696126
1848,3092.5,,91,0,78,3095.4257469770755
1849,3092.75,,208,0,1,3107.153357881541
1850,3094.75,,207,0,20,3103.2443753427806
1851,3096.25,,185,0,38,3101.1592757612125
1852,3098.75,,195,0,36,3100.116717979364
1853,3098.375,0.25,103,28,48,3099.465183581613
1854,3100.5,,214,0,37,3100.898286308944
1855,3099.125,5.25,35,16,109,3091.776697402284
1856,3094.625,0.25,27,45,95,3092.2978947414213
1857,3101.375,0.75,198,7,30,3100.1165065141727
1858,3100.75,0.5,81,43,61,3101.4198146097856
1859,3099.625,0.25,86,59,58,3100.6377355610757
1860,3094.25,0.5,7,89,92,3092.037483127595
1861,3096.5,0.5,76,83,84,3098.0312713645003
1862,3093.125,0.25,29,116,78,3092.29774341044
1863,3087.0,,0,203,49,3088.9094157244526
1864,3084.5,,0,168,39,3085.26059692768
1865,3084.125,0.75,2,165,49,3083.436179603435
1866,3083.25,0.5,10,150,56,3084.2179874113854
1867,3083.25,0.5,40,119,59,3084.478685600008
1868,3083.875,0.25,64,82,71,3086.30270404528
1869,3075.5,,0,150,68,3075.877962692128
1870,3073.75,,0,146,56,3074.053227092992
1871,3069.25,,0,183,34,3071.1865107619064
1872,3075.375,1.25,62,44,74,3075.877405252471
1873,3068.125,0.25,17,229,12,3070.925947916244
1874,3074.5,2.0,54,39,70,3075.877731879355
1875,3082.875,7.25,45,8,102,3081.8721574635224
1876,3078.25,8.0,28,83,45,3083.436139726077
1877,3084.0,1.0,55,8,82,3086.3031983593887
1878,3085.0,2.5,57,17,99,3093.0792323759943
1879,3086.75,0.5,121,11,65,3088.6489645238444
1880,3088.75,,237,0,18,3089.951702465609
1881,3084.625,0.75,52,42,86,3082.784696771408
1882,3080.625,0.25,40,143,40,3081.6117980279955
1883,3083.0,1.0,60,35,77,3084.999659576464
1884,3078.125,0.25,21,151,46,3080.308557864711
1885,3077.25,0.5,19,117,60,3077.962712195983
1886,3071.25,,0,154,40,3073.532117467501
1887,3071.625,0.25,18,89,61,3073.2714591447093
1888,3074.375,0.25,54,24,84,3076.3990089352155
1889,3078.75,0.5,55,22,75,3080.8295798323074
1890,3075.5,4.0,24,111,49,3079.526853506869
1891,3080.75,,88,0,62,3087.084727252776
1892,3083.5,,76,0,75,3086.30312689866
1893,3085.75,,195,0,22,3087.0847272500887
1894,3080.5,3.0,31,32,85,3079.526765857369
1895,3075.625,0.25,19,136,33,3077.9628398091177
1896,3076.75,0.5,82,37,64,3078.484267805273
1897,3086.125,4.25,80,2,78,3086.302680262754
1898,3079.0,6.0,49,46,71,3081.09063654525
1899,3082.0,0.5,101,22,66,3083.9575437767444
1900,3091.5,,133,0,39,3092.558051045137
1901,3092.625,1.25,162,8,38,3092.8190205011656
1902,3093.5,,239,0,17,3095.685927917894
1903,3095.0,,273,0,24,3098.81348182253
1904,3096.25,,223,0,27,3100.246879776102
1905,3096.125,0.25,118,45,62,3096.989295467112
1906,3099.0,,170,0,60,3100.3772129576864
1907,3098.75,,157,0,57,3099.595604313364
1908,3105.625,0.25,213,10,20,3104.286865294555
1909,3109.0,,226,0,37,3109.238760966437
1910,3108.625,0.25,112,36,62,3109.2388726421195
1911,3108.75,0.5,117,36,74,3107.9360187181487
1912,3110.25,,181,0,50,3115.7545747316167
1913,3111.5,,233,0,27,3117.0579147112658
1914,3113.5,,252,0,29,3117.318724372229
1915,3114.0,,254,0,6,3122.270492452414
1916,3114.5,,228,0,15,3122.5313023280114
1917,3115.0,,210,0,9,3123.83434718017
1918,3117.0,,259,0,11,3122.0101369374347
1919,3117.75,,257,0,13,3124.6162266616548
1920,3117.75,,272,0,0,3123.312982351736
1921,3116.625,0.25,109,32,74,3115.754973161541
1922,3115.625,0.25,93,53,80,3114.712124709108
1923,3111.75,0.5,9,82,89,3110.0211900162544
1924,3118.875,0.25,173,32,24,3117.5789124375237
1925,3114.75,6.5,27,73,91,3115.2334813209927
1926,3113.125,0.25,52,96,81,3112.106110661066
1927,3118.375,1.25,154,47,22,3116.1455904135105
1928,3115.375,4.75,33,82,67,3115.7548339873247
1929,3117.0,1.0,100,77,47,3117.31846150307
1930,3116.25,0.5,45,101,71,3114.972918605508
1931,3114.625,0.75,34,104,75,3114.190791916053
1932,3108.5,,0,125,83,3107.675412178888
1933,3114.5,1.0,189,62,14,3111.193678870284
1934,3114.625,0.75,100,71,63,3114.973128998301
1935,3118.0,,187,0,70,3127.222490829357
1936,3120.25,,216,0,9,3132.95648177679
1937,3122.0,,225,0,22,3133.21737134908
1938,3122.0,,271,0,0,3136.344897295201
1939,3124.25,,265,0,20,3139.4723834831225
1940,3126.25,,239,0,11,3138.4298774426443
1941,3130.0,,258,0,26,3134.259972937244
1942,3131.25,,275,0,11,3135.041629403177
1943,3132.375,0.25,171,4,51,3132.6963172932115
1944,3135.0,,177,0,36,3140.254119325896
1945,3135.5,,206,0,13,3138.169482050684
1946,3136.0,,208,0,11,3140.7756275704664
1947,3139.25,,193,0,34,3141.557451270338
1948,3137.375,0.25,57,26,60,3137.908951065104
1949,3140.25,,222,0,15,3142.339298861941
