t,log_price_med,log_price_p25,log_price_p75,log_fund_med,mispricing_med,mispricing_p25,mispricing_p75,log_ret_med,log_ret_std
0,1.6481863727964963,1.6468468317805491,1.6495259138124436,1.6481872699812947,-8.971847983429981e-07,-0.0013404382007455862,0.0013386438311489002,,
1,1.6481872699377644,1.6454952386595585,1.6481966005630608,1.648286771489191,-0.00020122462239902106,-0.0023545049200875967,0.00017850378192452165,-0.0013293132493827908,0.0012983134399617918
2,1.6468546379600044,1.6468203389382656,1.6495336991065745,1.6483646401416552,-0.0010807629273488217,-0.0018178375462514773,0.0009895549704431739,-0.001319738648730473,0.00133468687846222
3,1.6481636331492315,1.6454887109452054,1.6482148039783224,1.6485933529291417,-0.000661114780469263,-0.003185373214936671,0.0008857287177154172,-0.0013305884815220104,0.0013367185637111222
4,1.6468522726526693,1.6441394445599744,1.6495449629843635,1.6485142713922496,-0.0016900301785632843,-0.0036416296550217386,0.0011673878995302478,-0.001320805114372492,0.0013456149303976276
5,1.6481591005490732,1.6454403371553745,1.6482341009009291,1.648621984049886,-0.0012764394511132204,-0.0037654498664691505,0.0003628583468169855,-0.0013197458796343486,0.001342733534972819
6,1.6468422931902729,1.644099924545849,1.6495340828540188,1.648709987993024,-0.0019227359551071688,-0.004129380893404089,0.001026234056999309,-1.2496310540788258e-06,0.001352075002332365
7,1.6481370741280266,1.6454151328035551,1.6502019255967153,1.648766326376401,-0.0014492786564508364,-0.004090673908122233,0.0005288151320874124,-0.0013131509824206855,0.0013536366954284777
8,1.6468233908434828,1.6440863911578825,1.6495633327284294,1.6488344689725851,-0.0021384933764940772,-0.004724695622039143,-6.349201730171394e-05,-0.0013302109980714016,0.0012993383129034444
9,1.6455063929648928,1.6427674152781413,1.6482510530469494,1.6490238826710961,-0.0027624476737813097,-0.005547146511825141,-0.00013751965379088515,-0.0013225337871367593,0.0013396251617880206
10,1.6467829134447065,1.6440559940328823,1.649528880163147,1.6491638690092385,-0.003140487455821628,-0.005680949088701592,0.00031406023932506466,5.772463686715135e-06,0.0013577631062702139
11,1.6454602973412573,1.6427715144861188,1.6508532111293794,1.649369320772991,-0.0038890685561902005,-0.006227269617057607,0.000491100161018887,0.0013209508718461382,0.0013503602728817793
12,1.6467764051831542,1.6440530329588807,1.6522084965848314,1.6493906795074564,-0.002895639285900087,-0.005558099866168453,0.001507434274808539,0.0013284728444241667,0.0013022378392750858
13,1.6455113541119317,1.6427251402296286,1.6509023552037796,1.6494516861877702,-0.003451489581490219,-0.006796606823522899,0.0011787291584580695,-0.0013203022259649089,0.0013404583301415225
14,1.646784163609015,1.6440051354866383,1.6496364735697608,1.649632454253127,-0.0028569286950727024,-0.005797154340184019,0.000634195926821568,0.0013281531950153358,0.0012991220841783782
15,1.6467847571771654,1.6426921059037856,1.6508972314221309,1.649746437563072,-0.003786415147207345,-0.006362077994462645,0.0005845466867703264,-0.0013142972169628564,0.0013284996863358242
16,1.6467651050515517,1.6440209485212187,1.649573355297335,1.649926887814824,-0.0039066152485646155,-0.006534942869258653,-0.0012110366255787541,-0.001324211375639206,0.0012994990438069515
17,1.645528352107669,1.642727215832653,1.6502641018864226,1.6500920052613273,-0.0039109424590575426,-0.006908973283526909,-0.0006305654809959926,-0.0013121934446533867,0.025558098026436427
18,1.646794230024796,1.6439358286260815,1.6496284107767538,1.6500238840618024,-0.003351292060362998,-0.0066000329848787676,-0.00025759635876249076,0.0013214237265535278,0.0013425734669067911
19,1.6454703900682242,1.6426494123153206,1.6509464219287011,1.6500761487373312,-0.0042159928053443485,-0.007527273830936931,0.0005716534616997948,-0.0013161051320340622,0.0013258314956558054
20,1.646736043490819,1.6439854280676576,1.6515739908670073,1.649976769957131,-0.004821589717356134,-0.006945267688229451,0.0010659375314691633,0.0013233376160126653,0.001290817747873959
21,1.6454038378238036,1.6426245171889364,1.6508977252823167,1.6501052193463197,-0.004811747673150069,-0.007861790334489527,-0.0006576476281243693,-0.0013094720692693462,0.025428906102349075
22,1.6454086549527784,1.6438997530393973,1.649601230409013,1.650199357898734,-0.005004250427193657,-0.008517575578740888,-0.0005380808219167532,-0.001321872851627881,0.0013460162146220682
23,1.6454232044936248,1.6425923287782624,1.6509087415233041,1.65030167298639,-0.0045311732064314825,-0.008906206591114574,-0.00015110147960489817,6.861702595006847e-08,0.0013724879304614296
24,1.6467518250168292,1.6412709832084156,1.649593818349547,1.65034076224374,-0.00494937594789735,-0.00908487145738801,-0.0002457458364258369,7.382041416814644e-06,0.0013658872528003146
25,1.645423495753323,1.6425860280826696,1.6508844999622734,1.6504459398690405,-0.0049608064848335465,-0.008338577431746264,-0.00040082944283692523,0.0013305525158231468,0.0012970729461228463
26,1.6454229768343744,1.6439057773425323,1.6496378899484005,1.6504350329925739,-0.005729860841566237,-0.008066554815474636,-0.0003481375231816908,-0.00132630400740541,0.001291582720071011
27,1.6454635747544035,1.64259144590921,1.6509651815213082,1.6504792053864021,-0.004675265886197599,-0.008738887795857686,-0.001058335375204722,0.0013304324613668816,0.0012997559066331701
28,1.6466723959712906,1.6413334300612368,1.6516142645227285,1.6503920967340995,-0.00490965873214122,-0.00862951640152193,-0.0001132523044327094,-0.0013129063747867598,0.0013406873666463625
29,1.6454181504319894,1.6426004525994449,1.6510132060716105,1.6506324449287124,-0.005169267845731018,-0.008408185418465108,0.00056930634612673,-6.904086951886601e-05,0.0013477222575572104
30,1.6467410832786928,1.6439356823346951,1.6497078838788168,1.6508208590504014,-0.00411575747600279,-0.007442149879946347,0.0001949944965818351,0.0013285836699876707,0.001329971771055599
31,1.6454509135091584,1.6426086984897008,1.650930278383044,1.6509744009587757,-0.004697724148553184,-0.008743199546089653,-0.0008572921082945495,-0.0013257283074392667,0.0013518791911807482
32,1.6467399030897665,1.64194725881524,1.6496768468625562,1.6511524887945934,-0.004758233533318834,-0.009253330980828867,-0.0017404436083377495,0.0012778354579133788,0.0013543647315567944
33,1.6454515414659507,1.6426046745720857,1.650919792326179,1.6512113571656761,-0.004176833439372141,-0.008657060026687147,-0.001429024523599276,0.0012958185977020031,0.0013498801771426895
34,1.6467293431991004,1.6439443269765397,1.6496125370738335,1.651527661783505,-0.005158658657356763,-0.008297312166774984,-0.0021363946134889678,-0.0013093007829961811,0.0013516522060245911
35,1.6454570278025291,1.6426278307099258,1.6508984169670904,1.6512736619487955,-0.0055239034456995295,-0.008525708039911206,-0.0006295420904378624,1.330728910853285e-05,0.0013572512371940225
36,1.6467561962749484,1.643938918840523,1.6496777296531175,1.6515712780307967,-0.005720681985146081,-0.007739968682217824,-0.0008459961581190889,0.001312947386120089,0.001347987986232336
37,1.6454926652442705,1.6426834164290725,1.6508123263012369,1.6518270666690618,-0.005741221271444608,-0.009011024888446406,-0.0011849114663574078,-0.001315755745845082,0.0013384471075656497
38,1.646712897999406,1.643946225192695,1.6515459334391887,1.651893508575518,-0.005708032499807225,-0.008523078117178673,-0.0003219998414977776,0.0013160724920057154,0.0013492783160707186
39,1.645439868233219,1.642648437634098,1.6508902782977288,1.652102283628811,-0.006295526111576466,-0.009331202176342313,-0.0008802653211094635,0.0013221843027106939,0.001356793337358154
40,1.6467314149340289,1.6439847201555482,1.6496038425631743,1.6522269040883255,-0.005538505883786571,-0.00944665053208743,-0.0015245080462469307,0.0013210506330048055,0.001333350389771866
41,1.6454529573401677,1.6426791963790446,1.6508811995755757,1.6521347621519749,-0.005706350594323006,-0.009319666975582175,-0.00285600521954682,0.0013209090937160717,0.0013509615075639654
42,1.646725081488478,1.6413318402177008,1.649594611306982,1.6521807013652494,-0.005482916269071492,-0.010578423602661036,-0.0022671329414548635,-0.0013014606318993982,0.0013510118574830612
43,1.6454245618159382,1.6425194643607273,1.650870849869918,1.6521695630012183,-0.005857002712262971,-0.010990475524187582,-0.0029833054046421448,-0.0013210549043040087,0.0013478702149341969
44,1.6467404259934066,1.6419527484650942,1.6496451959425311,1.6524710672416953,-0.006258923724901333,-0.009944951601161989,-0.0019902469346028684,0.0013249455532307053,0.001331415493176197
45,1.6454721386824915,1.642631742501048,1.6502315673108277,1.6526260949196332,-0.006824313400284665,-0.010996279682106702,-0.0013172054816402157,0.0013190285669977264,0.0013521643999692221
46,1.6467453774082705,1.6412778480723333,1.6515565004702666,1.6529320743482918,-0.006466367012641139,-0.011836275304077437,-0.00043922979774951854,-0.0013161537452597294,0.0013378525733301085
47,1.645486829847562,1.6406082389946806,1.6509084663627926,1.652894974379484,-0.006968379786919887,-0.012723160058838279,-0.001375225584756945,0.0013162705887539428,0.0013389381363976176
48,1.6467749696969616,1.641112061995943,1.6522455526679523,1.6530296520187904,-0.006942276070502462,-0.012391828079529266,-0.00014346160530120944,1.162169439805627e-05,0.001358049010897821
49,1.6455024654876178,1.6405600201859982,1.6510128596324574,1.6531914048473901,-0.0069408403507138505,-0.01157437750121798,-0.001052752905211951,0.0013205237336482156,0.0013474470608651505
50,1.646754304082692,1.6412222279581439,1.6523244811916575,1.653278928184347,-0.007658735663760852,-0.011472544217782765,-0.0005593075233792932,0.0013190081019677224,0.001351250943234364
51,1.6454367738969267,1.6399221418635042,1.6529303083962705,1.653409294216662,-0.006677985451040258,-0.012759987774608017,-0.0006840376066443166,-0.0012930442109807538,0.0013548199934316826
52,1.6467582146539708,1.6392417732952413,1.652368893971285,1.6535218995469874,-0.00813993010792835,-0.013861750399197459,0.00031596959290425275,-0.0013226944601424373,0.0013375407996844815
53,1.6454215497054152,1.6398642702044919,1.653028326814003,1.6537448834974908,-0.008488431703501997,-0.014285961623605126,0.0011657477116269188,0.0013135456651065525,0.0013505666222022553
54,1.6467574109786787,1.6411998549726412,1.6523497372579319,1.6538457342253556,-0.007486550651988,-0.013129014432156472,4.825432030147736e-05,0.0013215206223848863,0.001351760468308308
55,1.6454206724111877,1.6398475447937026,1.6529695359166223,1.653858212114402,-0.008327239783763929,-0.013604346745908769,0.0004667626348098808,-0.0013209384412615766,0.0013394149693304986
56,1.6453393846667264,1.6385128713230341,1.652301334467062,1.6538996669829835,-0.00893849689498194,-0.0137529829084444,-0.00017543015423082675,-0.0013024472714843194,0.0013536182457405453
57,1.6452955979061057,1.639699430705448,1.652961106552535,1.6541094423714016,-0.009912314979692916,-0.015087117547812279,-0.0011049962410861203,-0.0013110497499690954,0.0013387587297147487
58,1.64404820513103,1.6385045858291394,1.6523095812315838,1.653775708266922,-0.00912777434982981,-0.014530059283092367,-0.0009217799496934465,-0.0013189569188554184,0.0013269485845081197
59,1.6453553491996196,1.6397538753100576,1.6537072986283112,1.6539467009945223,-0.009988055124143025,-0.014850050724775854,-0.0003990901442023631,-0.0012767166417547715,0.024982905482953274
60,1.6440811715617492,1.6384350285289535,1.6524085970681077,1.6538758779778566,-0.009906345212633116,-0.015242973495591283,-0.001838221961763642,-0.0013116170486152656,0.0013398574533936868
61,1.6452803088563692,1.6377794616176993,1.6510062830804653,1.6541272376737601,-0.010182409129089631,-0.01624175299073838,-0.0029665591758175625,-0.0013199396301017963,0.02481081109874078
62,1.6440030852112715,1.638394252333112,1.6523152535786358,1.654486993691135,-0.010797694502477695,-0.015436363159545774,-0.0020153309168604028,-0.0012981086524697094,0.0013601827353662012
63,1.6426918360494116,1.6370821985293922,1.653048689664097,1.6545587768815588,-0.010844045712882333,-0.01616428029786926,-0.0008074061481498918,-0.0013150644631259034,0.02511354073903349
64,1.6439565538317784,1.6383015761949704,1.654402921285,1.654676648394393,-0.011481754981749526,-0.01690189750447668,-0.0005221362958136577,-0.0012779672178985235,0.024826794295841812
65,1.6432760146645697,1.6370647644719476,1.653753420712292,1.6546963111595794,-0.011703298948328777,-0.016169673707373045,-8.394931361632718e-05,-0.0013011108834357632,0.0013955311071945152
66,1.644007215081073,1.6383237374851491,1.6541610894380616,1.6546034594910486,-0.010944146467000926,-0.016290886735068344,-0.0009929301123923762,0.0012278364483473414,0.02460739539854736
67,1.6443719816341567,1.636978126803558,1.653445295230743,1.654749797862637,-0.011105170057070457,-0.017225405283446515,-0.002399518783978427,-0.0013254128894777395,0.0012878603365057736
68,1.6429773095474731,1.6383015283557925,1.652471676067285,1.654710072274593,-0.011521819737653982,-0.01706156111575008,-0.0017793164570756304,0.0013080128233422528,0.0013492002696668204
69,1.6427159371979392,1.6396184429146756,1.653816249988402,1.6547322547613144,-0.010932656479352043,-0.01725536835985425,-0.0007486696849683949,0.001182461300125115,0.025099697238704474
70,1.6415008987163078,1.6383431126773111,1.6550811892396151,1.6549785857859718,-0.012195962434259688,-0.01645065161760223,-0.00023623259420907372,0.0013088674239113418,0.02532531217725554
71,1.6426461679502204,1.6396997922702345,1.6537833429463038,1.6550322866954312,-0.011748785053168231,-0.016545929809282156,-0.00046861954925436766,-0.0010395036884197628,0.0013467385192937734
72,1.643928282712214,1.6383613984285557,1.6524452806892338,1.6550715758545862,-0.011143169155848787,-0.017372426395063922,-0.00011974029434869138,-1.2583481939998364e-05,0.001367819848638985
73,1.6452698031668267,1.63779568286954,1.65116598001521,1.6553472978722716,-0.010149186996918469,-0.016596046736922165,-0.0011155265966379946,0.0013125983082196147,0.0013507017454580535
74,1.6440397347938647,1.6383675163509313,1.652468181039883,1.6554327956494026,-0.01071778810578461,-0.017397156112164802,-0.00120116751069832,-0.0013019601074708564,0.0013468127779718605
75,1.6453483948026864,1.6370766336934617,1.6536388247540201,1.6557435274857393,-0.01057495329203062,-0.018901423109927762,-0.0015153847676560028,0.0012893192871814563,0.0013586615463655988
76,1.6453462819404483,1.6382597314939613,1.6524224379576462,1.656137262328485,-0.010801103950902058,-0.019127392922507813,-0.0022863169935091188,-0.0013071090563236964,0.0013362548070736935
77,1.6453621418742626,1.6370788986871148,1.653718603707404,1.6559959664091886,-0.009967816292638987,-0.019004666679452276,-0.001666320121598952,0.0001352137591080771,0.025430060535647673
78,1.645333559649858,1.6382999479532103,1.654333600825602,1.6560170118932351,-0.011436011053646777,-0.019412298504981162,-0.0014806464694925303,-0.001321207898830279,0.02496097250588672
79,1.6454217303117171,1.6370343913732326,1.6539091857722354,1.6562520679830857,-0.011219650007367465,-0.018798367051111486,-0.0011949510049416578,0.0013141000683827286,0.0013170172551388972
80,1.646719343744647,1.6383742053997878,1.6552128199749876,1.6562414440910045,-0.010269018664550655,-0.019655686225113822,-0.0017266328475939452,0.0013232563767079375,0.001307716833761468
81,1.6454133187447009,1.639726090804825,1.6557809914070212,1.6563825400207555,-0.010023888315338292,-0.018554612981612706,-0.0004870713147115957,0.0013164665865716962,0.001330451620242534
82,1.6453367319799939,1.6383848302150876,1.6570773344604652,1.6567072224511086,-0.010128534685336144,-0.019175065923855483,0.00033242528468746535,0.00036433302610816565,0.001351133208467841
83,1.6454073872708879,1.6370568203343652,1.6565474824517876,1.6566908054910452,-0.009981411316616784,-0.02014585970029692,0.0002873859338818341,-0.00131840788473514,0.036091225241194125
84,1.6466686770287098,1.6383720183221144,1.6577837252209182,1.65672266487734,-0.010464128894452918,-0.020419224985051332,0.0010377209558860567,0.001321197468331925,0.0013225522928770829
85,1.6454360243114396,1.6377526400447413,1.6565919413623038,1.6566672397398032,-0.009271071377614182,-0.01944612699209103,0.0011691442146333775,0.0005692812798001601,0.0013806643834471867
86,1.6467439804993829,1.6383881599682522,1.6571697302708113,1.6569168490661945,-0.008858831620312535,-0.019291974974953496,0.0015361396481138878,0.0013299197214763359,0.025302297359098776
87,1.6472213797477258,1.6370317495944988,1.6565616848333042,1.6568209330460877,-0.009098708119498977,-0.019342136654292186,0.0015779259881686936,-0.0013033927930120592,0.0013341666818017352
88,1.6468150615991997,1.636341320549176,1.6551617120611803,1.6566602160403026,-0.008919501688059106,-0.020561620922949053,0.0006862455040420601,-0.001098411555842116,0.025094567010149196
89,1.645468560588513,1.6376815156435116,1.6564486928042523,1.6571011374357751,-0.009383064956153264,-0.019839234868949174,0.0001747705960035706,0.0013107624505807047,0.0013116329389872233
90,1.6459048665770422,1.638364667317982,1.657078970808439,1.6572775817537946,-0.00975162162392107,-0.020542496358612217,0.00016000329895343723,0.0012601674781643757,0.0013398269987252398
91,1.6454330434537368,1.6370122664376479,1.6565347569063729,1.6576033990986678,-0.009680836324484243,-0.020361382513373605,-0.0009299176242496543,-0.0013053372895034387,0.0012887786708814227
92,1.6467470446799872,1.638350754855351,1.6552157269676309,1.6577511623669832,-0.010231224360613633,-0.01996419769525931,2.926630449395784e-05,0.0011669394377835651,0.0013333708205317237
93,1.6467012626473667,1.6396014168153379,1.6538948644256086,1.6575089709233717,-0.01136581810752757,-0.020245688752606017,-0.0038602845888835446,0.001131039242164289,0.029155051811403803
94,1.646849107124277,1.6383600110824823,1.6551361696405351,1.6575696153867938,-0.01199658300963724,-0.02149616701621282,-0.002823555619619056,0.0013066580361933422,0.0013957060164195908
95,1.6458425867616102,1.6370084636054107,1.6538597884688784,1.6575341195681255,-0.011475486279221792,-0.020711370623840486,-0.0029785434746242845,-0.0011649250436860381,0.025122059561714753
96,1.6466786860075533,1.6381985141309063,1.6544390208964816,1.6571115267130785,-0.01228588632388472,-0.020690509993645412,-0.0030537017446571335,-0.001293924872332708,0.029796077637017894
97,1.646696861508413,1.637679472932509,1.6537595544453787,1.6571190162155975,-0.01168780687588844,-0.019344485654564036,-0.0034674289179716378,-0.0004093657951256269,0.03600004365637506
98,1.6467044713276666,1.6363036624083338,1.6544242718999256,1.657603069805156,-0.01341846830971316,-0.020634552125678107,-0.004445327141420596,-0.0013138003062739267,0.025782067203695636
99,1.6453350948408851,1.6369540145065404,1.6531226183458876,1.657653895496969,-0.014298915799102585,-0.021249155819236643,-0.005790168140833163,-0.0013025679248687139,0.03011491573082362
100,1.6440345197262736,1.63566433864486,1.6524650563345316,1.6576132039482674,-0.014787515496527903,-0.020928215246959758,-0.005301251735443158,0.00012441873207147403,0.0013841082151592418
101,1.6440856932525492,1.6369767540984321,1.653794615251202,1.6576117493076379,-0.015095516305341117,-0.021280011410497124,-0.004267451192409122,-0.0013186868270687047,0.025787540686199373
102,1.6440065754933086,1.6363292477227598,1.65511883048976,1.6579350239770276,-0.014444482290632998,-0.021358401611431932,-0.003979548981126069,-0.0013054868808176634,0.030518666584003266
103,1.6448097448916683,1.636857457226435,1.6537182997934208,1.6578668627820017,-0.01548140865449199,-0.020670768165897302,-0.0032884552192289918,0.0013080120442386933,0.02980148528572011
104,1.6440164125664887,1.636275307718724,1.655054803981931,1.6580054257576502,-0.015111342135619044,-0.020298577527246453,-0.0024809106489149246,0.0010840689671974824,0.02544274195818733
105,1.6445390661476864,1.6376268159105623,1.6564671079484312,1.658293354727605,-0.014748197509155347,-0.020497373802695007,-0.00043440840165132055,0.0001415551832750772,0.024729033261169032
106,1.6439945097706552,1.6383109633508728,1.657139798659618,1.6585138772129913,-0.014440743150231805,-0.02071175050404539,-0.0009690061076092493,-0.0013117795017745237,0.001319655956120909
107,1.6443702667004012,1.63783274804904,1.6584789291209656,1.658807168922239,-0.013588478944024818,-0.021080611867547117,0.00015143329815714424,0.0012232065686845761,0.030008028209181394
108,1.646731728292876,1.638293745849329,1.6578870807704391,1.6587744221349863,-0.013661553733883225,-0.02169350426992528,0.0006774601257489854,-0.0013032971406372607,0.025099616933018723
109,1.6467408704474162,1.6369778945714948,1.6591188185107852,1.6588642594267418,-0.01358163155662273,-0.022763518378566938,0.001601579731092928,0.0011054827515281085,0.0013949234017273011
110,1.6454357351853184,1.6383102317503424,1.6578210916133664,1.6585849228663476,-0.013260978743502294,-0.02242886699559099,0.001996787081706475,-0.0010569095348985647,0.03589935508334539
111,1.6468168060538262,1.6396727283244044,1.6585143519296817,1.6589238525055001,-0.013294982244559828,-0.021678172650999528,0.0021990188533603794,-0.0003386331534488418,0.03905529137917209
112,1.6463184134816773,1.6384689509828831,1.6581056205098899,1.658926027343286,-0.013037959644995767,-0.02151617302406822,0.0017315423894179172,-0.000679304970142458,0.0013922240510335648
113,1.6453706853056345,1.6377356492203279,1.6592117182451802,1.6588264105132307,-0.013953616926316803,-0.021692088938238874,-0.00020816103445375767,0.0012935341998107086,0.02550128374866608
114,1.6445300474108127,1.6383725153553033,1.6578985354769191,1.6587536535986809,-0.01384652519644236,-0.020909769479325935,1.997589644575637e-05,0.0012483705007639845,0.001402952415178757
115,1.6453843486207298,1.6370347664137141,1.659195288156196,1.6590795196254402,-0.013962921660627847,-0.02153719081501959,0.001366468089539885,0.0012341552729845384,0.025216262363674188
116,1.6466453015451634,1.6383174880236862,1.6579015674946258,1.6597259323004885,-0.013685107749834002,-0.020100685926439044,0.00042034063401535926,0.0010219199608563212,0.0013724347568013359
117,1.6484805401420521,1.6397685072793453,1.658640622725213,1.6596864535324969,-0.012542314655032194,-0.020155210555571568,0.0015621246140437584,0.0013066929344812683,0.06486616174388493
118,1.6494845409887882,1.6390940140100128,1.6579707710054994,1.6592454004186648,-0.011446496447004684,-0.02003267730186492,0.002419213204159776,0.0013186551577671901,0.0013061497566356813
119,1.6455714215453243,1.6397127425742646,1.6591565575087248,1.6594198821223143,-0.013007916897763372,-0.02064940741126059,0.0029932527910766504,0.0013104631695730617,0.05479152089661288
120,1.6442111241746071,1.638418142959984,1.6578676914955062,1.6598114153739458,-0.014547631948905182,-0.021930660650500533,5.6684180598232103e-05,-0.0012163264066941126,0.02514579717509387
121,1.646798832016699,1.6397242092501596,1.6591090307293728,1.6598007084320452,-0.015564836285578698,-0.021735975386354356,0.0012005193588396357,-0.0012860379260588584,0.02513433227328556
122,1.652421982543471,1.6411626064880098,1.662073684639537,1.6599797748307292,-0.009238003386075055,-0.018671737941252486,0.003202062690454921,-0.0006206298251087983,0.049918483115998204
123,1.6511398569544276,1.639859947328448,1.6593172371690976,1.6601778725908765,-0.012147717758826948,-0.019745942216503887,0.0015415236349416994,0.0009627778253207264,0.02478758151889255
124,1.6493117277595806,1.639179128883308,1.659900134462919,1.6604636635980552,-0.013608904239690522,-0.020267850057869574,0.0022193996993737364,-0.0013253121044732863,0.035534618587156085
125,1.6488909219846781,1.6398382216758634,1.6612134296111605,1.660902625922669,-0.013767647680724804,-0.020668562480171848,0.0014550311066414134,9.951014858233798e-06,0.00137504586699533
126,1.6512677829099218,1.6411327264879245,1.6632291245440043,1.6606764213487928,-0.011143179389468072,-0.019079225745738393,0.004734127848257885,-0.0005298350898610416,0.035486890426578946
127,1.649582701680791,1.639744018933423,1.6612229897254096,1.6607289774718819,-0.013044325508547727,-0.020544851033631295,0.000898330855286178,-0.00029530788993792356,0.05052783621084725
128,1.64831616284283,1.63882054887009,1.6601261817436697,1.6607548536748644,-0.012349203715163792,-0.02131626666290254,0.0013034174118334296,0.0009513142743600156,0.0013261637377562396
129,1.6481334866122723,1.6397971627010162,1.6586165719907393,1.6612230376459443,-0.013625255071734843,-0.02145253918814649,0.0001589163699241003,-0.00038369111956304547,0.025196077250716504
130,1.6468444806940044,1.6385102416719384,1.657950988922776,1.6612080416495998,-0.013946443008681753,-0.02216505989785411,-0.0008525925390830413,-0.001317443263142204,0.0013427459488689292
131,1.6454578905292816,1.6370162911703545,1.658584017109369,1.6612143272399522,-0.014573986563663377,-0.02349553244698882,-0.0026462635415560043,-0.001314710552152376,0.02517723570051768
132,1.651466556405278,1.6367997324186208,1.660777718914279,1.6614755762918185,-0.012573489584073227,-0.02350048011654049,0.002651307766575517,-0.00012188156080084056,0.043432830079020324
133,1.6523519555851016,1.6397794457101873,1.6621400809698172,1.6613384814359322,-0.01023231146725534,-0.022212524971171932,0.003916279404604428,-0.001038763673489984,0.025577235246664744
134,1.6499644763250276,1.6384482814907644,1.6608087712767254,1.6615036505727452,-0.011772062239367442,-0.0212109870408832,0.0025568611073406577,0.0004381765098464552,0.03585054789857594
135,1.6468621557395764,1.6370818467845205,1.6593842126697094,1.661781334023431,-0.014234103966416778,-0.02302686904697615,0.0005098980793436514,0.0003350064978260292,0.035545804667132114
136,1.6467493837008929,1.6358023193821711,1.6599068035826372,1.6614878439361056,-0.014584179490313987,-0.02318753549879521,-0.004308914150921606,-0.0013071277942929838,0.025401450894907477
137,1.6480969335733417,1.637025542120248,1.6592881345395019,1.6618631469289435,-0.013638721061723036,-0.024792795716187033,-0.002772655515465683,-0.000976834855098585,0.025499634350468738
138,1.6494508468753133,1.6356787470204606,1.6580592930405025,1.6621592443454365,-0.01285697288227261,-0.026230985945061736,-0.001321906909115711,0.001279357321882113,0.03629676689023363
139,1.6469542682726848,1.6349669953147306,1.6585670200067346,1.662138261221195,-0.01392098120168106,-0.02645723162248026,-0.0033557670721417465,-0.0009303283556898467,0.04365064671674474
140,1.6469401169555633,1.6363755865054939,1.6579331617457926,1.6624034009453015,-0.01359382818086785,-0.02525767409822366,-0.002468899945348879,-0.0006282160655184388,0.025781841651257714
141,1.6455072531991386,1.6341219291839668,1.6591888998174202,1.6623530677369405,-0.015017102777186264,-0.0270270325029216,-0.0034615228653794294,0.0007311702672226916,0.02560512265736911
142,1.6467803223631574,1.635651554264128,1.6579537374233493,1.6624878737460351,-0.016017964484871583,-0.02545022987177542,-0.0036126022683679593,0.0009641149814970662,0.030375542104668734
143,1.6467347170444606,1.6342768834293593,1.658548206621852,1.6628206787286843,-0.016465217013353906,-0.028502364246640988,-0.004024002915559877,-0.001066033548846712,0.030026592650165062
144,1.645348187189585,1.6336824429431838,1.6571885070004067,1.6629179448047329,-0.016658343142030296,-0.02867707140431608,-0.004694554213977797,0.0011686259971307456,0.024871469348818422
145,1.6455015180335688,1.6348374738645,1.6612591599741275,1.6627678925642104,-0.014185649914359999,-0.028549091210139876,-0.0005947576659146581,0.0010747026060964338,0.04293887542535102
146,1.6468529812121384,1.6355126252846004,1.6634031654626569,1.663007381939694,-0.013963991942199439,-0.02806248788775023,0.0026602767007037897,0.0010068722410551123,0.035362031455583844
147,1.6454322214487602,1.6321237068285868,1.6619581863755324,1.662839063981465,-0.015108812981326603,-0.02976758951730596,-0.0013841798937850314,-0.0004805272844498054,0.061439116932969426
148,1.645842362348989,1.6326946449151933,1.6606023604592226,1.6630751380482398,-0.015860201252148487,-0.03147762502765489,-0.0027145136105453105,0.000975057154322112,0.024621171945727143
149,1.6467606230669607,1.6313382578649676,1.6592479158276376,1.6630519432636222,-0.016036959117108895,-0.032342695987873094,-0.0033232384827066586,-0.0007413306794831209,0.024677437092507866
150,1.6467181972893865,1.630046461668555,1.6591083997165745,1.6633261320921235,-0.016085903246985778,-0.03118345658763838,-0.0033343610293227743,-0.001142437811136876,0.04035743148774653
151,1.646679774333855,1.6313820231301563,1.658852762748869,1.6636101376796177,-0.016598748061134483,-0.02942040617054903,-0.003359460472260767,-0.001313051484807981,0.025323504829033106
152,1.6470596409827434,1.6306844551132922,1.6600186352794895,1.6637085553799191,-0.016040625581548507,-0.031055719857316366,-0.003638320594000377,0.0003554678059726202,0.001331991500970821
153,1.6463391068140218,1.6319713559221936,1.6593909365484556,1.6638467102593788,-0.01796417702617681,-0.03165937803066676,-0.002497310776334749,-0.0012817632202263285,0.0013732942439851662
154,1.6461367330412302,1.6333388529099024,1.6599513621349689,1.6637667733057908,-0.017556047754537563,-0.030446346408417924,-0.002688383225345592,0.0013003074457403896,0.001362464840347243
155,1.6467994766414558,1.6320056588724792,1.6586305743558385,1.6638089642201395,-0.016957750610320788,-0.030215445003558217,-0.00342508935037128,-0.0011978624256011594,0.0013824930181422714
156,1.6454554689381897,1.6326868416049978,1.6572421329869078,1.6642103920559566,-0.018820147494677197,-0.029449053572762618,-0.00474991247812917,0.0011449594714314504,0.025058896321139373
157,1.6468858207913148,1.6340831432206384,1.6586481911919766,1.6641879010698655,-0.016917332840793664,-0.02942072698116588,-0.0038076486126171205,-0.0011088302155369822,0.025643313755974086
158,1.6471543176738765,1.633506550294864,1.657938747834233,1.6643266905462886,-0.01680816254115236,-0.02925212336516847,-0.004096678587718561,-0.0012934841954507226,0.0013441049483070586
159,1.6457505134351909,1.63420439364583,1.6584687493442831,1.6642377966851196,-0.016835117358894536,-0.029473801199263183,-0.0029506483921094007,-0.0013079491709364621,0.001360547334246266
160,1.646998784497665,1.6354250335150797,1.6579185732223505,1.6645280372703577,-0.01694272757482751,-0.029622341217418857,-0.004294210517881647,0.0012025201914884764,0.03952115075144772
161,1.6467629755786657,1.636801593286497,1.6565229136022945,1.664394428188407,-0.016947560846334087,-0.028503034417020845,-0.005777910657393193,0.001296310455095706,0.03473980172549436
162,1.6468326385180383,1.6355501378511588,1.6571861695215762,1.66449107630419,-0.017153146844725464,-0.02943604505470826,-0.0075953616557795645,-0.0013139527099821358,0.0013321218313469103
163,1.6455346972210088,1.6342272857157836,1.656527440190001,1.6642471242099246,-0.01751139819001679,-0.029530245210747985,-0.007723676342297037,-0.001306544720066083,0.0013509992271490382
164,1.6468202810745538,1.6355684839114841,1.657854179753392,1.6643649867664159,-0.017987940565803107,-0.027854929838803,-0.005165796478991014,0.0012976477561020827,0.02588897124669625
165,1.6462107538544746,1.6368573970538174,1.6565686561126638,1.664721752666101,-0.01679003749921293,-0.02819578531022915,-0.004859447343272205,-0.0012990935434107342,0.0013984198892462209
166,1.6472807093155568,1.635616627991809,1.6579411053934148,1.6649178197148866,-0.017438534715722764,-0.02773080883538903,-0.002940339482613019,0.001212295345916603,0.02503628883874344
167,1.6479358683258423,1.6368908905314346,1.6592577265215671,1.6647772503421332,-0.015849861885853578,-0.025585880609721556,-0.0031121384073142244,-0.00128162332710835,0.02556854061454753
168,1.6469132800861384,1.6363145854286443,1.6605461216487505,1.6650440194798364,-0.016539655390744756,-0.025274158402775915,-0.003140500548298064,0.0009385386085698499,0.0013586685901600998
169,1.6481424602352166,1.6370142615373433,1.6620140659864973,1.664928693089116,-0.01728850235003976,-0.026545243609192526,-0.0018126930144116704,-0.0011300565546518149,0.025214317816391323
170,1.6469041831145006,1.6383312887132102,1.6626142054668704,1.665034503677528,-0.01771919702249425,-0.02643648725786507,-0.0028762729091487693,-0.0008413753320573036,0.001298217320713317
171,1.6455586383619114,1.6370015732870788,1.6620275000041136,1.6655350243218998,-0.017815303357557655,-0.028101467311586692,-0.0035306674602070265,0.0012971211796796167,0.025378919870359597
172,1.6455256633765871,1.6382709708973509,1.6607167458507317,1.6656890018880801,-0.01840467653720057,-0.027800233727342416,-0.003921288920466504,0.0012217565864167668,0.0013397236309857232
173,1.645446208798497,1.6370498973942924,1.6620299253378175,1.6660796336116808,-0.019898309862977803,-0.026117494054143486,-0.0035034985568351273,0.0013008847561873926,0.0013455013577121251
174,1.644356237488351,1.6382960422369588,1.6628120942147957,1.6663239371822214,-0.019369433435192263,-0.026525686685049843,-0.0034449709660261396,-0.0006728103533877317,0.0013279159469909926
175,1.6454513469441918,1.6397195982931827,1.662047781937836,1.6664492201723622,-0.019363717390331825,-0.025821356722885047,-0.002809107354780571,-0.001170242449708092,0.02556906645886162
176,1.645528823806619,1.6363154368271233,1.6607249413734217,1.6666929498179996,-0.019920897139836025,-0.028943869400701094,-0.0018128122197136332,-0.001311155569987954,0.0392743970702081
177,1.6454212504207115,1.6369836080669735,1.661318069644335,1.6664695905137714,-0.019081956767333597,-0.02802886842554947,-0.000421129594445957,0.0013191161299346277,0.001421471818408111
178,1.6467114731323313,1.635634012042912,1.6606931511965455,1.6664047853679431,-0.01774725346918049,-0.02821112398522435,0.0008539518111571609,0.0010967535787883564,0.0013313943666980934
179,1.645475878316199,1.636866243469872,1.6619468805453481,1.666626820032492,-0.01934775975178782,-0.029264768583384337,0.0005290417829242888,0.0012530749995496304,0.025344058945941134
180,1.6441142596584135,1.6358356518905661,1.6606936703573392,1.666570034877369,-0.02062442750632787,-0.030857854664575357,-0.0006459806549768965,-0.001300003991529075,0.0013162063383303836
181,1.6453904778313384,1.6377227525366806,1.6639226540351377,1.666874399667183,-0.020070845046105013,-0.028797829817005904,0.0012007531151075335,0.0013105448276179432,0.02591367770566342
182,1.6454028817836868,1.6383678763440659,1.6660465990160864,1.6670719334409787,-0.019207651922622193,-0.029302487471518535,0.0033555857435303427,0.0013125504959830003,0.024820258933076576
183,1.6464523492313847,1.6377440584203415,1.669418049959374,1.6671683914087456,-0.016499270223650164,-0.028812338217279465,0.004425986246349767,-0.00035824954409335863,0.04612456598507023
184,1.6457895241612817,1.6384185592894793,1.6680054443769277,1.6672762753580446,-0.015808283564129666,-0.02916427084893386,0.003731655378991783,0.0013220122728873074,0.024652957643011838
185,1.6467191339649583,1.6377295947597235,1.6660814949049376,1.6674825536764903,-0.01696923567205233,-0.02731190290759178,0.002639083262959474,0.001122077926605236,0.024704178200757165
186,1.6439541755303075,1.635802555302564,1.6626601412060449,1.6675244478581535,-0.021944250397054277,-0.02983983036290322,-0.003465046498572877,-0.0007842813922678271,0.04171583256379085
187,1.6439195764659957,1.6367916200100834,1.661347164129917,1.6676342222967777,-0.02076429640642785,-0.031370682050681775,-0.003391269483019821,0.0004360870667123873,0.0013428226216179637
188,1.64399434213266,1.635536299499127,1.6580140383573159,1.6676859346137862,-0.02175286158972578,-0.03205918208200431,-0.005006040022601965,0.0011619470676982324,0.038035466274151865
189,1.6453118687305095,1.6368949870162164,1.6593169470691733,1.6674655971949401,-0.02040807197527683,-0.03108358789519383,-0.0048677930202525865,-0.00027879438077604846,0.02569705852827064
190,1.6466512765569297,1.6382468173178886,1.6602290520736873,1.667361205496909,-0.020235274635094558,-0.02976487472432693,-0.0031436567124207837,-0.001078340820431123,0.03018517050532112
191,1.6479975123033948,1.6369804201511347,1.6593540663540276,1.6675649424977628,-0.019252082419296657,-0.029541693847024764,-0.0021550302192715476,0.001278359395587625,0.001283596909794752
192,1.6466781628870453,1.6362279168264608,1.6605810775735543,1.6677988725123387,-0.020832409667862484,-0.031977051768042386,-0.0034676342965730966,-0.0006063983381967564,0.025819598553829114
193,1.6461186878566632,1.6369116866307554,1.6613701576107687,1.667885310417566,-0.02085341242531824,-0.031031436735794893,-0.004911170100256157,0.0010710042692640975,0.025034699917489554
194,1.6467159488268723,1.6389589652400796,1.662816271541472,1.6684093249330871,-0.01932838239844581,-0.030391757186159385,-0.0030414225510200787,0.001242057091692228,0.0253702348125898
195,1.6484003601685473,1.6377615418151357,1.6643907784250795,1.6682581447645877,-0.019194964110406887,-0.029177052742843768,-0.0008638895452554585,0.0012522566576660399,0.02532577262305206
196,1.6489360005754814,1.6383534186864284,1.6643491083794573,1.6684121669623564,-0.018899158716312314,-0.02983639323690751,0.0002864200658044269,0.001188848543532961,0.001409620603115859
197,1.649753717242164,1.6397090210793555,1.6643941024595712,1.6686205467245,-0.01768079246563914,-0.028950388546993,-0.0006764954438530646,0.0004510986818464513,0.0251426414732251
198,1.6496710566049062,1.6383864412351468,1.6631434493776789,1.6686967971946907,-0.018175408630632606,-0.02775100892610649,-0.002350269779679448,-0.00039337600590561017,0.001301210012543775
199,1.6483161514177453,1.6377556724904134,1.6634690462962347,1.6686786564391627,-0.019749493044953437,-0.027360290790285458,-0.0016287407572896373,0.000748944086582104,0.0013346451398182572
200,1.648517794414033,1.636371356050223,1.6633371124958358,1.6689262121010318,-0.020325231129566523,-0.02867276430140675,-0.003237335678010156,0.00129615190710064,0.025523543224421755
201,1.6485082596611034,1.637659688753614,1.6663126507671673,1.6689731158847856,-0.017942480437003194,-0.02865173674132121,-0.0015759647274841138,0.00018885073043817258,0.029249338160474966
202,1.6494469483505567,1.6363060148592805,1.6662295350021061,1.6687475592184144,-0.018220196600422844,-0.028736676501729008,-0.0002214795565182448,0.0012208369844713962,0.02497762898184897
203,1.6482336691510673,1.634940938267151,1.6674152632677177,1.6688208308178782,-0.019603177334329147,-0.03055014092076952,-0.0007367906396867352,-0.00012487153703777398,0.0013220199100937712
204,1.6508869487163327,1.6390805055882878,1.6701419649551172,1.668841020729628,-0.018267910575742063,-0.027661506129128766,0.0025337595299771976,0.0010276963143072138,0.038267793243026114
205,1.649565004261086,1.638400806706278,1.6695078570367718,1.6691394315441528,-0.01811454054994943,-0.028205158903659766,0.002015092885617631,0.0008942971700952596,0.00133019350942999
206,1.6495076023337665,1.6390731981744988,1.668864338024707,1.6692799710024475,-0.018563092148812688,-0.027754862460799945,0.0005660819206078638,-0.0012879452359370047,0.0013053852320706915
207,1.6495377565758242,1.639749528452397,1.6701807916547473,1.6694522684868045,-0.01851023452556988,-0.029034342130390356,0.0009112931861565143,0.0012801975528667908,0.0013609157148340412
208,1.6482065093884424,1.639135518003004,1.6688830102953696,1.6690204790157597,-0.01969631150240081,-0.029891315789245254,0.0005378250680111996,-0.0012958939115179646,0.0013341725243265102
209,1.648165522475824,1.63735369122338,1.6674359211196705,1.6693277835432734,-0.021227201180456845,-0.031082400330949722,-0.0032174702993087445,-0.0013076302328657308,0.035130872938287226
210,1.6494809543071276,1.6386310609388288,1.6662028774138025,1.6697225914131726,-0.021218153049959998,-0.030735192635076958,-0.003569369732447758,0.0012546725138697923,0.0013244806795835453
211,1.6494971183288865,1.6372321284306912,1.6676230349898835,1.669527400510738,-0.02005151985043052,-0.03212012627648553,-0.00011596949866859996,-0.0011941174322033232,0.024569886372723514
212,1.6495122325847928,1.6385382396974009,1.6688064532544606,1.6699560652990098,-0.020571401566900183,-0.03151146588015674,-0.0008608652650043402,0.0013054063141076933,0.0012243729169200683
213,1.6481409878849247,1.6374689739960164,1.667508826294572,1.6701809010239284,-0.021212700282465802,-0.03145505968953943,-0.0020389504812794446,0.0007400304636707711,0.025152986670484684
214,1.6468073028539125,1.638222668800065,1.6661977874571545,1.6700788059940865,-0.021634228229097996,-0.03184000453137892,-0.003269531362972866,-0.0013067565057708341,0.0013521372185906508
215,1.6508897145080241,1.6370310019669685,1.667544144345714,1.670043167098591,-0.01810992524973598,-0.030808188452041196,-0.0016810571186015588,0.0011551229841472166,0.0354258619868893
216,1.6481396022157893,1.6355331483144162,1.6662130102065595,1.670038813298605,-0.020498471075769076,-0.03444219648357216,-0.0020251904915200014,-0.0010438181492826715,0.05487018769763306
217,1.6468072102876596,1.6368920604688912,1.6674612093455798,1.670251084412686,-0.020256969536218805,-0.033632505971089355,-0.0006558542204833095,0.0011514031796127089,0.02472280086729678
218,1.6510937852217238,1.6356398509709402,1.6688806427096863,1.670391285874775,-0.014731630948832342,-0.035398940287874936,0.0005189425407853276,-0.001054415884775728,0.03519103685284259
219,1.6525009636488837,1.6369055817078302,1.6701949478525453,1.670610696914855,-0.014674579607031779,-0.03464465386974386,0.0017371393465957508,-0.0002306675145403725,0.03581802319376177
220,1.655402436528468,1.6383944820470542,1.6715297018926616,1.6704105681461958,-0.01383042354749675,-0.03184506557672473,0.0035548916377633466,0.0013128247671357895,0.04441547108838998
221,1.6540248366660943,1.6396893681414024,1.6728398955580719,1.6706834242603552,-0.01353253652724784,-0.03159347955031466,0.0021898779338851426,0.0009697008858230438,0.001395569781218249
222,1.6552308261221544,1.6418082969503773,1.6742505997637755,1.671271889875805,-0.011697190532283241,-0.029150879074469727,0.0029310840436290175,0.0011920991370004685,0.03899153291810841
223,1.6534378908743637,1.6424949510567428,1.6729523196836038,1.6711147986536445,-0.013633322346460641,-0.028181589001650575,0.001537678343502602,-0.0006432736639012671,0.024696514903656333
224,1.6525612904682279,1.6418892577393391,1.6709126136519474,1.671336399760852,-0.014703214662227349,-0.029516172911555116,0.0019533616535133413,0.0011435590910070514,0.02532154792692516
225,1.6525433023664688,1.6413780916702632,1.6676105746700054,1.6714398869484965,-0.017285257801636922,-0.03189704169821539,-0.0020882089605206433,-0.0005137001798588559,0.02519577897131928
226,1.6521942926454036,1.639170990253077,1.6662316102836,1.6714985199728407,-0.018801170403221712,-0.032259031338225885,-0.005343873865666815,-0.0012641872863893289,0.0252605025984938
227,1.6494311460653837,1.6369755045845173,1.6641772280148122,1.6714167499207182,-0.019181613104782946,-0.035264233761203245,-0.006579516511020067,-0.0012024909791440441,0.025889527839225004
228,1.6506468173323614,1.6383753304472615,1.6662051453363718,1.6715426832234024,-0.017709798836361923,-0.03546161950365012,-0.005675024018142405,-0.001135186611029293,0.02548471025367162
229,1.6483230014579258,1.639726442866871,1.6667735351973691,1.6717293063780767,-0.019266756182762523,-0.03455879866749195,-0.005506272230924092,-0.0009651694616306106,0.02531281286188406
230,1.6494561864888369,1.6385059190423905,1.666128743329052,1.6717516247832962,-0.01911544472856641,-0.035299541239589116,-0.004366391032118444,-0.0012462148728356048,0.0013766650096725646
231,1.6482779243086514,1.6327188857966242,1.6641464322949313,1.6721150250193322,-0.01968696914749224,-0.03662223645774926,-0.009044116727654372,-0.0011211849409313857,0.03794929621372315
232,1.6494731935155378,1.6327013466938023,1.6653608137058444,1.672113505258034,-0.01958068951175429,-0.03648725949458553,-0.008455451044021678,0.001171156829583797,0.03586553925397502
233,1.6482219410655556,1.6320507433543177,1.6641419719523831,1.6722386542973315,-0.018901344967063083,-0.037865277482325044,-0.00859732929426299,0.0006938084816292545,0.03525897212037374
234,1.6495439057480636,1.632829142298914,1.6662275271042235,1.6725225516991076,-0.01775693581163651,-0.03718047182891371,-0.004285410367905806,0.0004368513125602158,0.038620107695206636
235,1.6508347102269145,1.632035770682148,1.6668716427462147,1.672455920385851,-0.01868902000596062,-0.038489232407142915,-0.005928381467568966,-0.0012025972343640001,0.0013303082999089324
236,1.6496887329292438,1.6329721892035152,1.666180868128808,1.6724484506692576,-0.019087411108318575,-0.039374577013687406,-0.007685107355469012,0.0011588856837336792,0.025196789696759567
237,1.649536495848822,1.6320272734403216,1.6647795298861723,1.6724962134849128,-0.02052457813610009,-0.04105496914243151,-0.007590277860663075,-0.0012245559364674197,0.02480647005717252
238,1.6488715367608606,1.630662638804824,1.6626953036177192,1.6725400887943342,-0.021172923203772065,-0.04139989832390556,-0.00903093300283947,-0.0003981653025880716,0.02497821432579256
239,1.6498629544801728,1.63014994968504,1.6621325292164828,1.6723732946195753,-0.020265388975182708,-0.04022403652399198,-0.007461308409274892,0.0012969511807706668,0.001310873993297342
240,1.6495109780517843,1.6301165496851406,1.6653684371224329,1.672333937789625,-0.019965103976193443,-0.04104582229166398,-0.006261668043435031,0.0005790570482744339,0.02499973746063076
241,1.6508703902059296,1.631303089754232,1.6667228716923166,1.6726968677479128,-0.018782485116896175,-0.04153953209201616,-0.0043708312975866415,0.0009787289484901596,0.02490044938715547
242,1.6508916841682995,1.630353866900258,1.667398637803458,1.6725212192841856,-0.0192418608953715,-0.04087504312427431,-0.0059039970387454455,0.0012883500811574633,0.0013109111586406144
243,1.6509018679607124,1.6313721323109167,1.6667476397131278,1.672722410612821,-0.018740944727499764,-0.041078768965822354,-0.006517996189432551,-0.0012840907243063526,0.0013648579185904
244,1.649635100216933,1.6300432789469426,1.666310938027597,1.672654250806191,-0.020181681748921654,-0.041130581880040706,-0.006712846709655551,-0.001129729059710094,0.024694450223919695
245,1.6509341211734883,1.6313444152955099,1.666811322898353,1.6729733574655137,-0.0202305619668246,-0.041649858420777786,-0.006862774172114339,0.0012364387834437052,0.001279331146593777
246,1.6522397119072987,1.6326980059071463,1.6680862981961293,1.6731377782925116,-0.020848612155562662,-0.04041074411245632,-0.006140136726334733,-0.0003941761325945148,0.0013299644002289213
247,1.6510518782287893,1.6340606162388132,1.6687941891483804,1.6731052815178256,-0.02038107701290326,-0.03957206644393302,-0.005348456015828229,0.0012635504187527014,0.03562715464462765
248,1.6523616077787189,1.6355506013158931,1.6708603790737064,1.6732367940560462,-0.017634223332032017,-0.03831483745654435,-0.002309434113029696,0.0011529358243065335,0.043767186921542155
249,1.6524976872805683,1.6321151841827013,1.6668520086211305,1.6733878450689361,-0.019211849416582827,-0.03993639241895158,-0.005386420144457171,-0.0012843307017013084,0.025648209367721567
250,1.6524845835913826,1.6334572729114447,1.6675059651567201,1.6732129528625608,-0.018589166937645007,-0.03817946197353067,-0.004951149323053183,0.00025166201170878644,0.0012868721606931655
251,1.6537189056985393,1.6320912692686544,1.6695207052949508,1.6732564773957148,-0.01943250780453154,-0.039837718129594135,-0.005345995693164074,-0.001285023993827128,0.04413868518569728
