t,log_price_med,log_price_p25,log_price_p75,log_fund_med,mispricing_med,mispricing_p25,mispricing_p75,log_ret_std
0,1.6077387493545665,1.5949074649011288,1.6252894093765522,1.611463249756425,-0.003724500401858455,-0.01655578485529624,0.013826159620127343,
1,1.6158397161750846,1.5912301846433894,1.6327904452464757,1.6121043536671678,0.00521013910312218,-0.020465925461998213,0.019679757263528552,0.0626113809726205
2,1.6090611810647444,1.5800603335148453,1.647224297241417,1.6126195534841792,-0.0032624023255689583,-0.03145312395720379,0.03346763684776205,0.09860604502763927
3,1.6149151821486853,1.5786666206845967,1.6432882610072022,1.6140132415116266,-0.0002582804392478044,-0.03648833567705623,0.035981252919122575,0.13345542256049592
4,1.6093284105478833,1.5628764912622728,1.6842793627852612,1.6136144959053824,-0.008164919796771475,-0.04962247710597095,0.06627499915093998,0.1744312287118596
5,1.6177679440430752,1.5141096063221067,1.68487824746159,1.6143036133946012,0.0059151381663211655,-0.0943257684566659,0.06879859872921534,0.2222292184513364
6,1.6047425207500763,1.5230100506794908,1.7278592427113484,1.6148779978691237,-0.003645731902754412,-0.09431969264362627,0.11590008054098117,0.28097879252289415
7,1.621919249480043,1.4555729006976705,1.7266610835077287,1.615267974132117,0.006244538081567441,-0.15180121185294687,0.11123166547977442,0.35511421150630473
8,1.6227223390117596,1.4928284142860258,1.8197276384439887,1.6157267353091118,0.006606654111004695,-0.12518398134374253,0.2116164433300619,0.4414042822764351
9,1.6225759953935086,1.356745491451639,1.8060487913609906,1.6168920648419869,0.007885864882356874,-0.26072289459403747,0.1885164049973282,0.550155782948257
10,1.603899547066949,1.3676943425280383,1.941359073391045,1.6177695655829214,-0.011015260875164024,-0.25001169587509525,0.3332040099303643,0.6963725583126351
11,1.6293938597187592,1.200236358348003,1.9382405251903958,1.6190287397304841,0.012870531028770671,-0.40968676155489986,0.3174189985163133,0.8830767440304824
12,1.6159278116700684,1.2235676240617221,2.148345905830997,1.619215045222075,-0.0014425142656881995,-0.3949770557131568,0.5306048044097245,1.1135331277663298
13,1.6163527836726943,0.9416523172697697,2.093899686030708,1.6196324511538176,-0.0026951003144277674,-0.6782788608017924,0.47396104298623,1.3955908573954523
14,1.6306419636050085,1.0364014638510826,2.434546390479827,1.62074806207528,0.01043546825763586,-0.5859422417845428,0.8158911560821618,1.7459339754843721
15,1.6149480258521254,0.5979039013522247,2.367655488444094,1.6214744424193954,-0.005670004496286074,-1.0151009595632028,0.7429565430231817,2.1966187095832566
16,1.6421721489247727,0.6898140566904342,2.9069147547381475,1.6225885161754183,0.021027837277954098,-0.932566145345165,1.2950693456569868,2.778507823049325
17,1.621665693502805,-0.03292736842193423,2.775990393471271,1.6236133437013525,-0.00027110084391002154,-1.6463062995061586,1.152559654086088,3.5348783026394983
18,1.6339761798393488,0.1789502186079438,3.698046172443378,1.6232778215700439,0.012164660640384017,-1.4445413476339053,2.0852133605983374,4.553290340879316
19,1.626686667900465,-1.023877298551366,3.4511926054407325,1.6236444640512775,0.004017362061909169,-2.638283720311468,1.828509964161747,5.967338470970785
20,1.6029877724243873,-0.6995967516444376,4.999207907103789,1.6231266579601824,-0.019078059337949593,-2.322840018439284,3.377474438823623,8.046623892691317
21,1.6606984462321863,-2.752496442109904,4.586733762910224,1.623937653501308,0.03689340636542371,-4.37517825469634,2.9635619961238646,11.285213891121002
22,1.5797223109787337,-2.1689717065603586,7.444685738623548,1.624548583941459,-0.04373376969269993,-3.79191155025848,5.820701658138253,16.569105652826735
23,1.672256391293296,-6.349263435279789,6.616355611674414,1.6252072625829976,0.046819839416388565,-7.970801867682042,4.994231616029107,22.293351997364724
24,1.5582055299650206,-5.117302749771502,13.08413912294089,1.6254971518175234,-0.06712632068055335,-6.7397931884496085,11.461854388985241,26.83067150366986
25,1.36635901606721,-15.639596850438611,9.847549201887034,1.6261725984942437,-0.25119486453207673,-17.262825875001635,8.224779414055407,31.160520266115107
26,1.7452799868917794,-10.228254972059213,22.168083378556005,1.626170776470176,0.12255231836213232,-11.849478203150346,20.53911047022155,36.16975702867351
27,1.7005099332654603,-23.025850929940457,12.020767056479663,1.6264903323506408,0.0737242656627457,-24.64348601322711,10.406305583072209,38.9585829437896
28,1.2498393721369374,-13.806661358299001,15.808240982619349,1.6260438682176064,-0.3735345806981313,-15.423072591089962,14.18236612597667,37.506109349937624
29,1.7144704867070921,-20.289758289544196,15.629578678167485,1.6275081690400672,0.08386539340451182,-21.915386769623986,14.006615331514373,36.937334760302925
30,1.5293849002187492,-19.981028524278123,18.771127596972832,1.6286696665716542,-0.10174444545404648,-21.604878029105933,17.126093937619924,39.56777171800594
31,2.37891133876649,-22.787257731843976,22.66167812674057,1.6296278242777515,0.7497793907819438,-24.412187823084984,21.033255412985515,42.38643446426689
32,0.6858151110788248,-23.025850929940457,12.537208502174055,1.6307293185727434,-0.9455669213433837,-24.653076755139825,10.907778103258218,41.64786543045924
33,2.605612121751645,-14.642849546394814,17.68297246043502,1.6311348694671945,0.9785933481695964,-16.271905310041166,16.040556797510643,38.708202384171514
34,1.3665212125898625,-23.025850929940457,12.189672278942842,1.6330439711664022,-0.2716124613698454,-24.644786552513416,10.555874512316034,37.3222395363386
35,2.94400341785479,-14.014223622644838,15.410094344757958,1.6316223207099534,1.3064298813159088,-15.648723231831259,13.775655766044732,39.04021978961542
36,1.7032882436292602,-19.56542383038465,15.83167583516903,1.6334223736274263,0.07326390491137724,-21.200767303281886,14.191358304714818,40.34717182127596
37,1.8376618398235003,-20.308125066557185,11.198494102970404,1.6349785311343463,0.2083744789990274,-21.95139556023964,9.561343117305332,39.209070298657345
38,2.4519408135829788,-12.302592423298595,18.446959480239922,1.6354285672189621,0.815835151752954,-13.940351723681376,16.795479390754597,39.49657446520417
39,1.165641572405291,-23.025850929940457,10.756312581988787,1.6367104364571095,-0.4671327073976562,-24.64998653643586,9.128656053082587,36.15285972543068
40,1.3113213948164768,-11.505226272627471,16.51749606186235,1.6375006372858079,-0.31780743716600246,-13.135053203653875,14.877884362362154,34.78917708549012
41,3.2277079233416828,-21.45534994206359,19.484083183243,1.637023884726463,1.5946263758769077,-23.09507997093111,17.829312116346195,38.371208343373894
42,-0.6176857347954878,-23.025850929940457,20.336516013754057,1.637354198024619,-2.251494380912076,-24.64524652496754,18.719951027769707,39.94469960608615
43,3.728135091892635,-22.352665209112075,20.192647581139596,1.6373509122328684,2.0820029179173227,-23.968855929822723,18.55839144631249,41.36723334121797
44,-0.24354376523003607,-23.025850929940457,18.19155245989056,1.6391752467929674,-1.892523432137001,-24.651169614396196,16.56549236247515,41.77596237470257
45,3.8527534760730333,-23.025850929940457,16.384149044528456,1.6401435177462642,2.219892902705949,-24.64645670546726,14.758089127490546,41.76784893705201
46,0.02186282580083903,-21.272274345220488,20.070214222674835,1.6419948429444624,-1.6186215665392119,-22.900846544511587,18.425053902263002,42.868077965121486
47,3.063920188928746,-23.025850929940457,15.157018708392027,1.6418396578789118,1.4267462897454406,-24.661924786032852,13.504261567261185,42.68539068089741
48,0.22193902914298724,-19.097790160638553,25.82574834953612,1.642689260525219,-1.433213033530007,-20.754652139098248,24.173785151330325,43.38732837014065
49,3.658291341990947,-23.025850929940457,17.409694090052017,1.643697388570372,2.0215560430085286,-24.644597876190815,15.766381687684685,41.95710768373107
50,0.3291404705628487,-22.33242870417239,12.88506753430438,1.6442713464601373,-1.3087895055478749,-23.963933336144287,11.235391771134672,38.38813341347111
51,5.264336301866024,-15.124384558390584,18.947897710336672,1.6450961546148835,3.6254219485397883,-16.775245277644615,17.309437415095832,37.82843648160074
52,-2.1939410357677724,-23.025850929940457,15.988422750911235,1.6458168366611319,-3.8300697422224896,-24.66173340501472,14.338445692773227,40.180149028783056
53,2.9840465961236013,-20.51342038015728,20.615172752869032,1.647183853527713,1.3407756890361666,-22.16313535516147,18.962217391056136,40.92179633079605
54,-0.7962067416258991,-23.025850929940457,19.99622363608116,1.647836093014646,-2.4448244143740308,-24.652228995740398,18.352140001802542,41.71000227334152
55,2.5377708887010293,-23.025850929940457,22.225645456136334,1.647970958762397,0.9015279070706909,-24.64255967609528,20.582659147548256,42.1382122302125
56,2.5965315388683727,-23.025850929940457,17.19233907101428,1.6482754741158412,0.9605460084974153,-24.662561736057214,15.55336546870331,41.90966297535342
57,0.14799541912972103,-22.638447334985806,23.5524957239914,1.6495656566938877,-1.5143537532770226,-24.276079401157475,21.88867560706328,43.07074912950217
58,5.257211083623449,-23.025850929940457,18.37231136960221,1.6476733988397163,3.5987528517407346,-24.664948416516236,16.73935857187353,45.05382892222311
59,-2.1062429908430857,-23.025850929940457,17.569811710264027,1.6487363742016217,-3.7633840394907057,-24.647377688749657,15.932408295644178,43.59291767670985
60,3.793189256935231,-22.59353687375001,23.67070532639955,1.6483834378158284,2.140191722060088,-24.223406741248063,21.992997473427977,42.46389059356692
61,0.5231887448601342,-23.025850929940457,13.35180586104261,1.6499171710790645,-1.1303707704172412,-24.66392089138664,11.674860944215107,41.69150517343547
62,1.7986240435061127,-15.919340288886836,18.552472661279573,1.6520864134521327,0.140609936027835,-17.583049319610254,16.895539897295443,39.59561704783803
63,2.6985078095395467,-22.151192448763716,14.714652818217683,1.6525690678975655,1.065956979072629,-23.791791840786683,13.071544118390937,38.748344375918016
64,1.929585700583804,-18.32482467223976,21.02129077515886,1.653321079020491,0.27667441183296326,-19.968843744012876,19.34900561993674,38.76283944128096
65,2.24335558108854,-23.025850929940457,20.65619893262117,1.6534980376041244,0.5869815304329952,-24.65911358377247,19.002150331448053,40.48993808280333
66,3.2389454768978734,-23.025850929940457,19.819113612896842,1.6530157477384768,1.5815081039662235,-24.66262438692662,18.142264140707425,41.500817574838074
67,0.7470741005867723,-23.025850929940457,18.605204117665473,1.6539350432244966,-0.899261862855444,-24.662886467392063,16.971317334495275,41.317763644870354
68,5.537932997143269,-23.025850929940457,18.300238692072384,1.6537641171535629,3.907221973829512,-24.657979732602836,16.635782583395205,41.666929526147285
69,-2.6359219762452732,-23.025850929940457,21.881901078677792,1.65395585584474,-4.266521413975924,-24.671160802919378,20.246139236508704,43.03948559729278
70,5.624754190176019,-23.025850929940457,25.644398411544834,1.6554613631743686,3.963141194710688,-24.650293228253688,23.99291575482878,44.87761164660346
71,-2.719374306042496,-23.025850929940457,16.61330094886228,1.6558379461436348,-4.381733699544248,-24.675221626417706,14.96081580581442,43.19270917563461
72,3.5139431439673086,-21.59601701862432,17.854606927426794,1.6561300091957707,1.8479367232707442,-23.25047335577752,16.226616953782976,39.13046914353451
73,-0.20354700672251586,-22.65706381945947,14.824153387212426,1.6578082939004448,-1.8733308072838606,-24.283234665760606,13.195610371612785,39.19564011759776
74,7.134188822715023,-18.550280502413884,24.632290636159386,1.6583714516141796,5.464854997911864,-20.18011587353212,22.97682214955033,41.616805578694965
75,-5.155390534059475,-23.025850929940457,9.873152349810027,1.660255668391002,-6.824928028673667,-24.67485195535466,8.199301976302397,41.28244532680272
76,4.615634069667394,-9.831503462433886,25.685797997805903,1.6626275132573407,2.965766559268121,-11.517334314260752,24.024398216107627,41.07942981982112
77,-1.148139441752361,-23.025850929940457,10.942250412826013,1.6618602408760086,-2.819977947152476,-24.67917875158354,9.272316775400444,39.34030090471997
78,5.520274606726001,-11.738974843175647,23.46256998899854,1.6620456276585411,3.86121242460356,-13.410602096062238,21.786355385235865,37.90865018012685
79,-2.4384406140064403,-23.025850929940457,16.965075267094296,1.663486682685607,-4.099539888457382,-24.676679286212586,15.307746702875352,40.36048389203165
80,6.4150657852930095,-21.846830218589705,19.74233684384991,1.6634863164498228,4.759555321685273,-23.469051862745733,18.091397371418307,39.866110299994695
81,-4.014980034684525,-23.025850929940457,11.118952185100154,1.66437606528561,-5.670125435606215,-24.67726485519375,9.466885210044161,38.973213712247095
82,11.195894020482143,-12.05962372227258,22.343917418276135,1.666343951420737,9.540484612496137,-13.711675925188473,20.6805322174206,40.59705909675386
83,-12.236370057209847,-23.025850929940457,14.897014330061364,1.6663093507752962,-13.893781315296847,-24.68481512273275,13.249286391309333,40.31800699966959
84,7.199578266024744,-18.641483300569373,32.4122074147286,1.6665583139521472,5.550506962666009,-20.290310809560324,30.773956387374984,43.00208221149398
85,-5.294460101193831,-23.025850929940457,27.12205096648621,1.666294608256808,-6.94565623497592,-24.683931048060252,25.451286128899287,47.38893368537327
86,5.779203627499253,-23.025850929940457,14.759833068455915,1.667822119560927,4.123101821175718,-24.65261645194065,13.113157420375696,43.43309803913271
87,-2.7901859358313152,-18.373539282991352,10.273909024675365,1.6673206750569476,-4.448141402286922,-20.02408654915117,8.611556918331736,37.878662574037264
88,7.403489859588222,-10.645407548910653,24.326388829320635,1.6664388009596525,5.7247369019929035,-12.307632114813117,22.665172960719115,38.52190865001823
89,-5.568067594927277,-23.025850929940457,11.929555075207919,1.6690899724369515,-7.249770663808043,-24.67775422298597,10.251096135188213,40.785752648066826
90,11.608327675973506,-13.391045691712264,25.92162768791114,1.6701882440570657,9.951243228384406,-15.070250024529402,24.256548553980448,41.14839701366133
91,-12.951316585186525,-23.025850929940457,10.861650633873856,1.6721645882322822,-14.608488105073235,-24.683258087479988,9.182286034682365,40.06720689983583
92,11.269503665799405,-11.57998394025773,24.968019404542833,1.673094709065218,9.584749566768417,-13.259815972915208,23.302692151765562,40.07612089889086
93,-12.248797841144224,-23.025850929940457,12.679381128300195,1.671733227169065,-13.93425843918089,-24.691483169600488,11.020438101735325,41.139335346008195
94,10.096333352374353,-14.762508885578063,25.074355165158828,1.672151686548014,8.436745410713042,-16.422282823582663,23.41720129381753,41.576366726692925
95,-10.316310290026687,-23.025850929940457,13.487046024336271,1.672004613693839,-11.974523786695263,-24.68740634271935,11.802783899339541,43.24942992908102
96,7.639073764883719,-16.106729508702834,23.132490250477897,1.6695836220647353,5.950451913487753,-17.790621809173484,21.482640307548532,42.53991517704483
97,-5.961194393351784,-23.025850929940457,14.888644058594886,1.6696894473664963,-7.651204840905256,-24.673679388326324,13.226526962243993,40.65951392236371
98,7.706460292444348,-18.54648114445813,19.1574669160453,1.6725952263703854,6.020307755880352,-20.212378985320967,17.47382664487595,38.70301936018577
99,-6.0368270428294,-23.025850929940457,17.984211100641133,1.6729557689238401,-7.724737739612622,-24.667438507543032,16.304908708878994,42.047146653971836
100,5.072847351973041,-20.9765360858569,24.68487877536864,1.67277838987806,3.3949469122134763,-22.620737411437908,23.00022691086763,44.31403022181595
101,-1.6762535551831053,-23.025850929940457,11.235755286520877,1.6728316433794195,-3.3552104653780392,-24.689392708380925,9.561669705372937,41.51058820015849
102,4.716386966806354,-12.214216349936695,18.92612317829061,1.6747935758036998,3.026422385658588,-13.889190331882329,17.251113006281454,38.954726893841965
103,-0.9166399131629146,-23.025850929940457,12.76942506480181,1.6744547138791748,-2.6066177493354132,-24.671080678168366,11.077319037762509,39.65897802158419
104,5.519433572398649,-14.83606454537135,15.55091972470557,1.6753311193682112,3.8668273652957206,-16.529751223588825,13.89089513609783,37.71389976166174
105,-2.431362371804057,-19.72176640178421,14.492062785684915,1.6770859623761307,-4.084192867639067,-21.38214071279323,12.814077797108087,37.479568502437665
106,3.771001231024382,-17.865745774304376,22.858988249946016,1.6784448477495308,2.0946743252266673,-19.543749291320275,21.195099097975483,40.08666854299558
107,0.19375418735731315,-23.025850929940457,14.70038061553949,1.6802319382642792,-1.4784233236622335,-24.691609917897356,13.023241055720261,41.55516027813011
108,4.810253562635929,-18.200304191555546,18.756376630778398,1.6801010747612959,3.122152993137838,-19.878582305727907,17.08432927674277,40.35008989501984
109,-1.1523059654176282,-23.025850929940457,9.872520565563585,1.680691490191557,-2.838991544677291,-24.663739189507524,8.204862145735081,39.302914020942666
110,3.7956501617620093,-9.901504390894456,17.80597830738668,1.679109922476822,2.1326558121748866,-11.57354480775086,16.14741403638134,37.559165256084775
111,0.3658701375174056,-22.608494345282985,12.15019578484294,1.6811658300707606,-1.2969162005284627,-24.26603093977981,10.486235318060915,36.865093357420726
112,4.153895916098637,-13.863353133653344,22.93831955763686,1.6812403765083392,2.4613358273054637,-15.529505630639324,21.249332145155684,37.83109090450018
113,-0.19534831363899222,-23.025850929940457,18.678589284676494,1.68071602764592,-1.8859480730213665,-24.690830611414896,16.966218723162992,41.15680296610543
114,3.3097023877121714,-21.284530418663163,19.03744534087462,1.6803497425864693,1.642078749171102,-22.94623857121837,17.35708085574871,40.65207400394957
115,0.3474812314787412,-23.025850929940457,16.861968666146122,1.6823295685547284,-1.3287077129501919,-24.696987562065537,15.18910064020475,38.88352400354389
116,3.5929138643852516,-21.919631906553164,18.60703090052715,1.6861975007711618,1.9061436766886795,-23.582406850507795,16.91211852424768,40.17598654815787
117,0.5523755558973591,-23.025850929940457,24.62369378043177,1.6860263154058561,-1.126452847836097,-24.696996881889984,22.93012722852565,43.73768608063693
118,2.16536384583582,-23.025850929940457,26.85328850249057,1.6834909647471585,0.47144545334853416,-24.69764727614634,25.1485627074168,45.11152568939664
119,2.1674403022007307,-23.025850929940457,15.571633336567967,1.6845798680408135,0.4667880834076835,-24.694890036195645,13.846999035762057,42.84535137579373
120,1.2722543272557338,-19.590801002264133,19.869564474566076,1.686947291200358,-0.42538108429747845,-21.31714467367901,18.17000491922082,39.016046114004915
121,3.465488083841599,-23.025850929940457,20.417837015594934,1.686946115623768,1.7900907149769885,-24.674134144525482,18.759779880514312,40.16822871274505
122,0.8285690424898642,-21.17812877032969,19.36713910005809,1.688062565316051,-0.8654733246917777,-22.835139188514415,17.682204423459403,41.46364145839686
123,3.0984498564310803,-23.025850929940457,12.959607638275434,1.6892914108816723,1.4093921413573711,-24.673909308434197,11.26681315391428,37.63926216424241
124,0.9550821909842125,-15.135090568814459,16.18059167972637,1.691037327263822,-0.7159660434258575,-16.82618318302834,14.524261522578737,36.70053671226766
125,3.605901681498241,-20.83146068630166,21.595417430780422,1.6936867541657052,1.9201157097294428,-22.489567223751884,19.916496824115296,40.95644995216118
126,-0.9962283865546961,-23.025850929940457,18.149969068958693,1.6924151056517895,-2.6594332756895604,-24.698954580538665,16.444029612533743,43.36956560402021
127,6.586191125882721,-23.025850929940457,17.795558747260756,1.6927866031944383,4.89157268381001,-24.681615120546937,16.113404101182056,43.64884391302245
128,-4.182843887538965,-22.72873085133719,17.47761056762942,1.6930009781648643,-5.877900595273903,-24.381312344569743,15.798899308079426,42.568908477500706
129,3.8011650716417975,-22.40638305567834,13.77516779987209,1.6958234963959602,2.098547896303072,-24.06871526939431,12.068317877880165,40.89354999468951
130,0.5299608797554135,-16.52260066588672,15.440713846656907,1.695796866645799,-1.171854324200832,-18.23288226572153,13.760888950603396,39.54660903837271
131,4.559183447205606,-19.488639265777447,22.442415625657993,1.695895739926814,2.8605623926805284,-21.16783824264484,20.75618757924691,38.74448896900575
132,-0.804229356443471,-23.025850929940457,18.125671896480764,1.6974986169310893,-2.5022190725656315,-24.702392149904693,16.45782488735195,40.688746505305296
133,5.781509016115469,-22.50368803031034,22.154383575419764,1.6967518613762436,4.093164434596538,-24.16646903400089,20.471733490416497,41.82274847587124
134,-2.8535726058301445,-23.025850929940457,15.00269827179119,1.6977878686056698,-4.542194999182042,-24.714927255484646,13.294016397706871,41.77428318514343
135,6.447985892667372,-18.67918144500345,22.600816311772192,1.699488138274355,4.79419871679335,-20.386015189709966,20.91241099776755,42.08266913011097
136,-4.105115149819458,-23.025850929940457,15.96703241938912,1.6978182149784478,-5.756927656120768,-24.715161097541337,14.285616173876518,42.94674727352802
137,5.3158739300514455,-20.400682704852077,21.73502882786358,1.7000945847666673,3.6096704323363498,-22.084955353977158,20.02592256275102,42.333771470945514
138,-1.9198837272425622,-23.025850929940457,10.16045665478604,1.7019041709904568,-3.6059451258935447,-24.71055764730095,8.461005654122587,39.909427213112956
139,7.809343435141141,-10.289617793066757,18.438085047958975,1.7018422015178718,6.094089341924024,-11.991590248532045,16.748682669728748,38.365895285645855
140,-6.175201813132408,-23.025850929940457,10.044941427924321,1.7034693658915634,-7.891954004540338,-24.67988349298125,8.331025241200848,37.95787758934613
141,5.860648099937659,-10.181072442296594,19.758883941132552,1.7032339647023487,4.133959212107246,-11.895313377429622,18.08668487197486,38.108690657005155
142,-2.8180382385166043,-23.025850929940457,12.473008437620418,1.7040918227457955,-4.544661119501294,-24.71032806005435,10.795186296795151,40.62464938784602
143,7.085278956702304,-14.375403693447005,29.779190946457575,1.7061193978455884,5.38315071001805,-16.054622703643258,28.067822754465144,42.86065294293216
144,-4.999159032744773,-23.025850929940457,12.273673692701188,1.7067558028116077,-6.70260599598561,-24.710725556722664,10.579411013599918,40.79908275816322
145,5.109847101467281,-13.961276924657465,16.398769768326183,1.7059311565293416,3.420029543173293,-15.657127290881627,14.673494476445704,35.83281944235966
146,-1.5967409405826416,-21.03080033217182,15.704595951766779,1.7074078257922791,-3.2862197758147995,-22.758021605084863,14.003482289525005,37.81282014161888
147,9.01782089865642,-19.921979594875005,25.875701371802236,1.706475241109577,7.3270180658429735,-21.624385756896633,24.163556006658688,42.22125638067602
148,-8.358721648775635,-23.025850929940457,15.332040469294942,1.7079318501409388,-10.051629906724443,-24.715640579919665,13.623963569770853,42.75575752294626
149,5.603587118240636,-19.247288502684068,21.36555859531463,1.7078565562885317,3.8824646712164324,-20.95400264425945,19.688757544760207,41.563066116909866
150,-2.339048324484857,-23.025850929940457,13.944798093896447,1.7095387321928452,-4.06344690269724,-24.71707151895068,12.284680719329804,41.37632957414478
151,2.35307730713544,-16.976796257732065,17.727532625414014,1.7112793899119403,0.6403822821416557,-18.635824086903384,16.028081563441635,40.83512000235156
152,2.974479609690283,-22.86599833940097,15.028487760200067,1.7119231021200088,1.2606949646976209,-24.539454262001534,13.336127256663188,40.57198013360721
153,0.7294454280733256,-18.760717338045147,19.33820169300835,1.712801837201809,-0.9809141492259635,-20.45290187873086,17.621933399181934,39.46674618868038
154,3.915308691637956,-22.263635738624977,17.122548266992396,1.7123909498732117,2.1957435007904618,-23.94426977381931,15.404146121363272,41.35543157963968
155,0.0949210312341564,-22.306759284257303,23.155158784893956,1.7127022371835834,-1.6098627254525848,-24.004716661489454,21.485700776671678,42.26392667658176
156,4.478719787135624,-23.025850929940457,16.230986266869703,1.7151383067134516,2.774575897400612,-24.718617725046748,14.513460245029087,41.023357576051474
157,-0.6003008584517691,-20.75767282849274,11.458922861910771,1.7150671228565706,-2.30510923453231,-22.47512204415449,9.733172978800361,38.86307459158533
158,6.273660857661483,-12.465807208205002,21.699120876813865,1.7159499470723114,4.559645597727123,-14.192086347311669,19.99005912900299,40.15759514654913
159,-3.6961200129313165,-23.025850929940457,18.180609625456356,1.7154858634172103,-5.409379219158591,-24.719298120410773,16.451839746882893,41.977726622649996
160,4.34865275410613,-23.025850929940457,15.11250092177158,1.717264939459516,2.624265711707463,-24.70035235364891,13.389499780245021,41.49376798526428
161,-0.1751888753283981,-18.802565395471902,29.507686274891714,1.7165361519764097,-1.8996502471452081,-20.52860118326304,27.780262585057557,44.280404788884866
162,5.268637634217576,-23.025850929940457,15.140737335537569,1.7171698361550571,3.573259254306652,-24.731565376020928,13.412343400587499,43.59693268525915
163,-2.3080004668367486,-18.869502585047343,11.306607024602956,1.7157882690938684,-3.9750211378174587,-20.598135298766962,9.563279756682261,39.344580486864054
164,6.056899664669201,-12.159282647373201,20.903539849398328,1.7165473866424632,4.340091848452422,-13.904449192257792,19.175362463556958,38.819234934106426
165,-3.16152038788735,-23.025850929940457,15.388354778054397,1.7187204735824086,-4.878686093569421,-24.72267680031987,13.669919347756927,40.72708223332226
166,8.817026477116253,-19.27424052354011,22.335316400785132,1.7199428120492035,7.098931468222128,-20.993406156866197,20.66786463350195,41.46641778901402
167,-7.94261698154923,-23.025850929940457,5.864207828855068,1.7191729407291472,-9.662172302320126,-24.718865692161636,4.127133669278298,41.117773430811084
168,10.54315153386743,-2.853447297631058,22.00839958124546,1.7208136053958565,8.811436753224609,-4.589737572172456,20.309499381380096,39.544835354685524
169,-10.878940286805255,-23.025850929940457,4.981161975083122,1.7201926290981184,-12.610043241660595,-24.714637240195053,3.274521688372473,36.240605181599946
170,10.684078228836,-1.357485673404794,29.609017551519162,1.7208808483431646,8.968187467753133,-3.064778800902368,27.88665993361199,36.312724592476165
171,-11.139544692804638,-23.025850929940457,5.699372854153736,1.7239068619567668,-12.85572869732654,-24.742951730566514,3.9773161494605684,38.76302852082652
172,10.185746252021254,-2.6368505073616193,21.567505179784625,1.7248807534688124,8.475873680892892,-4.361334556733354,19.845033392286705,37.3394201535879
173,-10.289657886020327,-23.025850929940457,8.337201008437269,1.727257289024252,-11.99859105890463,-24.683599567690557,6.619299563360862,37.51018248545936
174,10.825200196190195,-7.182431215328165,28.094306602897934,1.7287672294387062,9.084871461207843,-8.902388986987848,26.408330629965768,38.6927324009505
175,-11.307143123037068,-23.025850929940457,11.352700076212336,1.729571774376395,-13.0506396993116,-24.743095818056805,9.63963339535125,40.89771302801913
176,9.561007222867172,-12.341744994274931,22.605709362388648,1.731078903191456,7.849284636674376,-14.056688424981067,20.918226457932924,40.83703970865123
177,-9.196498470311465,-23.025850929940457,7.6186861991739505,1.7298161871925615,-10.90845248319227,-24.708886331207097,5.90601543377017,41.74719483478839
178,5.187072496944834,-6.069482032177664,27.173030743657176,1.7294937695981292,3.461270501414918,-7.785091677033481,25.458326185543907,40.55576681441804
179,-1.715734952048551,-23.025850929940457,6.296423483244742,1.7308720880586919,-3.4681896818859865,-24.73770111744664,4.589640771776574,36.962358430959036
180,7.322109258404553,-3.6042274388767455,19.81551238808904,1.7305971685971682,5.562775599239788,-5.311449760355847,18.11208501841268,33.542791930544254
181,-5.481695811790647,-23.025850929940457,10.550545809135993,1.732464125637137,-7.2429816134625415,-24.71520637010027,8.873942981095084,37.63232037907158
182,12.29735588616824,-11.07462471719344,27.256964308551243,1.7336976330751654,10.582137722193327,-12.750886011040665,25.535413774898515,41.223631587655944
183,-13.983406522820886,-23.025850929940457,15.500069092221738,1.7343317285205089,-15.698078202114234,-24.740472642054677,13.80186577523053,39.429344873462554
184,8.982825898829033,-19.55534840380887,24.324275068627777,1.7350336670625908,7.255047439553226,-21.25185324391969,22.561767297607634,39.48422538791526
185,-8.185649198669719,-23.025850929940457,24.85857847293548,1.7363196324448122,-9.916070662745437,-24.746816437160096,23.115010713554316,45.45226514608842
186,9.798096923556525,-23.025850929940457,21.032935855601707,1.7366300950340319,8.055029552466218,-24.7296203819024,19.28929473315673,44.577817480263384
187,-9.548853459876035,-23.025850929940457,4.401780770320027,1.7373434876951073,-11.291893599298643,-24.74300981226493,2.689611941766309,38.86247453747323
188,11.382386611733892,-0.542875532429508,30.406496336638767,1.737712287936783,9.635666253126363,-2.2506835054232095,28.728389875765746,38.758909875501814
189,-12.342510113633015,-23.025850929940457,7.014288687992342,1.73646623566526,-14.08788272896078,-24.751215968883944,5.279552850844187,40.95659885188712
190,8.538341486720554,-4.782003510137234,20.099565430813005,1.7359085377918764,6.88311084106898,-6.518288168230488,18.359757374545993,38.37253597690637
191,-7.587284712513105,-23.025850929940457,4.366310712287059,1.7371795242712353,-9.243802469874584,-24.748344286422952,2.6394586683040933,36.3745276529556
192,8.873803747705786,-0.2468652878719692,24.91112582849447,1.738629986317946,7.108587580753314,-1.9737814212510132,23.160033623673804,36.643749103280626
193,-7.905981075716836,-23.025850929940457,6.33922036049781,1.739205008321809,-9.670468857010356,-24.742640266177723,4.6080187137369055,38.67554585855143
194,6.075122573551042,-3.6836100506533267,21.375567430349243,1.7423789549271471,4.3200786331026215,-5.414676055000831,19.625799985486903,37.904422184497314
195,-3.0914844902366805,-23.025850929940457,6.604359926810542,1.74154273734912,-4.845574749500818,-24.73899185952887,4.831556814358452,37.953575820388835
196,6.623595189600238,-3.9628225876527865,22.571035176556393,1.7425194492946687,4.882014572135807,-5.7320263841819195,20.825381763667927,37.111423225653645
197,-4.264659994474019,-23.025850929940457,10.629785284892264,1.7438192911315862,-6.007491164397674,-24.75093935581514,8.878945904893051,38.076347799343985
198,8.20568898540668,-10.987591336672375,18.302670868465803,1.7443341948077604,6.478063702796687,-12.739454655525606,16.537636160344434,38.233165058630235
199,-6.8925540814325945,-23.025850929940457,14.858649435798657,1.7442882015932704,-8.621242415107876,-24.741444446759612,13.098518761759358,37.94437310361618
200,11.630913458137035,-18.250499973816446,22.62644923831988,1.7458212778572464,9.886588847465406,-20.014946699714248,20.8779972388896,39.26739419698438
201,-12.760216509492944,-23.025850929940457,22.247751647953194,1.7461618136161916,-14.504178101893398,-24.761568130690698,20.554341048897946,44.44802427574648
202,10.751348966810522,-23.025850929940457,29.456766319211823,1.7448831245170089,9.027488705294385,-24.736796858290294,27.711380665484214,46.12840998782956
203,-11.303080770255605,-23.025850929940457,13.301588404382564,1.7453803626275348,-13.02569905175713,-24.773068114663985,11.542707825764237,44.08469986951987
204,7.080989909833402,-15.595928400235227,21.131169709646084,1.745562129635138,5.326868033976147,-17.352883100645148,19.379195624827577,40.58521551093584
205,-4.842631162488364,-23.025850929940457,9.436768452667708,1.7473977073722509,-6.593996475420309,-24.733453339342798,7.743774464793569,40.03137869924957
206,5.453965719944236,-9.056685254513415,26.091109918621818,1.748295189264505,3.7068183786552322,-10.751001912680897,24.335756050550913,39.900747228225846
207,-2.132256210478243,-23.025850929940457,10.035226204037368,1.749381414135898,-3.8783252811245976,-24.75254623897573,8.29489042373977,39.28890347619285
208,7.519377769629273,-9.924691984365568,18.297578272246888,1.7468760383897348,5.758053826478592,-11.665146344025054,16.534987234108335,37.594449367825206
209,-5.578764004937716,-23.025850929940457,12.857935850046408,1.748764844281907,-7.3424707993801235,-24.745915148870232,11.082413929216157,39.824241517701715
210,4.49976231532769,-14.738612020774966,23.163085017597517,1.7511746337933476,2.774303516574016,-16.517128615681393,21.394072058303095,41.452519237141026
211,-0.533449668376591,-23.025850929940457,14.465983273205913,1.7500754662126934,-2.274701659417907,-24.762253494568796,12.736918156147077,41.854350689157684
212,5.505120696190116,-17.68709631775136,27.449192889416082,1.7526878247447637,3.780234427921254,-19.418995981420416,25.697305463031373,43.085702918813844
213,-2.6640444997322517,-23.025850929940457,17.701146900713454,1.7540868952554867,-4.4012556117544674,-24.778083268713416,15.930713103513899,42.523377407454824
214,2.689404695010815,-22.641113402799334,15.276379035436051,1.7535411467400683,0.9272037957972394,-24.339503934645414,13.563842293878631,38.798813352873125
215,2.626006312865116,-19.121403888261067,20.345561572920815,1.7533908910995637,0.8655564936829282,-20.83461227552699,18.58354172559504,40.03264505764583
216,2.558861922981012,-23.025850929940457,23.664432739326937,1.7534268065036323,0.797207882450359,-24.73404516322463,21.905104490549846,43.2400690966014
217,0.9319068010790663,-23.025850929940457,19.483160732746967,1.754751811693273,-0.8385374019513966,-24.759842691931397,17.72410335039262,43.00469428723029
218,2.035884398576018,-23.025850929940457,20.28894189434068,1.7556481029494784,0.27381647658962216,-24.717834779887895,18.530030954970126,41.94498553774396
219,1.4486140985536566,-23.025850929940457,22.48939306999542,1.7570160616364752,-0.3342466205995196,-24.75641864880814,20.69804931301442,43.0039773346089
220,2.82278314918426,-23.025850929940457,21.55336737431577,1.7558864999018091,1.04196421240212,-24.74383103589565,19.792725674277992,43.533017910592164
221,0.8582219229856278,-23.025850929940457,17.809159465081187,1.7575727156470151,-0.8865826948293005,-24.70217037453201,16.063962158539766,41.79651733299534
222,1.0698361915129908,-21.845968597106513,27.21350794758991,1.7611393291632642,-0.6955676246615505,-23.561105598105808,25.476250247463234,42.027394374777295
223,2.716013232715145,-23.025850929940457,27.833932656168663,1.760265334735695,0.9277038102413386,-24.738560188354537,26.070681717156635,44.772219168162
224,1.3637404976287013,-23.025850929940457,14.695959139384016,1.7616472876022287,-0.4320170751118495,-24.764070489342345,12.940581590283054,40.99713698329085
225,3.3684084752968495,-18.01614409471104,20.405208940666107,1.7623257070779168,1.612338678359416,-19.772020759755215,18.70478219144907,38.063662344192544
226,1.5354446741006893,-23.025850929940457,25.263110367489222,1.7627369046756116,-0.22341268928027314,-24.74292035712506,23.48745831499813,42.5717114193329
227,2.0803031601631075,-23.025850929940457,24.92373607044573,1.7623114738596,0.3177399730486935,-24.776872457723886,23.195004383792135,45.50884388529035
228,2.398449104897545,-23.025850929940457,19.1402167445791,1.7631236995359625,0.6271613177450173,-24.761728855129366,17.380979101412148,44.00541791744866
229,0.7534778347831095,-22.755893778579363,17.852695848406274,1.7642978190884215,-1.0198030540025487,-24.4501713494414,16.08314045147303,41.158562501366575
230,3.075530753596737,-23.025850929940457,19.899187979909453,1.7644926275932804,1.2755790272322631,-24.758523685221412,18.13596748417151,40.75756848171766
231,2.10445358904613,-23.025850929940457,26.38980538588413,1.766720839846012,0.3031133710732732,-24.700705787693256,24.612346431399992,45.45590904636623
232,2.4351151936450703,-23.025850929940457,26.164879313856698,1.7667735791491839,0.6689654210663661,-24.782289907817745,24.41519478148302,48.03184160416179
233,0.2478143755818039,-23.025850929940457,17.828690032099196,1.7675816471127903,-1.5178153008268471,-24.78101595639675,16.08685239758482,44.02554579937825
234,4.0883947210624285,-22.30814431504568,20.163243925679993,1.7693367000393834,2.3177116131592577,-24.017275632712952,18.38829703277724,40.605407825690975
235,0.2889454467403885,-23.025850929940457,15.035142898281247,1.769001047645912,-1.4825782082808354,-24.69896374406357,13.263462150006125,41.01118703900381
236,5.000861387868278,-18.52149238592522,21.23774803448375,1.7690183091771954,3.206640716141189,-20.29336856443893,19.462852150490264,40.899466775380226
237,-1.2703320025014704,-23.025850929940457,15.227728268440558,1.769365008145881,-3.0634214034173457,-24.705609634076076,13.479382663123332,39.03791179200647
238,5.565649999412777,-18.929307093549575,24.82424779473888,1.7696885384910002,3.8195203452679554,-20.677868209459206,23.0964047292089,39.874322891218384
239,-2.5011953008076104,-23.025850929940457,18.438883698548565,1.7687555022165709,-4.246583652985056,-24.783621365064462,16.69260794175688,42.4193781561701
240,5.462442038040983,-23.025850929940457,21.504783263315616,1.76858261122754,3.718602459968712,-24.742248941131223,19.75580049924288,42.739003371862154
241,-2.3581701846632295,-23.025850929940457,19.461196973210612,1.77080926215146,-4.102384686131501,-24.786062163323187,17.669883715677788,43.65194457234577
242,3.876518465767437,-23.025850929940457,29.99100829034299,1.7698232254471544,2.100599425731295,-24.756587886529086,28.221392271745597,46.48289217367305
243,-2.0383572079292653,-23.025850929940457,19.502108116275032,1.7710852769196894,-3.78042901126955,-24.794459643531,17.734756314045388,46.42202194108326
244,3.7097865915285198,-23.025850929940457,17.61292856188852,1.7707404444378698,1.9453937663635266,-24.762780033790563,15.873408159637243,43.23255409635441
245,1.004146138819499,-23.023549927934138,19.106378979083246,1.772706486649069,-0.7600692561016598,-24.742209178968196,17.340000773944784,42.22992113403983
246,2.927773914687201,-23.025850929940457,19.31643043319824,1.773749509924552,1.1552039672026966,-24.743420916930432,17.531456797253444,42.524443062703455
247,1.4228659182345935,-23.025850929940457,13.949203061799262,1.7736172871906208,-0.3137704998378442,-24.77381457351212,12.20800068791122,40.216012038125214
248,1.1262458249067426,-16.756007900598945,16.49679059452039,1.774464077134506,-0.641262029712973,-18.49761962127453,14.736358387914766,37.596315414562426
249,3.3026639989470112,-21.11957252953762,14.171121351217492,1.775427658030867,1.5383882740836885,-22.88052942820891,12.368409695787898,38.61602258958112
250,1.6545656051065274,-16.974168600622313,21.76067267001104,1.7744454166887866,-0.12033380153229256,-18.776866387068026,19.98237683051255,40.75574174266958
251,2.8056784633428977,-23.025850929940457,15.16079308945422,1.774767177543659,1.0073183021348462,-24.74235895551514,13.36722274163624,39.9963933134394
252,0.09568287223675753,-18.744453221313016,16.052088144475363,1.774469228411486,-1.7231684107921046,-20.508208202584196,14.312894651980733,38.76414615904525
253,3.89954036747861,-20.387880388822673,24.28872859524012,1.7777573744198296,2.08383188630018,-22.127597627122086,22.531278552032894,41.65343526662464
254,0.28694336206362037,-23.025850929940457,15.738696732863861,1.7776482338281618,-1.511165090517548,-24.78491495343581,13.98377085924571,42.900146331234495
255,2.9789591139888403,-19.801287688763914,14.54857839830446,1.7790032271087313,1.180929812877018,-21.557491388818022,12.736292191579523,40.019788399771656
256,1.4568562855136404,-17.582102812902754,15.636443251310004,1.779677848372697,-0.3413297042922989,-19.3930996697959,13.876268671262727,39.3426756014406
257,3.3552586112106138,-19.5751917122265,20.55262123936109,1.7810638865584496,1.5593220797328269,-21.336614307948313,18.74370563815504,40.30782311109028
258,0.5860919094774812,-23.025850929940457,16.02431946916629,1.782025959031007,-1.2115724417328848,-24.787835607384796,14.278172296307124,41.20812281977605
259,4.0595614538817655,-20.337420404596212,17.797233627276896,1.7836140926173218,2.2639883163745678,-22.08341396658782,16.0204849807702,41.27292490845226
260,-0.650226997451955,-22.529751313303368,14.585134475333152,1.7842143832409851,-2.447512214292862,-24.296725024961994,12.853763499879536,39.17217323244541
261,4.22931361618015,-17.88878543899044,21.697362087216725,1.7859929032094635,2.453745325019275,-19.619447401141954,19.903192157302055,38.835835264014605
262,-1.1974533587278717,-23.025850929940457,23.47570540007113,1.7847478706231996,-2.9536982476872637,-24.792699896672303,21.702732333153758,42.228456618526884
263,3.6135003186086765,-23.025850929940457,19.19044742400743,1.7858226793713519,1.8330844188187148,-24.729856470599962,17.39250315630867,42.06977310059827
264,-0.30306928781976605,-22.981962518790596,13.67686371058808,1.7868629875441053,-2.0787122273418075,-24.74619397691405,11.89323742395442,39.69734499159848
265,4.86754514888046,-16.149833563368013,25.850636401187163,1.7885282143078751,3.0849603458795674,-17.9371517412959,24.06342918923463,41.192590593270815
266,-1.165207126620818,-23.025850929940457,17.317554551753734,1.7885174665315433,-2.9480276125385076,-24.790451383255252,15.53826829625286,42.10071646464425
267,3.767191020631852,-21.204736940146407,18.11118687687928,1.790950785398515,1.9849251718315268,-22.928662651680504,16.279437155949154,39.88541793561938
268,0.26060478166550816,-22.283495717946057,17.68611887177899,1.7924565115496578,-1.5224685353924245,-24.05445847062124,15.890348745858516,39.26859318363732
269,3.9617787997698484,-21.356775425684937,18.972347034410753,1.7918756129590467,2.177199228832761,-23.075564000001464,17.181243773991028,39.91158677737423
270,-0.03180744490240239,-22.772782604527855,18.817330328466717,1.7906068826208124,-1.818045788387047,-24.468713338974773,17.066768647521037,41.40986802151296
271,3.3926511436750637,-22.577559009914015,19.964313250473044,1.7910352287084432,1.608934770988084,-24.28774465545313,18.222861839656847,41.79217206439373
272,1.275048708385829,-23.025850929940457,18.72741682824894,1.791790794994529,-0.5086787758608273,-24.789510250763858,16.951553007255807,42.940344609500876
273,2.984221080923127,-22.234065096497446,22.97245986572141,1.7913954091144753,1.1817399331811256,-23.959019502786532,21.18603318544609,43.02131038543408
274,2.077217637970757,-23.025850929940457,9.226945088335082,1.7908842905056823,0.2701586552485894,-24.790733276363014,7.451318059486394,39.82064920660261
275,2.631010968822639,-8.47347035000194,18.237097002097272,1.7935061335237616,0.809917308449571,-10.24950280655834,16.452396137017583,37.37533228125867
276,2.6850208140813026,-21.925135336977455,13.393407594521683,1.7941612282788304,0.8524199108646313,-23.708710103592068,11.591379819240245,37.40476613019829
277,2.441492054944098,-15.629246183043213,16.22532752868349,1.7958466087033942,0.6049704118081365,-17.43075338992208,14.436732990499783,36.86965939399157
278,2.6134881631678075,-20.555152578726975,23.339833506184977,1.7965874964946622,0.7778613308595959,-22.346960132868485,21.557156473546918,40.05269524233599
279,2.2022438768800328,-23.025850929940457,22.101012562182532,1.7969909227054937,0.40224896800732346,-24.763918805937294,20.294231676011403,44.23324561255375
280,1.0394590397428582,-23.025850929940457,14.83260101224874,1.7960207773293837,-0.7313846589167732,-24.809551275338873,13.075987360960914,43.483647692703
281,2.0019497721814656,-18.21929811483432,20.665083883304113,1.7965899142702657,0.19093180656840714,-19.97868747206872,18.867193204541458,40.976328770038236
282,2.3596071251819444,-23.025850929940457,15.523834239638303,1.7961788567761605,0.5881630693680867,-24.795716406283425,13.71502607431888,38.864112836001866
283,2.4723837430467324,-19.296657338017265,14.156770809871622,1.7975294125073842,0.7099185834952446,-21.106541957230164,12.379072874932412,37.54684769802409
284,2.0224268063138107,-17.006251275432614,14.865284117574278,1.798762256854026,0.2602962390527517,-18.782314963109382,13.080863920137023,38.78184054682241
285,2.6501965627120274,-18.249574836663392,14.312893311736325,1.7988156543721652,0.8863224371129793,-20.027580270885608,12.543326223178008,39.159804990273194
286,-0.1711259822076516,-17.328458686085497,16.779347473736173,1.8001783823727124,-1.9341034581419538,-19.096053540882714,15.003945115852288,39.40869686954704
287,6.3105820569986655,-21.577286715557648,19.550628770936203,1.802074186800232,4.548360322723307,-23.353587064269092,17.713590628792304,41.11242450658627
288,-3.7140127490335724,-23.025850929940457,19.033723173583915,1.8013799161335096,-5.480530237868601,-24.78290253417576,17.249114270934978,42.85869500054295
289,6.590783574394969,-23.025850929940457,25.13948508434212,1.8023434288548386,4.846610996295652,-24.739488930139704,23.359396002547022,45.58734684310652
290,-4.0670831491985595,-23.025850929940457,15.322613574254733,1.8010295718842304,-5.810562829065578,-24.82606724502226,13.52147459919968,45.14612621225291
291,3.0945351177666076,-18.983725958504078,18.227407915392963,1.8027140915694102,1.3092575717236297,-20.782660193793717,16.400339222005552,41.28354153856683
292,1.6633535240178738,-22.634496667192302,8.646755349475962,1.8023606429747165,-0.135507091322018,-24.431936831110445,6.795610662099257,38.99285569897037
293,4.524016760515348,-7.570755725868441,17.178384967919236,1.8023635219078442,2.722579416649792,-9.419382967040617,15.367299422507953,37.55837130098947
294,-0.3361870390498973,-22.15854946869512,13.37730891165895,1.8027974181901867,-2.135208363257121,-23.970012154832155,11.578447426466251,36.77514312829438
295,4.701269425648108,-15.64615351519533,23.933877122859617,1.8035178818195843,2.8618077746912163,-17.447065608480266,22.080606971034378,39.170753585554024
296,-0.5084893253029112,-23.025850929940457,14.383914634835513,1.805277996397247,-2.3472435939201253,-24.792881571490796,12.64106549024278,42.14721522524987
297,3.073992990350206,-17.480376300453678,23.48743886591604,1.8066703982700751,1.276888411053298,-19.22648790190135,21.70056671492046,41.93393483004731
298,0.15904595266971078,-23.025850929940457,12.59733378037852,1.8048428648058978,-1.6143248084449224,-24.78575196811922,10.791115203471161,40.51928778993962
299,3.196735906590069,-14.242807660461953,20.161643004101492,1.8057639446141427,1.3978448904310865,-16.051385590320663,18.315665806084976,38.729307556735954
300,0.7527867556435086,-23.025850929940457,11.245917071554784,1.8059638561608087,-1.0548223612316123,-24.78809062277361,9.519844952887441,38.404592226839256
301,3.8001248294720202,-12.100826600511418,28.43874350287756,1.8048891562587426,1.997275968268607,-13.826463138715713,26.595996907568683,41.589462366919165
302,-1.1808497110815361,-23.025850929940457,12.78996372865302,1.8062339552141793,-2.9788298473688886,-24.823281166416876,10.963086798698946,42.12463767737351
303,1.2987076706227185,-14.50170345003395,18.85243163777656,1.8056327357809387,-0.5469915455711956,-16.326027280266903,17.10666048487164,39.79661811865316
304,3.14848280009108,-23.025850929940457,14.33149310809163,1.8060580504378696,1.3446437426307964,-24.74890162224923,12.562365701340212,39.39132491502573
305,0.5462900423906432,-17.31092669319789,18.65425529370068,1.806242818818102,-1.2587956133268223,-19.080281204692717,16.82682580961793,39.64386281953614
306,3.713197615577468,-23.025850929940457,19.57065816719423,1.8066022231386163,1.8998410012349063,-24.767595209667693,17.75720481781685,40.90018376261565
307,-0.436854615405105,-22.945301886594734,15.566973467240128,1.8070647179364834,-2.2219033053282224,-24.659662637099306,13.763839787975213,41.842055458633084
308,5.599939561017349,-19.384765928414755,22.838537355211315,1.8065946267196895,3.8117396611231436,-21.18971513770942,21.033287956646948,42.57823363703206
309,-2.184476070742408,-23.025850929940457,17.699962834663715,1.8080367197129439,-3.9730338010276545,-24.801854005877914,15.86844204335655,40.83271802324182
310,4.685029573062289,-22.15144420238707,19.122431789457288,1.810008014743227,2.848441634734997,-23.878168825165805,17.33918151528951,39.91457317798678
311,-0.5383170112765794,-22.82087031448161,18.206529865981413,1.8104168429691012,-2.375709685657066,-24.59157042059174,16.38544606947328,41.9137756897716
312,6.321591388312067,-23.025850929940457,20.78967849454002,1.8093534722152174,4.473099359907611,-24.784478731300997,18.98305502110899,42.04767467500836
313,-3.2442194787775493,-23.025850929940457,13.245011986544759,1.8090659056434206,-5.104151724484054,-24.807758909693447,11.485692006722726,40.88899270341507
314,5.302735332511269,-15.475326879700074,21.130017374519134,1.8093523124169475,3.505362779089262,-17.23410451545979,19.38450239755708,41.34177108078198
315,-1.6990247740254385,-23.025850929940457,16.53792850214821,1.8105480825954008,-3.496999185047752,-24.812257928337168,14.805983765097707,40.688286592192355
316,5.511413778437424,-21.25339087010636,16.560287389064438,1.8125002789007636,3.6945256233495964,-22.984853864607228,14.733959336013536,39.07518797001298
317,-1.9361303150641875,-21.015533703895315,13.317519338865617,1.8135245172862873,-3.7584827692627307,-22.842102220765778,11.530169259613487,40.502205096460614
318,6.440927272177784,-15.504065783367286,21.728801499949327,1.813314721826862,4.6213984201844145,-17.292409329323235,19.887880339010163,40.2385931136022
319,-3.9381781926333934,-23.025850929940457,8.63484954652432,1.8137307034419927,-5.75853604160401,-24.820697389818523,6.762666369922499,38.460925414189056
320,5.635160144108584,-7.159742907504558,23.245010589153715,1.8136802465297315,3.835469691887237,-9.033091399699014,21.43144755870945,37.416678200383984
321,-2.2075490736825074,-23.025850929940457,9.438176421875598,1.8149065351059934,-4.004895327596225,-24.822288152723957,7.627706642831522,37.31296937093459
322,3.336302144225595,-8.816909658640608,26.471799134548398,1.8137746403574102,1.560936461778931,-10.628712452257073,24.635247332867255,38.70397221469236
323,0.8971178792332288,-23.025850929940457,14.07630459382553,1.816204377379914,-0.9099351624159506,-24.79767325960589,12.232726538051764,40.77063496898339
324,0.686320328922859,-16.730546143544668,20.067272045349036,1.8156661693699763,-1.102704157692704,-18.572585503351068,18.29392163541603,39.85997763487719
325,4.844976775023434,-23.025850929940457,19.858331661461335,1.8174345349444487,3.0179861502825918,-24.83189606593944,18.052266908015262,40.52428951922426
326,-1.3333340496576915,-23.025850929940457,25.206630164884853,1.8194181370830371,-3.1601297712830876,-24.79873006556339,23.441047333257643,44.11568693981875
327,5.527718025311063,-23.025850929940457,18.798845779180567,1.819010932383546,3.7204941106940055,-24.841605981514093,16.94954504130809,45.56673626978065
328,-2.3911935826796196,-23.025850929940457,15.357645323196333,1.8191670238258222,-4.200013306298594,-24.73866161407361,13.52422264888473,42.823989570289896
329,4.927295687627833,-18.917306284663162,19.93968760655778,1.819907771355438,3.1249758895527275,-20.7513904952988,18.165150713126277,41.88456076168792
330,-1.0157861266980936,-23.025850929940457,18.68330539979469,1.819941335481873,-2.817193257523563,-24.799235805913252,16.854584669198008,41.90889621267293
331,2.568558546672687,-22.039427197845452,17.054385326218878,1.8212719700682296,0.7243033860288964,-23.798055728808716,15.238909341025321,41.80818220748823
332,3.149460486256418,-21.91976609456342,23.068020931801577,1.8228239600329292,1.3051344512118193,-23.738329655063104,21.266912870939887,43.469082311542415
333,-0.16057737337672506,-23.025850929940457,18.17895506642108,1.823002549753204,-1.9104275800669706,-24.829923511007614,16.382839098551194,43.31111381572849
334,6.444206296920717,-23.025850929940457,18.087418370255296,1.8245419412365624,4.584390906180804,-24.77120448498129,16.28001481062715,43.10128759309057
335,-3.649400115112974,-23.025850929940457,15.950369600363615,1.8252556559458282,-5.506170953357686,-24.804863224615243,14.142596572843335,40.89347828973434
336,7.359087067442245,-20.030088794859946,17.58957465712546,1.8264632806555086,5.52809881633603,-21.837319881913544,15.792218791214474,40.669124031088394
337,-5.168987632866108,-22.88381481847522,16.76067517109075,1.8270210922028394,-7.0004101356212285,-24.68139656354589,14.949621642448179,41.53275204534289
338,5.82076432598515,-21.406938413922596,22.34680218012495,1.8291346291511432,4.039776290412018,-23.22100715453665,20.507083549460166,41.45367740099882
339,-2.5614392346308343,-23.025850929940457,11.05785020808902,1.8284309660731926,-4.341644788104555,-24.82976304577909,9.214284782678135,40.96407578838668
340,8.686434452101874,-11.474159505284483,21.15753259603744,1.8302558941223634,6.865603339938075,-13.317829677860963,19.346285436315004,39.705823954850395
341,-7.4673012420995155,-23.025850929940457,11.424733397679496,1.8287052934710921,-9.288650067768184,-24.83536061890277,9.565671557587514,39.985742834229626
342,10.204797544448308,-12.026565792558301,22.24078795398041,1.8289830172540529,8.326997924514384,-13.889308121973018,20.408838403875258,40.76556346050802
343,-9.907902006698652,-23.025850929940457,20.455686313627854,1.8320786407100318,-11.78673032404696,-24.833498836623363,18.603975074059804,41.5090308455273
344,8.195945045562095,-23.025850929940457,30.339641772996345,1.8320119374097716,6.381399227349392,-24.78284721364883,28.489163895043518,44.192348386965314
345,-6.584173138245129,-23.025850929940457,20.69645788447574,1.8334049727039734,-8.399864494501706,-24.858579393149412,18.846962871881257,46.181880546554495
346,5.251240762112701,-23.025850929940457,17.39431563816973,1.8353106391300624,3.4551313806040103,-24.784664457099574,15.567832101318604,42.56747703184533
347,-1.523554378786263,-22.434211900535367,17.343822441557737,1.8379244349348098,-3.3197370017165557,-24.248436595068128,15.520828304124613,40.60740900334508
348,4.522777085922077,-22.370731487622763,31.00296238199956,1.8380969498137127,2.699079188378077,-24.161861212129267,29.253895519280775,43.13638445230671
349,-0.3615441749444624,-23.025850929940457,16.76313731132074,1.8384552269330103,-2.1814819911592687,-24.839046877154566,14.919709812379148,45.52148930609594
350,5.044127900251107,-21.337343877030776,15.790951283310573,1.838054832159498,3.1885995724386578,-23.184313975973524,13.947910642365757,41.758622051373266
351,-1.2649413170331716,-19.660010358293015,14.990253759761664,1.8361558563416938,-3.086040898028773,-21.502499134568755,13.12097108308183,38.31568017268024
352,7.842788427073307,-18.19844389555806,19.572105288795257,1.8369884390510247,6.07064981113345,-20.067448119479835,17.72798830700734,39.990704196949864
353,-6.106648521707925,-23.025850929940457,14.969947474757648,1.8386046052629035,-7.878012362809711,-24.772672533368087,13.101015694833475,42.37768996610293
354,8.716219215983738,-18.194734509394664,20.799991063926846,1.8390618390469897,6.876254021359141,-20.03542238265557,18.967907501647115,42.419163199228024
355,-7.408761633343927,-23.025850929940457,10.35385390593897,1.8390302987148472,-9.24987601992642,-24.84002131760452,8.566973560274688,40.60685786040702
356,5.718797856333074,-10.380377845369715,23.780486908954735,1.8385789450570587,3.8512783375571447,-12.169743836323883,21.99203802106697,40.05449451938003
357,-2.1747099813387645,-23.025850929940457,12.905735771219781,1.842241783343663,-4.041805234252247,-24.84108821982641,11.059973364875772,40.31071265276955
358,4.983915442645285,-14.634403376946032,21.99781843606961,1.8418065119092322,3.147524364026951,-16.479225213056978,20.22919507606379,39.73257993619294
359,-1.076596518402333,-23.025850929940457,13.507918578599217,1.8450191037320898,-2.910468859464985,-24.83767637925603,11.708587434759428,40.25670008637678
360,6.024501946621807,-15.81568284758442,20.22010483396357,1.8456297734529978,4.147398091670921,-17.61601496280727,18.344118157346628,39.96033713823781
361,-2.7871730432764528,-23.025850929940457,13.227088943974891,1.8452791486681583,-4.661137538328468,-24.79458560560571,11.39783310229571,40.19895693096348
362,6.999370242085199,-15.239547413502926,23.220826650078557,1.8453314331061699,5.168395130740251,-17.06882595454692,21.342764770111746,40.7259847430002
363,-4.4583075346930485,-23.025850929940457,11.907841057043365,1.8478180403667301,-6.2891108063322,-24.853804628263525,10.069704100326073,40.11932789249021
364,7.823495025194882,-12.960403713110592,20.534736456634814,1.8487443406850117,5.9233979694656735,-14.800834112263281,18.7630015655051,39.42168897609916
365,-5.711804053200655,-23.025850929940457,15.280737227765675,1.8519422090583624,-7.61308149676227,-24.846605234133584,13.45551287850495,40.306581526014675
366,6.428579820791491,-18.82187441373004,22.44737909204984,1.8524848250914916,4.558514915315659,-20.648196770225837,20.598503026860758,41.5897376689053
367,-3.5639012844464313,-23.025850929940457,13.977515216350367,1.8514473354539747,-5.433065545430724,-24.853298200633677,12.20162359828633,42.83228863282726
368,6.322593762868303,-16.69422050458897,23.33725322253165,1.8514402801656729,4.503379287137625,-18.472822824951407,21.463523491350344,42.52308510933273
369,-3.3576285312625735,-23.025850929940457,16.09623110786115,1.8528482158289883,-5.179424706589773,-24.815656055370315,14.219006196822653,42.75221016813505
370,2.3945586616704735,-20.09515066196328,14.68577609895275,1.8525010337864205,0.5589529540483422,-21.972633671313666,12.823115373434732,39.377222733538495
371,1.7899221501481626,-17.680056206477424,14.590472723495616,1.855494570631926,-0.06252260949113331,-19.544934342374738,12.734690931752683,37.42854222155244
372,3.33096789301956,-17.535069683206515,26.32766564113515,1.855639660966718,1.494707132980682,-19.391414101086546,24.48435509247227,40.90172643107034
373,1.4890470134280707,-23.025850929940457,15.61191887382683,1.8569177470068783,-0.34933174044922033,-24.85226530025369,13.740931633430037,44.22988111555128
374,1.822826391207478,-19.279038269259626,18.26110642667347,1.8570529984777608,0.031888365155100074,-21.15115206939031,16.434195636692728,42.773685063236904
375,1.0990226146838498,-22.939253903738575,13.603909006217755,1.8577494815434663,-0.6977377036986773,-24.732558961637054,11.737296985368056,40.27755509249316
376,2.217622279352881,-15.802138662292247,19.792762763496796,1.8589742730689531,0.3597682665709161,-17.668381924691857,17.909949134820152,40.57192335041891
377,3.7605655880885998,-23.025850929940457,16.23667463447271,1.8596494259155656,1.9013746528313604,-24.845245411169962,14.423030676702679,41.67579758531631
378,0.33049729743311124,-20.516269009507983,17.156702477794212,1.8581641774817739,-1.5162737297951414,-22.329077375406722,15.335715957992878,41.58811104708599
379,3.6380278306456217,-21.799255240148412,21.95217917080359,1.8613050266768103,1.7858969336902089,-23.59902210841974,20.076592599427226,40.87757889408267
380,1.172685348291006,-23.025850929940457,10.063267878927352,1.861126823522868,-0.6822387329779603,-24.82373685549302,8.22280845683925,38.939598501780026
381,3.039942922252027,-9.737995819653378,21.041249922346314,1.8614158205454614,1.1772456391011472,-11.57857769914746,19.14268124854169,38.576378190399026
382,0.19520081966639152,-23.025850929940457,15.21103899094037,1.8613798671800528,-1.6590736021529247,-24.84796127957624,13.346573968525508,38.28594686404623
383,6.288632697716797,-18.589188864732343,21.07785988392204,1.862491805997778,4.434719076354952,-20.455455346571075,19.21774063205953,39.81514121834823
384,-3.4116029859057795,-23.025850929940457,25.739254174087314,1.8622443606158998,-5.2654760140010035,-24.855059474230202,23.856365110960127,44.23596806911481
385,3.3242205923831776,-23.025850929940457,25.81684123735323,1.8594778299815515,1.4971170279443893,-24.854503050540494,23.997560715623607,45.96083692889444
386,-0.26694715377431866,-23.025850929940457,16.442793699920472,1.8619507239204323,-2.1267064310397474,-24.854663738401893,14.584788261253752,43.58030299767166
387,0.9597658541753104,-20.7405394639223,19.582945410766158,1.8645637327336613,-0.9074986509233387,-22.59944653176931,17.721769351655897,41.29425378516857
388,5.9079276209929645,-23.025850929940457,24.099810685779673,1.867525022586161,4.040063990101628,-24.80265742159506,22.270728529043467,44.17956827057542
389,-2.637132853535413,-23.025850929940457,21.398825373447846,1.8695588783475587,-4.508348679225726,-24.862391055221043,19.571881816989688,46.67357265293961
390,4.486508625835368,-23.025850929940457,24.974253025887542,1.8694865363316269,2.615976803125514,-24.86861541340355,23.129122222912173,46.580590293881905
391,-1.6224720662980916,-23.025850929940457,24.445748686092106,1.8694111656691255,-3.498184524832398,-24.85237626315798,22.545958648217038,45.78609474396549
392,5.18476048045946,-23.025850929940457,18.820906693212713,1.8696889904209306,3.299679896469789,-24.83250277162281,16.987501491363446,42.957909455070116
393,-1.2060785329621249,-22.486312241462457,12.997161426886539,1.868936495500424,-3.0920511945528446,-24.294225913093406,11.164506937489076,39.77770904923038
394,8.021658255167036,-14.837292627564608,25.16792263971149,1.8695101400471013,6.1517103575529415,-16.670982070566776,23.317534218439953,41.32301168893726
395,-6.122330050415465,-23.025850929940457,16.815167093844465,1.8702071876645396,-7.99135620789419,-24.857548882349242,14.965307465310271,41.79491300102574
396,5.7110938365999395,-20.073160763125124,18.01826992306735,1.8696016821175114,3.870239740799069,-21.910271811474697,16.156946308561196,40.658181197952516
397,-2.1747155775867393,-23.022661274857896,18.263370862838798,1.8702424633749075,-4.014743690432837,-24.83166324430295,16.348785588130177,40.97314649741516
398,6.073251125340295,-20.704658507868565,22.771986397735212,1.8694971156103208,4.210782442223357,-22.54787302564477,20.88732112987026,42.096339944655135
399,-2.761263693843074,-23.025850929940457,18.359377336602737,1.8705567431380519,-4.626233439651564,-24.867664563591273,16.556705970969702,43.14260791349779
400,1.7061811026720746,-23.025850929940457,19.248767687657185,1.8729575133120928,-0.1671601564551719,-24.802545064107875,17.418649494232945,41.94191051260659
401,3.58908269034507,-23.025850929940457,18.829351677694557,1.8723473131750874,1.715082407427148,-24.837026651327843,16.946404701732366,43.365418393174124
402,0.8873202481055196,-23.025850929940457,18.267943226296808,1.872080875761739,-0.9871608011703278,-24.835939515247397,16.37874492976821,43.111123615583665
403,2.7707907395784246,-22.485362647513114,15.787046315949713,1.8715422390601382,0.9563816454750446,-24.318076589202562,13.9680954614703,41.272132973996
404,1.9264979322731666,-19.691830811649737,19.36918704601633,1.8735940113586405,0.03409874501401433,-21.512621375105354,17.489676437194046,40.30215921851306
405,1.9204698984722053,-23.025850929940457,22.70595911789536,1.8753304561192343,0.08498620203604434,-24.892921478263613,20.81942092227404,41.49706876505002
406,3.2739997707672925,-23.025850929940457,17.41719652021585,1.87690954716202,1.4153061915302627,-24.78956221303097,15.571534818687669,43.18996553497026
407,0.3835195907818349,-22.461775438149377,13.238214958994744,1.8791400469114137,-1.4455929011438078,-24.3103319339351,11.347338960419172,40.6838325671601
408,3.855322881994983,-15.1301862274677,12.268841660100902,1.8796969144992834,1.9979216303885456,-17.023073104547347,10.389062626171782,37.731327375483815
409,-0.392805845538565,-13.432302976586001,19.174579978037347,1.8807971946539994,-2.3007442414621253,-15.315223804259986,17.320193447125657,38.13023190795206
410,4.040133157200091,-23.025850929940457,12.78700051684581,1.881764490239211,2.2234371650420464,-24.79497576154689,10.920599404354968,38.09634965871569
411,0.4857012632724269,-14.441238195131085,19.429941029253204,1.8841095869980757,-1.3291704705739065,-16.299034208151504,17.5129309417481,39.32158289163344
412,3.4805168692639397,-23.025850929940457,21.863848900977217,1.8839314142443468,1.6271855829131294,-24.847193110563698,19.976709777047184,41.389751874623194
413,0.45636257468803887,-23.025850929940457,21.307333190640726,1.884083750419165,-1.4084949485098195,-24.872346442515642,19.450966075735536,44.186623199154525
414,2.8839424088706673,-23.025850929940457,28.23831472554286,1.8839230373804177,1.0327442304207948,-24.872691731609375,26.307066047862403,45.66719788631995
415,1.0963829465850126,-23.025850929940457,14.431894652982411,1.8823096631250387,-0.7714637549137482,-24.900632658240404,12.505428707350463,42.26106329566546
416,4.529365118483153,-17.0764303117222,19.039490926269014,1.8844250414248438,2.6447485555480377,-19.006467422400554,17.12128936471676,40.12369298109212
417,-0.12235130023698568,-23.025850929940457,17.812042916656008,1.8853275399952336,-2.010872401327295,-24.85831030158239,15.92263068452494,42.50919942983388
418,2.8259653431908447,-22.81409207512933,21.764948507913235,1.8860667512642095,0.924812667005781,-24.605504780179256,19.88708235336378,43.78300403507563
419,1.5598580556768715,-23.025850929940457,21.944012754330686,1.886948742264032,-0.32561248744421456,-24.86006848362377,20.03321428926828,43.152624659943626
420,1.3296091936433503,-23.025850929940457,16.8305372475709,1.888250782288316,-0.5545496470207112,-24.826969889510828,14.978225063111156,40.995918587020135
421,1.6044512449392963,-21.4452039344889,16.43339071318474,1.8872390996136388,-0.30464029460484915,-23.296717672264442,14.550509665183837,40.00242797353817
422,3.8117482547656643,-20.67054796162964,18.70951118877735,1.888709509185251,1.9478372727926794,-22.552203111480964,16.840405928067817,41.50086635355184
423,1.0176979376092208,-22.66478166515592,19.23544382709111,1.8904712202565692,-0.8463638220157824,-24.486947183294095,17.36294963258871,42.549967303098086
424,1.4305436722635463,-23.025850929940457,19.073155207735233,1.8884799049408465,-0.4479514208900882,-24.803946831641074,17.15769351977954,42.46396068082206
425,4.707997569673429,-22.89197298544707,21.586263829158266,1.88953643494181,2.8338894106853756,-24.738697648012668,19.67428105729994,42.93062088077988
426,-0.44391577172294405,-23.025850929940457,14.390434652310386,1.890183643206511,-2.320051487810776,-24.873721739893153,12.519441535736174,41.4144057131814
427,3.9719319874351626,-17.166596176422907,19.198743468489923,1.890630469439218,2.0916368233375224,-19.035241976852888,17.384658111112152,40.71092286131962
428,0.9098461258003383,-23.025850929940457,19.456898610991146,1.8927235195809486,-0.9721355503826603,-24.838230100397453,17.549606430391037,41.93466763385576
429,5.969658823735539,-23.025850929940457,19.484347381278994,1.8947763968615514,4.07624101466809,-24.855564238910073,17.68138103632704,41.96277714842725
430,-2.5340297267328675,-23.025850929940457,19.516574143539096,1.894438282128846,-4.430184570846306,-24.84128343331965,17.564836191586057,41.70053463869208
431,4.018694671363058,-22.23243724802704,24.06641023665376,1.8924729947838066,2.225521068972361,-24.078415987955438,22.15729665140894,43.40959921225991
432,-0.2763524389852496,-23.025850929940457,19.474900273288576,1.893527030723019,-2.0903569530165362,-24.865370772238656,17.598209196658892,42.893641564345124
433,3.8295290100088595,-23.025850929940457,15.934656627726234,1.8934536194571678,1.9536776396637632,-24.859927866307473,14.025360769258615,39.803678858398484
434,0.5565190153355212,-19.715261115036455,17.038081165705883,1.8945278759916688,-1.3402395322138676,-21.62528313110888,15.138727755554026,40.404130776622
435,3.84298701915035,-21.348870190830812,15.231697734181818,1.8951252293356848,1.9144081586310309,-23.209046472266742,13.342635361938544,40.76143289867757
436,0.7203902646319396,-18.596568565824384,19.393412734649498,1.8951504248775135,-1.1988362698935604,-20.48342369472157,17.478461523065377,40.66421059189932
437,5.178322257018627,-23.025850929940457,20.491254460154696,1.8958419340369446,3.245484785573445,-24.87609337476365,18.56171320143091,41.71031475328573
438,-1.3375095322584851,-23.025850929940457,26.557141407689915,1.895572655075815,-3.2723154879904164,-24.870456152687463,24.6442863776339,44.98116813554371
439,7.868879243638392,-23.025850929940457,22.73205433106872,1.8982811039600476,5.934281438005785,-24.918693566018952,20.83654157201934,46.77416494071131
440,-5.8825924183460945,-23.025850929940457,18.577401737789877,1.8970886403541956,-7.816488771742939,-24.884029460555396,16.66391784005054,43.73727208442946
441,6.500330926695241,-21.004320965976323,22.01709133596051,1.897338862780519,4.631309395766994,-22.857237047942725,20.09035385568064,42.294632585239164
442,-3.4831196791188526,-23.025850929940457,15.823420982781407,1.8971348441454765,-5.353723142336176,-24.89892259522161,13.923315857021612,42.70265624629217
443,5.472004649690508,-19.53554675448911,20.270755346628082,1.8978475201042584,3.6158215509557214,-21.435257863944308,18.399125684344583,41.986816455494505
444,-1.7469637406236673,-23.025850929940457,20.884584093380653,1.8959766628824197,-3.602877317509592,-24.882101428438965,18.974117315497228,42.649161409591954
445,5.287731733951355,-23.025850929940457,18.391367323515464,1.8970880221248496,3.440501196201746,-24.8894125791638,16.447297400482828,42.446424809149335
446,-1.5657349827197795,-23.025850929940457,20.560887929573916,1.8984509437492123,-3.412488733076663,-24.884085898758,18.620138727654503,43.08883846434289
447,2.4741288496907123,-23.025850929940457,25.678763269837116,1.9003965893358996,0.604606805218873,-24.85494694858876,23.779855438480876,44.43349518136228
448,0.598642202503213,-23.025850929940457,20.990239995042398,1.902137178474442,-1.285614396309569,-24.885823430178906,19.08663857091812,44.950460572528236
449,1.1195791760149376,-23.025850929940457,17.94994718754395,1.9025447935531112,-0.8199184692676346,-24.908633856553386,16.084879344366538,42.441664051465914
450,5.937900112448805,-22.83966051821997,18.17391966500384,1.9038923973563127,3.98913677917137,-24.640873530481606,16.28099068000421,42.34414174893215
451,-2.3225552666314586,-22.81802313296365,20.91439182987382,1.9043272920716863,-4.272564206560274,-24.644829835840135,18.994974887848876,43.62686597100561
452,6.479911825284551,-23.025850929940457,18.220155212778558,1.9049468237961897,4.59346402907059,-24.876472159120034,16.346110865008836,43.0287763029593
453,-3.450390144936455,-23.025850929940457,12.530215886842406,1.9056686886893437,-5.336105543484031,-24.873487333157613,10.703815392117283,41.593957372799096
454,5.034535887030179,-14.050913309766006,20.6447432572754,1.9042088484625075,3.1809766043413026,-15.875233974498757,18.705319720010948,41.059563941908856
455,-1.0481944643637289,-23.025850929940457,13.252537121484128,1.9064459670917224,-2.9023679015447166,-24.921627892630905,11.395522359858834,39.63416874805144
456,3.676068479648121,-15.22216543811151,24.84322333191465,1.9078636917503988,1.7753859907073117,-17.07929252599795,22.90932852281609,40.04820457430806
457,0.8074534939551015,-23.025850929940457,18.588255779757993,1.9084801987491768,-1.079182482563004,-24.906786197096316,16.66537592035386,43.308528784230745
458,3.2063921044010515,-23.025850929940457,18.387818642888746,1.9094802244217373,1.30202961624571,-24.8533724696607,16.42073641192175,41.55541462800447
459,1.8980239807687702,-23.025850929940457,10.842367291281903,1.9087199537979485,-0.00774698090638537,-24.89128465478483,8.92275500645886,39.22095576532847
460,3.1523767999752144,-10.876750101600496,18.617291826150215,1.9109693317711636,1.253763528417137,-12.798268202946632,16.768288931199216,39.08654782232843
461,1.286873731338244,-21.963305359841044,15.452106315098447,1.911455106102254,-0.6207627377483276,-23.813907418931155,13.566304541907604,39.231707792529974
462,3.529308240138945,-18.971410388237597,18.762497643678415,1.9113371886235737,1.6327182259502435,-20.84667568189756,16.92373533399785,39.65657052471077
463,0.9701690937664811,-23.025850929940457,20.65694195059676,1.9118321340555358,-0.912677196075744,-24.847241468119606,18.721335340373145,42.683866121513844
464,5.042985054520946,-22.039090901164855,20.87994791873684,1.9112828515234543,3.1282594205230763,-23.875243062818047,18.964170203408656,44.353412081386814
465,-1.4981191157688332,-23.025850929940457,13.169572815396213,1.9133268309575167,-3.412180105369419,-24.87170085072302,11.251229948918796,39.67794519231372
466,4.189614770899356,-14.896592175313234,16.9358028087275,1.9137150166594523,2.304568520524211,-16.8148609933703,15.024234159754327,36.66649131634529
467,-0.5901075537189107,-21.48020269962827,22.860154992730504,1.9146079338678383,-2.472725135510053,-23.391075883579617,20.987924632815485,40.30019085431862
468,3.6845030749961944,-22.866174360489747,19.547775407803353,1.9158743609005648,1.761644616632568,-24.737667910568604,17.615519324558086,41.63402255028356
469,0.7600788371452447,-23.025850929940457,20.501253834430994,1.9163471871666502,-1.163856831222747,-24.873804173089816,18.572019060618587,42.26717513456192
470,4.053091293277376,-23.025850929940457,29.9311660874277,1.9176086222710231,2.14764803529075,-24.88837215249962,28.020470758712655,45.4840191556624
471,0.502086108132078,-23.025850929940457,22.991552837344962,1.917518172454217,-1.4016146772548963,-24.931476909328477,21.06219477156528,46.59576971538482
472,3.5840450713381795,-23.025850929940457,15.182186997194503,1.9201408071431647,1.7668308850147405,-24.94210328481052,13.304425493312158,42.741113015543824
473,0.6157397302768781,-18.507479974200635,12.09416435638104,1.9201961682367106,-1.3012902445773096,-20.387071555607797,10.181159262567714,38.653112797415645
474,2.035857389526942,-13.03506644580823,18.226218922816926,1.92095813145681,0.17671597164253494,-14.949111249493793,16.302400392015713,37.41499037866902
475,3.7911956885239375,-22.94988774917863,15.198248273599365,1.9213384572205663,1.9306797832908698,-24.829793565020427,13.283724171285295,38.633038469650884
476,0.7279332061319046,-18.399646790461347,23.31859628558106,1.9233109896911507,-1.2144846465849675,-20.337948012547834,21.331704148636305,41.08383820630796
477,3.032327289541981,-23.025850929940457,25.14469164667178,1.9241480100794233,1.1787109335444264,-24.928269097349997,23.236101725142014,43.82169050473659
478,0.8434404206075496,-23.025850929940457,17.757593680554834,1.9243424209774784,-1.039190801420113,-24.94195684191324,15.894506970429745,42.71959970713094
479,4.498720842729155,-21.88167355424633,19.640403167574444,1.9244918623846536,2.6172138774784623,-23.743129870504283,17.694108690815803,40.50810045194769
480,-0.48844029881228024,-23.025850929940457,17.641067842269006,1.9251861250467155,-2.371324168777139,-24.90296975414602,15.7154115587478,40.879761229176665
481,4.943537840752907,-22.66493228977002,26.62462786699347,1.9267421165678136,3.0678649917558616,-24.576877301197037,24.664448645567745,43.92314449829345
482,-1.2169545840796472,-23.025850929940457,19.776314549510424,1.9269473395549075,-3.0930932461783214,-24.943262108665092,17.80814961456254,46.168897714132996
483,2.743823461189711,-21.107395582782168,19.12043170699964,1.9272084586956444,0.8014790972258936,-22.987075543318095,17.222534396804367,43.09495156131447
484,0.16451533645904703,-22.77341119436581,10.190983131499955,1.927594155390271,-1.7457039741867784,-24.6674049531977,8.192136818459833,37.06230032312994
485,5.867769503879414,-9.564769073970002,24.375151238941385,1.927576426969575,3.9467274527918206,-11.564236913463894,22.46686577786561,37.746182766156515
486,-2.298115990352915,-23.025850929940457,16.007965359639158,1.9287601650459871,-4.193527844048593,-24.915346939402458,14.13286615146267,40.50342701911139
487,5.627228833680693,-19.941500759533767,21.880710399380312,1.9297603165340973,3.756618018805453,-21.819553849418163,19.951323530060343,40.5595118105462
488,-2.20771004252336,-23.025850929940457,24.663374514165973,1.929766099252424,-4.081256116756638,-24.89293101677405,22.74855087738576,42.46849878058994
489,4.258807810518063,-23.025850929940457,23.97904323169294,1.9299570000217017,2.359130729455538,-24.90865077318915,22.02058468578773,43.21529690770794
490,0.2955218958997319,-23.025850929940457,14.034926414906751,1.9300078920926969,-1.6042520162060245,-24.910441694269018,12.086632816843563,40.9530740513146
491,6.585483259760152,-16.318879100843407,22.382952783363436,1.9322171411546285,4.68389230607513,-18.268067413457125,20.45825262184333,39.70206439692732
492,-3.905562730193062,-23.025850929940457,20.32041235945276,1.9331567121476338,-5.807928655678178,-24.9233811179348,18.40394601249517,41.605749213371
493,2.887216693520155,-23.025850929940457,27.341174262684888,1.9333989858528955,1.0245440132910355,-24.922538822548063,25.415721968146407,45.173729466202516
494,2.1901299680544275,-23.025850929940457,24.167483883482376,1.9332134767991025,0.32912746208150956,-24.955377466920645,22.260107016857408,47.84204917550965
495,2.5699004759790656,-23.025850929940457,20.34169035132722,1.933132689140589,0.6822827934043454,-24.9277922438715,18.386371159108077,46.70094911487526
496,2.2861622566837516,-23.025850929940457,22.983197166085958,1.9336959183756146,0.3500400812144059,-24.937078980787877,21.07777992944767,45.13613337026239
497,0.8254464075173822,-23.025850929940457,17.68697037461463,1.9339949302587138,-1.0926100603751074,-24.941442089467696,15.739582218203983,43.14835445052207
498,1.5695537697990336,-22.443492290900576,18.745308336267357,1.9349150929203462,-0.38867373609924993,-24.281881264240614,16.84104624027274,42.320475242679684
499,1.831222963542615,-23.025850929940457,17.045557619698133,1.9356636263257379,-0.08477744505104923,-24.91049566556764,15.101602138838976,41.748160873965375
500,1.9967385748999469,-21.56612874022151,16.526313003324518,1.9369963385790765,0.08668947667487759,-23.511493882423853,14.57954992338563,41.15040502959203
501,0.45561372665326294,-20.665140578282724,16.574844527300975,1.9362836336925886,-1.4730201712401172,-22.61498517400659,14.614901552932604,41.847545830391894
502,1.0887329067412992,-20.684639425397407,26.110738322169826,1.9362398835063748,-0.8839094759245252,-22.645067559023285,24.203112589410512,42.476527728842996
