path,t,client_id,kind,cm_id,cm_kind,shortfall,closeout_loss,im_posted,assumed_pos
1,8399,23,FundamentalTrader,102,NBCM,0.0,0.0,167617313.49410227,369
2,8219,26,FundamentalTrader,32,BCM,0.0,0.0,411775042.8037362,1098
2,8219,21,FundamentalTrader,32,BCM,0.0,0.0,313144044.39081943,835
2,8219,20,FundamentalTrader,33,BCM,0.0,0.0,307518702.27601427,820
2,8219,19,FundamentalTrader,34,BCM,0.0,0.0,452277506.03033316,1206
2,8219,3,FundamentalTrader,34,BCM,0.0,0.0,313519067.1984731,836
2,8219,9,FundamentalTrader,101,NBCM,0.0,0.0,196511951.2105262,524
2,8219,28,FundamentalTrader,104,NBCM,0.0,0.0,254265463.58919227,678
2,8459,23,FundamentalTrader,102,NBCM,0.0,0.0,145623986.89297616,401
5,1859,4,FundamentalTrader,31,BCM,0.0,0.0,1159473931.9851506,-1944
5,1919,25,FundamentalTrader,32,BCM,0.0,0.0,1547576952.125478,-2459
5,3779,24,FundamentalTrader,31,BCM,0.0,0.0,260069946.57718366,436
5,3779,26,FundamentalTrader,32,BCM,0.0,0.0,1154779607.9212558,1961
5,3779,21,FundamentalTrader,32,BCM,0.0,0.0,793443487.4556112,1357
5,3779,20,FundamentalTrader,33,BCM,0.0,0.0,796895743.383627,1385
5,3779,19,FundamentalTrader,34,BCM,0.0,0.0,1258922661.7497299,2188
5,3779,3,FundamentalTrader,34,BCM,0.0,0.0,800923375.2996454,1354
5,3779,16,FundamentalTrader,34,BCM,0.0,0.0,398735559.6858148,633
5,3779,9,FundamentalTrader,101,NBCM,0.0,0.0,476986694.054171,809
5,3779,23,FundamentalTrader,102,NBCM,0.0,0.0,387803415.9137651,666
5,3779,28,FundamentalTrader,104,NBCM,0.0,0.0,626584450.9348518,1059
5,3839,10,FundamentalTrader,104,NBCM,0.0,0.0,191144961.3109653,333
5,3959,52,MomentumTrader,34,BCM,0.0,0.0,108281643.97229545,-172
5,4139,48,MomentumTrader,32,BCM,0.0,0.0,159665234.0543619,-104
6,5519,19,FundamentalTrader,34,BCM,0.0,0.0,818689140.027348,1745
6,5579,20,FundamentalTrader,33,BCM,0.0,0.0,499456401.18643457,1107
6,5579,23,FundamentalTrader,102,NBCM,0.0,0.0,272061616.9064318,603
7,7079,19,FundamentalTrader,34,BCM,0.0,0.0,557144954.9595889,1388
8,8639,19,FundamentalTrader,34,BCM,0.0,0.0,456883293.5526217,1376
8,8879,20,FundamentalTrader,33,BCM,0.0,0.0,301608683.0750786,922
9,11399,44,MomentumTrader,103,NBCM,0.0,0.0,258560844.37689093,-363
11,9479,4,FundamentalTrader,31,BCM,0.0,0.0,1679033430.2387688,-3618
11,10559,13,FundamentalTrader,30,BCM,0.0,0.0,2290877239.4730263,-4052
11,10559,57,MomentumTrader,30,BCM,0.0,0.0,488399651.05836403,-848
11,10559,59,MomentumTrader,30,BCM,0.0,0.0,401571062.0344563,-654
11,10559,56,MomentumTrader,31,BCM,0.0,0.0,166007519.3603695,-288
11,10559,25,FundamentalTrader,32,BCM,0.0,0.0,1552966568.721707,-3026
11,10559,43,MomentumTrader,32,BCM,0.0,0.0,382320347.6178207,-707
11,10559,42,MomentumTrader,32,BCM,0.0,0.0,305353225.00528574,-568
11,10559,46,MomentumTrader,34,BCM,0.0,0.0,384332559.9737039,-712
11,10559,41,MomentumTrader,100,NBCM,0.0,0.0,255550969.19717488,-440
11,10559,53,MomentumTrader,101,NBCM,0.0,0.0,453753886.2516767,-850
11,10559,45,MomentumTrader,102,NBCM,0.0,0.0,393387515.5751787,-720
11,10559,44,MomentumTrader,103,NBCM,0.0,0.0,220337252.96921772,-384
11,10619,49,MomentumTrader,30,BCM,0.0,0.0,376461894.58512485,-612
11,10619,77,ZeroIntelligenceTrader,30,BCM,0.0,0.0,52901508.06261558,-86
11,10619,55,MomentumTrader,32,BCM,0.0,0.0,447202283.27350616,-727
11,10619,7,FundamentalTrader,33,BCM,0.0,0.0,2064389082.0713706,-3356
11,10619,50,MomentumTrader,33,BCM,0.0,0.0,426287733.57433254,-693
11,10619,51,MomentumTrader,34,BCM,0.0,0.0,451508219.9762772,-734
11,10619,75,ZeroIntelligenceTrader,34,BCM,0.0,0.0,98421410.34905224,-160
11,10619,88,ZeroIntelligenceTrader,100,NBCM,0.0,0.0,67049585.80029184,-109
11,10739,58,MomentumTrader,31,BCM,0.0,0.0,341233267.87214,-480
11,10739,40,MomentumTrader,33,BCM,0.0,0.0,294497754.6363685,-460
13,1679,24,FundamentalTrader,31,BCM,0.0,0.0,271849419.86071014,472
13,1679,26,FundamentalTrader,32,BCM,0.0,0.0,1049213379.3785478,1834
13,1679,21,FundamentalTrader,32,BCM,0.0,0.0,752287702.7591977,1312
13,1679,20,FundamentalTrader,33,BCM,0.0,0.0,811558855.0978013,1414
13,1679,19,FundamentalTrader,34,BCM,0.0,0.0,1251533178.2266653,2196
13,1679,3,FundamentalTrader,34,BCM,0.0,0.0,799590641.644814,1390
13,1679,23,FundamentalTrader,102,NBCM,0.0,0.0,443963727.6131932,779
13,1679,28,FundamentalTrader,104,NBCM,0.0,0.0,598980587.5756946,1034
13,1679,10,FundamentalTrader,104,NBCM,0.0,0.0,210868522.74310845,366
13,3179,9,FundamentalTrader,101,NBCM,0.0,0.0,442394807.5734706,768
13,3359,2,FundamentalTrader,30,BCM,0.0,0.0,872944639.6972222,1557
14,2759,23,FundamentalTrader,102,NBCM,0.0,0.0,421053983.8334491,884
14,2819,19,FundamentalTrader,34,BCM,0.0,0.0,1125525972.056915,2349
14,2999,20,FundamentalTrader,33,BCM,0.0,0.0,748586837.9182674,1572
14,3959,3,FundamentalTrader,34,BCM,0.0,0.0,525940304.752619,1238
14,5519,9,FundamentalTrader,101,NBCM,0.0,0.0,218351905.27452052,589
14,5639,26,FundamentalTrader,32,BCM,0.0,0.0,454063489.5998422,1273
15,9719,19,FundamentalTrader,34,BCM,0.0,0.0,391725433.8399888,1434
16,16019,19,FundamentalTrader,34,BCM,0.0,0.0,314284375.174731,1032
16,16199,20,FundamentalTrader,33,BCM,0.0,0.0,202328382.37819573,690
17,4559,19,FundamentalTrader,34,BCM,0.0,0.0,590248685.9691437,1487
17,4739,20,FundamentalTrader,33,BCM,0.0,0.0,368353038.10490835,940
18,5099,20,FundamentalTrader,33,BCM,0.0,0.0,474171050.4258878,1206
18,5099,19,FundamentalTrader,34,BCM,0.0,0.0,666434436.5438473,1695
19,9419,20,FundamentalTrader,33,BCM,0.0,0.0,356210961.80968684,964
19,9419,19,FundamentalTrader,34,BCM,0.0,0.0,540967684.7400223,1464
19,9419,23,FundamentalTrader,102,NBCM,0.0,0.0,174779859.89209738,473
19,10199,26,FundamentalTrader,32,BCM,0.0,0.0,382185296.3924028,1026
19,10199,3,FundamentalTrader,34,BCM,0.0,0.0,290922725.61643916,781
19,16139,65,ZeroIntelligenceTrader,30,BCM,0.0,0.0,29536254.364560667,-105
20,16019,20,FundamentalTrader,33,BCM,0.0,0.0,241631514.1155195,554
20,16379,19,FundamentalTrader,34,BCM,0.0,0.0,329019453.6492611,767
21,7079,19,FundamentalTrader,34,BCM,0.0,0.0,692311657.1391543,1582
21,8639,20,FundamentalTrader,33,BCM,0.0,0.0,357322653.1621422,953
22,7979,19,FundamentalTrader,34,BCM,0.0,0.0,565076930.9486774,1483
22,8039,20,FundamentalTrader,33,BCM,0.0,0.0,381078223.364752,1014
22,8039,23,FundamentalTrader,102,NBCM,0.0,0.0,214967202.9237062,572
22,9899,3,FundamentalTrader,34,BCM,0.0,0.0,330746979.9582556,1010
22,11219,21,FundamentalTrader,32,BCM,0.0,0.0,233017941.3098566,806
22,14939,8,FundamentalTrader,33,BCM,0.0,0.0,777283213.3378567,2963
23,12119,20,FundamentalTrader,33,BCM,0.0,0.0,219347058.2970358,740
23,12119,19,FundamentalTrader,34,BCM,0.0,0.0,329315408.7604691,1112
23,12779,23,FundamentalTrader,102,NBCM,0.0,0.0,110881541.446487,344
23,12839,2,FundamentalTrader,30,BCM,0.0,0.0,220201313.6783786,686
23,12839,12,FundamentalTrader,30,BCM,0.0,0.0,203509668.90975517,634
23,12839,17,FundamentalTrader,30,BCM,0.0,0.0,145409905.38820046,453
23,12839,6,FundamentalTrader,31,BCM,0.0,0.0,698160141.7645386,2142
23,12839,14,FundamentalTrader,31,BCM,0.0,0.0,183929085.62348536,573
23,12839,24,FundamentalTrader,31,BCM,0.0,0.0,60988702.039201066,190
23,12839,26,FundamentalTrader,32,BCM,0.0,0.0,235929978.94111994,735
23,12839,21,FundamentalTrader,32,BCM,0.0,0.0,188422989.9842686,587
23,12839,22,FundamentalTrader,32,BCM,0.0,0.0,260646452.92542776,769
23,12839,8,FundamentalTrader,33,BCM,0.0,0.0,992831870.564468,3093
23,12839,29,FundamentalTrader,33,BCM,0.0,0.0,501070336.227331,1497
23,12839,1,FundamentalTrader,33,BCM,0.0,0.0,53926852.32939884,165
23,12839,5,FundamentalTrader,34,BCM,0.0,0.0,286646899.584245,884
23,12839,3,FundamentalTrader,34,BCM,0.0,0.0,193237887.5136792,602
23,12839,18,FundamentalTrader,34,BCM,0.0,0.0,247485733.01170543,764
23,12839,16,FundamentalTrader,34,BCM,0.0,0.0,67729558.58037592,211
23,12839,0,FundamentalTrader,100,NBCM,0.0,0.0,304301523.85875064,931
23,12839,15,FundamentalTrader,101,NBCM,0.0,0.0,502033315.733213,1551
23,12839,9,FundamentalTrader,101,NBCM,0.0,0.0,116520520.21173678,363
23,12839,11,FundamentalTrader,102,NBCM,0.0,0.0,182645112.94897583,569
23,12839,27,FundamentalTrader,103,NBCM,0.0,0.0,105927745.64703345,330
23,12839,28,FundamentalTrader,104,NBCM,0.0,0.0,145730898.55682784,454
23,12839,10,FundamentalTrader,104,NBCM,0.0,0.0,44297057.270577624,138
23,12899,92,ZeroIntelligenceTrader,32,BCM,0.0,0.0,60562474.52780254,188
23,13559,81,ZeroIntelligenceTrader,33,BCM,0.0,0.0,33200056.222418286,116
23,13679,99,ZeroIntelligenceTrader,34,BCM,0.0,0.0,24666923.327504136,-68
25,2339,24,FundamentalTrader,31,BCM,0.0,0.0,279331437.4872287,572
25,2339,20,FundamentalTrader,33,BCM,0.0,0.0,817972303.8306085,1675
25,2339,19,FundamentalTrader,34,BCM,0.0,0.0,1171531675.755003,2399
25,2339,23,FundamentalTrader,102,NBCM,0.0,0.0,459529515.1669269,941
25,2339,10,FundamentalTrader,104,NBCM,0.0,0.0,240264103.572931,492
25,2399,26,FundamentalTrader,32,BCM,0.0,0.0,924436927.0936852,1944
25,2399,21,FundamentalTrader,32,BCM,0.0,0.0,720433099.0467763,1515
25,2399,3,FundamentalTrader,34,BCM,0.0,0.0,735174634.4068093,1546
25,2399,9,FundamentalTrader,101,NBCM,0.0,0.0,466022730.7365286,980
26,2939,19,FundamentalTrader,34,BCM,0.0,0.0,968687537.044316,1932
26,3539,20,FundamentalTrader,33,BCM,0.0,0.0,633511834.6597868,1279
26,3539,23,FundamentalTrader,102,NBCM,0.0,0.0,326909938.1356211,660
27,2759,4,FundamentalTrader,31,BCM,0.0,0.0,917149278.663557,-1542
27,2759,25,FundamentalTrader,32,BCM,0.0,0.0,1208637532.582478,-2217
27,4499,13,FundamentalTrader,30,BCM,0.0,0.0,1340900787.0725117,-2381
27,11819,19,FundamentalTrader,34,BCM,0.0,0.0,1274387090.856997,2329
27,12179,23,FundamentalTrader,102,NBCM,0.0,0.0,400676501.27037686,762
27,12299,20,FundamentalTrader,33,BCM,0.0,0.0,640319678.7341552,1235
28,2639,25,FundamentalTrader,32,BCM,0.0,0.0,1280810168.7217083,-1980
28,4019,4,FundamentalTrader,31,BCM,0.0,0.0,893896983.957169,-1473
28,5159,13,FundamentalTrader,30,BCM,0.0,0.0,1147167726.2683876,-1948
28,10199,19,FundamentalTrader,34,BCM,0.0,0.0,912568713.0945122,1958
28,11759,20,FundamentalTrader,33,BCM,0.0,0.0,413402255.15553564,963
30,9419,19,FundamentalTrader,34,BCM,0.0,0.0,290046470.8608597,1020
30,9839,20,FundamentalTrader,33,BCM,0.0,0.0,155821045.10025755,524
30,11339,23,FundamentalTrader,102,NBCM,0.0,0.0,77807881.91162346,286
31,8639,20,FundamentalTrader,33,BCM,0.0,0.0,560263012.5902699,1291
31,8639,19,FundamentalTrader,34,BCM,0.0,0.0,823686442.9870893,1898
31,8639,23,FundamentalTrader,102,NBCM,0.0,0.0,297707534.18816817,686
32,7619,19,FundamentalTrader,34,BCM,0.0,0.0,396149380.756,1059
32,10499,20,FundamentalTrader,33,BCM,0.0,0.0,213947980.9203184,585
32,10739,95,ZeroIntelligenceTrader,30,BCM,0.0,0.0,88425079.52504247,-194
32,10739,70,ZeroIntelligenceTrader,34,BCM,0.0,0.0,276670223.05000407,-607
32,10739,52,MomentumTrader,34,BCM,0.0,0.0,160441381.40626264,-352
32,10799,48,MomentumTrader,32,BCM,0.0,0.0,236789306.62472424,-502
32,12659,93,ZeroIntelligenceTrader,100,NBCM,0.0,0.0,107298949.7631006,-195
32,12839,92,ZeroIntelligenceTrader,32,BCM,0.0,0.0,163046979.21876505,-310
32,12839,61,ZeroIntelligenceTrader,32,BCM,0.0,0.0,222480232.93399236,-423
32,12839,81,ZeroIntelligenceTrader,33,BCM,0.0,0.0,140430785.3271299,-267
32,12839,64,ZeroIntelligenceTrader,33,BCM,0.0,0.0,177773803.14820188,-338
32,12899,42,MomentumTrader,32,BCM,0.0,0.0,401179602.8136978,-722
32,12899,98,ZeroIntelligenceTrader,32,BCM,0.0,0.0,240596631.60433677,-433
32,12899,74,ZeroIntelligenceTrader,33,BCM,0.0,0.0,118909189.75364451,-214
32,12899,83,ZeroIntelligenceTrader,33,BCM,0.0,0.0,139468255.27179798,-251
32,12899,47,MomentumTrader,100,NBCM,0.0,0.0,445631636.3664621,-720
32,12899,41,MomentumTrader,100,NBCM,0.0,0.0,313386836.5469883,-564
32,12899,44,MomentumTrader,103,NBCM,0.0,0.0,360061471.7773908,-648
32,12959,63,ZeroIntelligenceTrader,31,BCM,0.0,0.0,128830080.41904336,-219
32,12959,43,MomentumTrader,32,BCM,0.0,0.0,378842793.56102246,-644
32,12959,50,MomentumTrader,33,BCM,0.0,0.0,509993342.89964885,-863
32,12959,51,MomentumTrader,34,BCM,0.0,0.0,441198905.54466903,-750
32,12959,99,ZeroIntelligenceTrader,34,BCM,0.0,0.0,77651007.37586175,-132
32,12959,45,MomentumTrader,102,NBCM,0.0,0.0,318839742.4069475,-542
32,13079,40,MomentumTrader,33,BCM,0.0,0.0,472046076.2466327,-768
32,13199,54,MomentumTrader,31,BCM,0.0,0.0,409558845.5416074,-654
32,13199,53,MomentumTrader,101,NBCM,0.0,0.0,340672801.1844563,-544
33,14759,19,FundamentalTrader,34,BCM,0.0,0.0,291921986.41465724,1054
34,13319,20,FundamentalTrader,33,BCM,0.0,0.0,198786826.3960538,506
34,13319,19,FundamentalTrader,34,BCM,0.0,0.0,315858909.92574555,804
35,9779,20,FundamentalTrader,33,BCM,0.0,0.0,217323937.87226808,794
35,9779,19,FundamentalTrader,34,BCM,0.0,0.0,316679843.9775997,1157
35,9779,3,FundamentalTrader,34,BCM,0.0,0.0,209112705.96273655,764
35,9779,23,FundamentalTrader,102,NBCM,0.0,0.0,115778369.9243947,423
35,10979,26,FundamentalTrader,32,BCM,0.0,0.0,214466959.38119957,838
35,10979,9,FundamentalTrader,101,NBCM,0.0,0.0,104930135.25810482,410
35,11339,21,FundamentalTrader,32,BCM,0.0,0.0,104807166.940006,410
35,12599,8,FundamentalTrader,33,BCM,0.0,0.0,409668846.1717616,1667
35,12659,29,FundamentalTrader,33,BCM,0.0,0.0,350336320.49007493,1444
36,8099,19,FundamentalTrader,34,BCM,0.0,0.0,416967922.57374805,1302
36,10079,20,FundamentalTrader,33,BCM,0.0,0.0,179971843.7433306,578
36,12119,23,FundamentalTrader,102,NBCM,0.0,0.0,83361332.0830293,302
36,12839,68,ZeroIntelligenceTrader,33,BCM,0.0,0.0,54908446.94600667,-179
36,12899,77,ZeroIntelligenceTrader,30,BCM,0.0,0.0,38031957.09680187,-78
36,12899,56,MomentumTrader,31,BCM,0.0,0.0,319468439.61313564,-893
36,12899,87,ZeroIntelligenceTrader,31,BCM,0.0,0.0,51516014.61294071,-144
36,12899,92,ZeroIntelligenceTrader,32,BCM,0.0,0.0,75718169.12908736,-171
36,12899,48,MomentumTrader,32,BCM,0.0,0.0,374441904.87124014,-1049
36,12899,61,ZeroIntelligenceTrader,32,BCM,0.0,0.0,74680933.9355382,-184
36,12899,71,ZeroIntelligenceTrader,32,BCM,0.0,0.0,34228761.387121685,-81
36,12899,86,ZeroIntelligenceTrader,33,BCM,0.0,0.0,57393680.70971918,-166
36,12899,76,ZeroIntelligenceTrader,34,BCM,0.0,0.0,56956866.239101835,-136
36,12899,75,ZeroIntelligenceTrader,34,BCM,0.0,0.0,42180897.870998435,-85
36,12899,85,ZeroIntelligenceTrader,34,BCM,0.0,0.0,63962836.93553042,-182
36,12899,52,MomentumTrader,34,BCM,0.0,0.0,317048224.16152096,-867
36,12899,41,MomentumTrader,100,NBCM,0.0,0.0,420041156.3900958,-1012
36,12899,88,ZeroIntelligenceTrader,100,NBCM,0.0,0.0,49095799.16132605,-111
36,12899,90,ZeroIntelligenceTrader,101,NBCM,0.0,0.0,76755404.3226365,-161
36,12899,66,ZeroIntelligenceTrader,102,NBCM,0.0,0.0,31117055.80647425,-57
36,12899,89,ZeroIntelligenceTrader,103,NBCM,0.0,0.0,58430915.90326833,-133
36,12959,63,ZeroIntelligenceTrader,31,BCM,0.0,0.0,203786247.93504065,-450
36,12959,42,MomentumTrader,32,BCM,0.0,0.0,398588328.1574154,-944
36,12959,97,ZeroIntelligenceTrader,32,BCM,0.0,0.0,85696738.72592628,-199
36,12959,60,ZeroIntelligenceTrader,32,BCM,0.0,0.0,150949275.16417888,-360
36,12959,73,ZeroIntelligenceTrader,101,NBCM,0.0,0.0,34370518.85707167,-78
36,12959,79,ZeroIntelligenceTrader,102,NBCM,0.0,0.0,65246802.63013033,-149
36,13259,91,ZeroIntelligenceTrader,31,BCM,0.0,0.0,119633822.42673996,-255
36,13259,80,ZeroIntelligenceTrader,104,NBCM,0.0,0.0,28149134.688644696,-60
36,13499,40,MomentumTrader,33,BCM,0.0,0.0,569708939.110887,-1090
36,13499,46,MomentumTrader,34,BCM,0.0,0.0,414476319.9219574,-793
36,13499,45,MomentumTrader,102,NBCM,0.0,0.0,405068282.3953555,-775
36,13499,44,MomentumTrader,103,NBCM,0.0,0.0,386774876.0936298,-740
36,13559,57,MomentumTrader,30,BCM,0.0,0.0,367100851.05836344,-582
36,13559,49,MomentumTrader,30,BCM,0.0,0.0,343669102.26137334,-559
36,13559,4,FundamentalTrader,31,BCM,0.0,0.0,2436825252.604107,-4369
36,13559,54,MomentumTrader,31,BCM,0.0,0.0,372559032.05307525,-586
36,13559,50,MomentumTrader,33,BCM,0.0,0.0,432088822.7460956,-777
36,13559,51,MomentumTrader,34,BCM,0.0,0.0,340332509.0355348,-566
36,13559,47,MomentumTrader,100,NBCM,0.0,0.0,427640031.77831084,-769
36,13559,53,MomentumTrader,101,NBCM,0.0,0.0,426545672.19645965,-643
36,13619,59,MomentumTrader,30,BCM,0.0,0.0,350966492.85150594,-527
36,13619,96,ZeroIntelligenceTrader,30,BCM,0.0,0.0,105223350.7979847,-158
36,13619,72,ZeroIntelligenceTrader,30,BCM,0.0,0.0,77252586.66181156,-116
36,13619,58,MomentumTrader,31,BCM,0.0,0.0,325659611.014016,-489
36,13619,25,FundamentalTrader,32,BCM,0.0,0.0,3275243286.2309422,-4918
36,13619,55,MomentumTrader,32,BCM,0.0,0.0,328971943.68876976,-493
36,13619,82,ZeroIntelligenceTrader,101,NBCM,0.0,0.0,257730612.39759547,-387
36,13619,62,ZeroIntelligenceTrader,101,NBCM,0.0,0.0,53385773.6154925,-80
36,13679,43,MomentumTrader,32,BCM,0.0,0.0,272444942.8202669,-398
36,13679,93,ZeroIntelligenceTrader,100,NBCM,0.0,0.0,73245248.44665466,-107
36,13859,99,ZeroIntelligenceTrader,101,NBCM,0.0,0.0,74281769.33519928,-108
37,11159,19,FundamentalTrader,34,BCM,0.0,0.0,261421485.8325693,999
37,15239,83,ZeroIntelligenceTrader,33,BCM,0.0,0.0,58919435.261046946,-192
37,15539,68,ZeroIntelligenceTrader,33,BCM,0.0,0.0,34775827.44699818,-95
38,6959,13,FundamentalTrader,30,BCM,0.0,0.0,1252863224.3584146,-1518
38,6959,57,MomentumTrader,30,BCM,0.0,0.0,252871476.4760103,-229
38,6959,59,MomentumTrader,30,BCM,0.0,0.0,186369562.2079686,-174
38,6959,49,MomentumTrader,30,BCM,0.0,0.0,137929896.25964195,-161
38,6959,67,ZeroIntelligenceTrader,30,BCM,0.0,0.0,158455178.44113633,-202
38,6959,72,ZeroIntelligenceTrader,30,BCM,0.0,0.0,121632931.84802234,-140
38,6959,77,ZeroIntelligenceTrader,30,BCM,0.0,0.0,126435738.23800515,-118
38,6959,6,FundamentalTrader,31,BCM,0.0,0.0,1408855368.9377716,-1696
38,6959,4,FundamentalTrader,31,BCM,0.0,0.0,761898474.5770699,-924
38,6959,63,ZeroIntelligenceTrader,31,BCM,0.0,0.0,138421847.93504095,-169
38,6959,69,ZeroIntelligenceTrader,31,BCM,0.0,0.0,92774275.46035442,-156
38,6959,25,FundamentalTrader,32,BCM,0.0,0.0,1073882763.7357838,-1298
38,6959,22,FundamentalTrader,32,BCM,0.0,0.0,959762194.8066753,-1149
38,6959,55,MomentumTrader,32,BCM,0.0,0.0,233167205.5817757,-197
38,6959,98,ZeroIntelligenceTrader,32,BCM,0.0,0.0,119867647.93992695,-163
38,6959,97,ZeroIntelligenceTrader,32,BCM,0.0,0.0,174750938.72592598,-161
38,6959,71,ZeroIntelligenceTrader,32,BCM,0.0,0.0,60998809.534056164,-76
38,6959,8,FundamentalTrader,33,BCM,0.0,0.0,1350563567.5423276,-1610
38,6959,7,FundamentalTrader,33,BCM,0.0,0.0,946626014.210519,-1149
38,6959,29,FundamentalTrader,33,BCM,0.0,0.0,402295530.75728905,-478
38,6959,50,MomentumTrader,33,BCM,0.0,0.0,238914284.59259415,-177
38,6959,1,FundamentalTrader,33,BCM,0.0,0.0,699501616.7453271,-780
38,6959,86,ZeroIntelligenceTrader,33,BCM,0.0,0.0,194905696.19775388,-207
38,6959,83,ZeroIntelligenceTrader,33,BCM,0.0,0.0,93910552.66853695,-173
38,6959,18,FundamentalTrader,34,BCM,0.0,0.0,1518870881.4305813,-1816
38,6959,70,ZeroIntelligenceTrader,34,BCM,0.0,0.0,149424054.2812788,-133
38,6959,75,ZeroIntelligenceTrader,34,BCM,0.0,0.0,87027196.44953601,-113
38,6959,99,ZeroIntelligenceTrader,34,BCM,0.0,0.0,84564162.58775668,-116
38,6959,85,ZeroIntelligenceTrader,34,BCM,0.0,0.0,77175061.00241873,-79
38,6959,0,FundamentalTrader,100,NBCM,0.0,0.0,1646127630.955846,-1967
38,6959,47,MomentumTrader,100,NBCM,0.0,0.0,234809228.15629527,-178
38,6959,15,FundamentalTrader,101,NBCM,0.0,0.0,1397361210.9161346,-1655
38,6959,94,ZeroIntelligenceTrader,101,NBCM,0.0,0.0,64406364.32936311,-92
38,6959,80,ZeroIntelligenceTrader,104,NBCM,0.0,0.0,60754835.25722325,-57
38,7019,74,ZeroIntelligenceTrader,33,BCM,0.0,0.0,193547700.70692834,-120
38,7019,64,ZeroIntelligenceTrader,33,BCM,0.0,0.0,85067681.68768765,-67
38,7019,51,MomentumTrader,34,BCM,0.0,0.0,197033621.16808033,-170
38,7019,46,MomentumTrader,34,BCM,0.0,0.0,128517102.39180033,-102
38,7019,62,ZeroIntelligenceTrader,34,BCM,0.0,0.0,115902130.09887077,-100
38,7019,82,ZeroIntelligenceTrader,101,NBCM,0.0,0.0,157626896.93446428,-136
38,7019,73,ZeroIntelligenceTrader,101,NBCM,0.0,0.0,75336384.56426601,-65
38,7019,12,FundamentalTrader,101,NBCM,0.0,0.0,1510762978.703137,-1079
38,7019,84,ZeroIntelligenceTrader,101,NBCM,0.0,0.0,157982177.9512797,-82
38,7019,58,MomentumTrader,101,NBCM,0.0,0.0,177330259.0512723,-107
38,7019,91,ZeroIntelligenceTrader,101,NBCM,0.0,0.0,125167550.6519804,-74
38,7019,87,ZeroIntelligenceTrader,101,NBCM,0.0,0.0,108926228.52519731,-67
38,7019,43,MomentumTrader,102,NBCM,0.0,0.0,118220172.70084819,-102
38,7019,92,ZeroIntelligenceTrader,102,NBCM,0.0,0.0,156069432.7738331,-107
38,7019,93,ZeroIntelligenceTrader,102,NBCM,0.0,0.0,168058088.64336264,-145
40,6359,19,FundamentalTrader,34,BCM,0.0,0.0,624442060.449362,1458
40,6599,20,FundamentalTrader,33,BCM,0.0,0.0,392008035.2632646,938
40,7079,23,FundamentalTrader,102,NBCM,0.0,0.0,196495305.1889519,490
40,8639,26,FundamentalTrader,32,BCM,0.0,0.0,235817163.8786013,661
40,8639,3,FundamentalTrader,34,BCM,0.0,0.0,191316748.10953394,546
40,9179,8,FundamentalTrader,33,BCM,0.0,0.0,1216378582.3037765,3543
41,10079,19,FundamentalTrader,34,BCM,0.0,0.0,327456203.3662837,1116
41,10319,20,FundamentalTrader,33,BCM,0.0,0.0,197899526.6768948,696
41,10439,23,FundamentalTrader,102,NBCM,0.0,0.0,101042075.41638298,362
41,10559,3,FundamentalTrader,34,BCM,0.0,0.0,145190461.55976662,533
41,10679,26,FundamentalTrader,32,BCM,0.0,0.0,193225268.42479703,642
41,11099,21,FundamentalTrader,32,BCM,0.0,0.0,131554400.9794179,446
41,11159,5,FundamentalTrader,34,BCM,0.0,0.0,292853126.10869116,1021
41,11279,8,FundamentalTrader,33,BCM,0.0,0.0,541121248.0130292,1944
42,10799,19,FundamentalTrader,34,BCM,0.0,0.0,381474684.51490116,1157
42,10859,20,FundamentalTrader,33,BCM,0.0,0.0,240112195.96864697,735
43,12839,19,FundamentalTrader,34,BCM,0.0,0.0,460572554.21237725,1283
44,9179,19,FundamentalTrader,34,BCM,0.0,0.0,475464296.8753959,1403
44,9779,20,FundamentalTrader,33,BCM,0.0,0.0,244457183.70023412,762
44,9899,3,FundamentalTrader,34,BCM,0.0,0.0,244339541.3312529,782
44,10919,23,FundamentalTrader,102,NBCM,0.0,0.0,108702846.75853181,368
45,15659,21,FundamentalTrader,32,BCM,0.0,0.0,325491717.5184655,1060
45,15659,20,FundamentalTrader,33,BCM,0.0,0.0,323035176.25417525,1052
45,15659,19,FundamentalTrader,34,BCM,0.0,0.0,489465846.9098435,1594
45,15659,23,FundamentalTrader,102,NBCM,0.0,0.0,168273076.60388598,548
45,15719,26,FundamentalTrader,32,BCM,0.0,0.0,439951684.77263206,1461
45,15779,3,FundamentalTrader,34,BCM,0.0,0.0,313625471.1672642,1045
46,5339,24,FundamentalTrader,31,BCM,0.0,0.0,285207198.0466686,440
46,5339,20,FundamentalTrader,33,BCM,0.0,0.0,856269792.3173845,1321
46,5339,19,FundamentalTrader,34,BCM,0.0,0.0,1306119327.4182663,2015
46,5339,23,FundamentalTrader,102,NBCM,0.0,0.0,474481065.8412759,732
46,5399,2,FundamentalTrader,30,BCM,0.0,0.0,912619226.4937675,1539
46,5399,12,FundamentalTrader,30,BCM,0.0,0.0,905590066.8545343,1528
46,5399,17,FundamentalTrader,30,BCM,0.0,0.0,593378226.2119297,997
46,5399,14,FundamentalTrader,31,BCM,0.0,0.0,858729002.5929801,1430
46,5399,26,FundamentalTrader,32,BCM,0.0,0.0,950108077.9030108,1622
46,5399,21,FundamentalTrader,32,BCM,0.0,0.0,685343064.8252298,1170
46,5399,5,FundamentalTrader,34,BCM,0.0,0.0,1247675835.9638796,2111
46,5399,3,FundamentalTrader,34,BCM,0.0,0.0,718731573.1115872,1227
46,5399,16,FundamentalTrader,34,BCM,0.0,0.0,305182681.00337154,512
46,5399,99,ZeroIntelligenceTrader,34,BCM,0.0,0.0,132382506.53889054,204
46,5399,9,FundamentalTrader,101,NBCM,0.0,0.0,434050607.72264546,741
46,5399,11,FundamentalTrader,102,NBCM,0.0,0.0,785508589.6843019,1322
46,5399,27,FundamentalTrader,103,NBCM,0.0,0.0,475054038.9515054,806
46,5399,28,FundamentalTrader,104,NBCM,0.0,0.0,578734143.6301941,988
46,5399,10,FundamentalTrader,104,NBCM,0.0,0.0,197987996.5050664,338
46,5579,85,ZeroIntelligenceTrader,34,BCM,0.0,0.0,83285914.22830346,153
46,5579,90,ZeroIntelligenceTrader,101,NBCM,0.0,0.0,77891661.77552782,134
46,5639,65,ZeroIntelligenceTrader,30,BCM,0.0,0.0,89053938.46622801,162
46,5639,1,FundamentalTrader,33,BCM,0.0,0.0,252869207.99052396,460
48,14519,20,FundamentalTrader,33,BCM,0.0,0.0,304526460.1828392,791
48,14519,19,FundamentalTrader,34,BCM,0.0,0.0,501640932.5135771,1303
48,14639,21,FundamentalTrader,32,BCM,0.0,0.0,307893570.9888799,824
48,14639,3,FundamentalTrader,34,BCM,0.0,0.0,315740373.16214025,845
48,14639,23,FundamentalTrader,102,NBCM,0.0,0.0,150210213.03098267,402
48,14699,28,FundamentalTrader,104,NBCM,0.0,0.0,221934411.53541005,601
48,14759,9,FundamentalTrader,101,NBCM,0.0,0.0,167509647.93092197,453
51,9059,20,FundamentalTrader,33,BCM,0.0,0.0,589009865.0322642,1208
51,9059,19,FundamentalTrader,34,BCM,0.0,0.0,886927934.183517,1819
51,9179,23,FundamentalTrader,102,NBCM,0.0,0.0,290816799.89321786,612
51,9599,3,FundamentalTrader,34,BCM,0.0,0.0,455013564.96156204,1018
51,11279,21,FundamentalTrader,32,BCM,0.0,0.0,347968163.60764086,849
51,11339,26,FundamentalTrader,32,BCM,0.0,0.0,461113364.7395178,1140
51,13259,8,FundamentalTrader,33,BCM,0.0,0.0,1203979903.4412138,3128
51,15179,67,ZeroIntelligenceTrader,30,BCM,0.0,0.0,349785985.333863,-735
51,15179,72,ZeroIntelligenceTrader,30,BCM,0.0,0.0,104071331.84802191,-213
51,15179,65,ZeroIntelligenceTrader,30,BCM,0.0,0.0,274799185.863597,-592
51,15179,84,ZeroIntelligenceTrader,30,BCM,0.0,0.0,288516283.32767004,-587
51,15179,77,ZeroIntelligenceTrader,30,BCM,0.0,0.0,112937435.78753486,-247
51,15179,69,ZeroIntelligenceTrader,31,BCM,0.0,0.0,154088728.17975405,-302
51,15179,92,ZeroIntelligenceTrader,32,BCM,0.0,0.0,119338747.93743561,-235
51,15179,48,MomentumTrader,32,BCM,0.0,0.0,376762943.67987335,-736
51,15179,62,ZeroIntelligenceTrader,34,BCM,0.0,0.0,418091573.61549264,-874
51,15179,99,ZeroIntelligenceTrader,34,BCM,0.0,0.0,87332187.18793182,-191
51,15179,52,MomentumTrader,34,BCM,0.0,0.0,262911034.72806695,-505
51,15179,73,ZeroIntelligenceTrader,101,NBCM,0.0,0.0,223131452.0822551,-460
51,15479,91,ZeroIntelligenceTrader,31,BCM,0.0,0.0,322213287.6196901,-581
51,15479,56,MomentumTrader,31,BCM,0.0,0.0,326905714.13842344,-555
51,15479,42,MomentumTrader,32,BCM,0.0,0.0,711684688.6745583,-1249
51,15479,98,ZeroIntelligenceTrader,32,BCM,0.0,0.0,341387692.80923295,-552
51,15479,97,ZeroIntelligenceTrader,32,BCM,0.0,0.0,247134463.31995648,-463
51,15479,61,ZeroIntelligenceTrader,32,BCM,0.0,0.0,241920656.07691947,-453
51,15479,74,ZeroIntelligenceTrader,33,BCM,0.0,0.0,142554900.70692858,-256
51,15479,44,MomentumTrader,103,NBCM,0.0,0.0,686658413.9079803,-1219
51,15479,89,ZeroIntelligenceTrader,103,NBCM,0.0,0.0,225732627.1022735,-425
51,15479,80,ZeroIntelligenceTrader,104,NBCM,0.0,0.0,170249393.64123765,-290
51,15539,49,MomentumTrader,30,BCM,0.0,0.0,874299493.6610478,-1384
51,15539,95,ZeroIntelligenceTrader,30,BCM,0.0,0.0,196838582.51949593,-318
51,15539,63,ZeroIntelligenceTrader,31,BCM,0.0,0.0,474145767.9557669,-766
51,15539,55,MomentumTrader,32,BCM,0.0,0.0,1081534343.6887708,-1597
51,15539,43,MomentumTrader,32,BCM,0.0,0.0,886392610.5909376,-1432
51,15539,60,ZeroIntelligenceTrader,32,BCM,0.0,0.0,294577977.1423502,-467
51,15539,71,ZeroIntelligenceTrader,32,BCM,0.0,0.0,203028475.05155557,-328
51,15539,81,ZeroIntelligenceTrader,33,BCM,0.0,0.0,271736282.15741736,-439
51,15539,51,MomentumTrader,34,BCM,0.0,0.0,957562151.939718,-1481
51,15539,46,MomentumTrader,34,BCM,0.0,0.0,789040102.3917996,-1247
51,15539,70,ZeroIntelligenceTrader,34,BCM,0.0,0.0,370155573.4171653,-598
51,15539,75,ZeroIntelligenceTrader,34,BCM,0.0,0.0,217934416.97862342,-324
51,15539,41,MomentumTrader,100,NBCM,0.0,0.0,627655102.7508456,-1014
51,15539,82,ZeroIntelligenceTrader,101,NBCM,0.0,0.0,196219593.26628995,-317
51,15539,90,ZeroIntelligenceTrader,101,NBCM,0.0,0.0,185077786.70858264,-299
51,15539,94,ZeroIntelligenceTrader,101,NBCM,0.0,0.0,253785593.81444445,-410
51,15539,45,MomentumTrader,102,NBCM,0.0,0.0,774092857.4309838,-1243
51,15539,66,ZeroIntelligenceTrader,102,NBCM,0.0,0.0,361087248.6923595,-570
51,15779,57,MomentumTrader,30,BCM,0.0,0.0,1206129020.6010041,-1343
51,15779,59,MomentumTrader,30,BCM,0.0,0.0,999622619.3930559,-1128
51,15779,96,ZeroIntelligenceTrader,30,BCM,0.0,0.0,446199891.2912732,-458
51,15779,54,MomentumTrader,31,BCM,0.0,0.0,1200369877.9378343,-1355
51,15779,58,MomentumTrader,31,BCM,0.0,0.0,711665486.2345624,-740
51,15779,87,ZeroIntelligenceTrader,31,BCM,0.0,0.0,97715828.52519737,-97
51,15779,50,MomentumTrader,33,BCM,0.0,0.0,955194947.4200312,-1053
51,15779,40,MomentumTrader,33,BCM,0.0,0.0,833430216.8272969,-907
51,15779,86,ZeroIntelligenceTrader,33,BCM,0.0,0.0,319221050.4728442,-340
51,15779,64,ZeroIntelligenceTrader,33,BCM,0.0,0.0,168469681.68768775,-176
51,15779,68,ZeroIntelligenceTrader,33,BCM,0.0,0.0,108395013.35653032,-124
51,15779,85,ZeroIntelligenceTrader,34,BCM,0.0,0.0,217884114.22830334,-280
51,15779,47,MomentumTrader,100,NBCM,0.0,0.0,1058036780.6909217,-1203
51,15779,88,ZeroIntelligenceTrader,100,NBCM,0.0,0.0,102328011.75058505,-116
51,15779,53,MomentumTrader,101,NBCM,0.0,0.0,1167460491.2911491,-1321
51,16019,83,ZeroIntelligenceTrader,33,BCM,0.0,0.0,201205577.19887966,-197
51,16019,78,ZeroIntelligenceTrader,102,NBCM,0.0,0.0,209376362.05974787,-205
51,16019,79,ZeroIntelligenceTrader,102,NBCM,0.0,0.0,120519076.6978061,-118
51,16019,76,ZeroIntelligenceTrader,102,NBCM,0.0,0.0,376877451.70754623,-369
51,16019,93,ZeroIntelligenceTrader,102,NBCM,0.0,0.0,173629178.29344946,-170
51,16079,24,FundamentalTrader,31,BCM,0.0,0.0,133192912.54759678,70
52,10979,19,FundamentalTrader,34,BCM,0.0,0.0,326957836.0498377,1085
52,11159,20,FundamentalTrader,33,BCM,0.0,0.0,200105032.97842002,636
52,11819,23,FundamentalTrader,102,NBCM,0.0,0.0,84761662.06491135,298
52,12539,2,FundamentalTrader,30,BCM,0.0,0.0,224196879.5681581,793
52,12539,17,FundamentalTrader,30,BCM,0.0,0.0,158323143.20071694,560
52,12539,24,FundamentalTrader,31,BCM,0.0,0.0,57392139.410259895,203
52,12539,26,FundamentalTrader,32,BCM,0.0,0.0,224479599.46673083,794
52,12539,21,FundamentalTrader,32,BCM,0.0,0.0,163977541.17217112,580
52,12539,3,FundamentalTrader,34,BCM,0.0,0.0,167370179.9550436,592
52,12539,16,FundamentalTrader,34,BCM,0.0,0.0,70114534.84603179,248
52,12539,11,FundamentalTrader,102,NBCM,0.0,0.0,192814970.82658744,682
52,12539,27,FundamentalTrader,103,NBCM,0.0,0.0,109695320.64621103,388
52,12539,28,FundamentalTrader,104,NBCM,0.0,0.0,140794509.489209,498
52,12599,14,FundamentalTrader,31,BCM,0.0,0.0,193057094.30721116,686
52,12599,9,FundamentalTrader,101,NBCM,0.0,0.0,100468487.85375273,357
52,12599,10,FundamentalTrader,104,NBCM,0.0,0.0,43057923.36589403,153
53,15659,19,FundamentalTrader,34,BCM,0.0,0.0,345156963.53339344,1185
54,9419,19,FundamentalTrader,34,BCM,0.0,0.0,416894954.9886956,1205
55,11219,20,FundamentalTrader,33,BCM,0.0,0.0,186901950.50855982,559
55,15239,8,FundamentalTrader,33,BCM,0.0,0.0,1082823365.8050153,3148
56,4499,13,FundamentalTrader,30,BCM,0.0,0.0,1888022783.9528353,-3907
56,4499,96,ZeroIntelligenceTrader,30,BCM,0.0,0.0,186061832.79596317,-348
56,4499,4,FundamentalTrader,31,BCM,0.0,0.0,1183680186.9345253,-2459
56,4499,56,MomentumTrader,31,BCM,0.0,0.0,131733700.73926073,-218
56,4499,25,FundamentalTrader,32,BCM,0.0,0.0,1607247305.004922,-3330
56,4499,48,MomentumTrader,32,BCM,0.0,0.0,114425623.26986884,-171
56,4499,7,FundamentalTrader,33,BCM,0.0,0.0,1405800514.4583883,-2893
56,4499,29,FundamentalTrader,33,BCM,0.0,0.0,637514186.7892691,-1298
56,4499,81,ZeroIntelligenceTrader,33,BCM,0.0,0.0,114425623.26986884,-181
56,4499,73,ZeroIntelligenceTrader,101,NBCM,0.0,0.0,62501390.86169305,-92
56,4499,78,ZeroIntelligenceTrader,102,NBCM,0.0,0.0,137503059.8957247,-236
56,4499,79,ZeroIntelligenceTrader,102,NBCM,0.0,0.0,70674649.66668369,-135
56,4499,44,MomentumTrader,103,NBCM,0.0,0.0,222120327.52386302,-374
57,5339,20,FundamentalTrader,33,BCM,0.0,0.0,503134437.06499475,1238
57,5339,19,FundamentalTrader,34,BCM,0.0,0.0,748605519.4456545,1842
58,13559,25,FundamentalTrader,32,BCM,0.0,0.0,1413850568.7217112,-3272
58,13679,4,FundamentalTrader,31,BCM,0.0,0.0,1009326488.8226066,-2267
58,13739,13,FundamentalTrader,30,BCM,0.0,0.0,1654771706.1471593,-3673
59,14459,20,FundamentalTrader,33,BCM,0.0,0.0,291168327.2782593,781
59,14459,19,FundamentalTrader,34,BCM,0.0,0.0,479943700.5903789,1289
59,14879,26,FundamentalTrader,32,BCM,0.0,0.0,328644078.1269225,877
59,14879,21,FundamentalTrader,32,BCM,0.0,0.0,204980970.05179775,543
59,14879,3,FundamentalTrader,34,BCM,0.0,0.0,246202006.0768393,657
59,14879,23,FundamentalTrader,102,NBCM,0.0,0.0,126286264.91308197,337
59,14999,5,FundamentalTrader,34,BCM,0.0,0.0,695764342.252677,1930
59,15059,2,FundamentalTrader,30,BCM,0.0,0.0,260559549.61613852,731
59,15059,12,FundamentalTrader,30,BCM,0.0,0.0,449117691.5408133,1260
59,15059,17,FundamentalTrader,30,BCM,0.0,0.0,191409682.8233466,537
59,15059,6,FundamentalTrader,31,BCM,0.0,0.0,901086923.9802984,2528
59,15059,14,FundamentalTrader,31,BCM,0.0,0.0,340046252.1666158,954
59,15059,24,FundamentalTrader,31,BCM,0.0,0.0,61664571.93377833,173
59,15059,18,FundamentalTrader,34,BCM,0.0,0.0,638032276.0778221,1790
59,15059,0,FundamentalTrader,100,NBCM,0.0,0.0,767777386.9673903,2154
59,15059,11,FundamentalTrader,102,NBCM,0.0,0.0,235965009.36509398,662
59,15059,28,FundamentalTrader,104,NBCM,0.0,0.0,145428585.83226335,408
59,15119,15,FundamentalTrader,101,NBCM,0.0,0.0,732984004.4762057,2102
59,15239,22,FundamentalTrader,32,BCM,0.0,0.0,363271190.7055865,898
59,15239,8,FundamentalTrader,33,BCM,0.0,0.0,1067062501.6516253,2861
59,15239,1,FundamentalTrader,33,BCM,0.0,0.0,127928150.32034513,343
59,15239,9,FundamentalTrader,101,NBCM,0.0,0.0,99209585.96271662,266
59,15239,27,FundamentalTrader,103,NBCM,0.0,0.0,110025668.64286242,274
59,15239,10,FundamentalTrader,104,NBCM,0.0,0.0,40280583.77433608,97
60,3119,23,FundamentalTrader,102,NBCM,0.0,0.0,435235964.0846495,916
60,3179,2,FundamentalTrader,30,BCM,0.0,0.0,883573598.0006822,1809
60,3179,24,FundamentalTrader,31,BCM,0.0,0.0,246923470.92260388,523
60,3179,26,FundamentalTrader,32,BCM,0.0,0.0,953700595.1504011,2020
60,3179,21,FundamentalTrader,32,BCM,0.0,0.0,698278802.0927938,1462
60,3179,20,FundamentalTrader,33,BCM,0.0,0.0,724245897.5053046,1534
60,3179,19,FundamentalTrader,34,BCM,0.0,0.0,1101476974.4979634,2333
60,3179,9,FundamentalTrader,101,NBCM,0.0,0.0,434358686.9001828,907
60,3179,11,FundamentalTrader,102,NBCM,0.0,0.0,773143236.7340759,1578
60,3179,27,FundamentalTrader,103,NBCM,0.0,0.0,479161851.3641511,990
60,3179,28,FundamentalTrader,104,NBCM,0.0,0.0,576941647.1652428,1192
60,3179,10,FundamentalTrader,104,NBCM,0.0,0.0,205376118.26258639,435
60,3239,17,FundamentalTrader,30,BCM,0.0,0.0,622299979.2681817,1265
60,3239,3,FundamentalTrader,34,BCM,0.0,0.0,709372782.6914766,1442
60,3539,14,FundamentalTrader,31,BCM,0.0,0.0,794287941.8337975,1397
60,3539,16,FundamentalTrader,34,BCM,0.0,0.0,281047651.37637675,463
60,15539,12,FundamentalTrader,30,BCM,0.0,0.0,185549002.0300928,549
60,15539,6,FundamentalTrader,31,BCM,0.0,0.0,368774492.4068571,1026
60,15539,22,FundamentalTrader,32,BCM,0.0,0.0,236002397.93094096,646
60,15539,1,FundamentalTrader,33,BCM,0.0,0.0,52444977.317986876,136
60,15539,5,FundamentalTrader,34,BCM,0.0,0.0,286455793.8317891,830
60,15539,18,FundamentalTrader,34,BCM,0.0,0.0,235006607.2223716,675
60,15539,0,FundamentalTrader,100,NBCM,0.0,0.0,292098607.8470155,846
60,15539,15,FundamentalTrader,101,NBCM,0.0,0.0,310686701.0736438,881
60,15599,13,FundamentalTrader,30,BCM,0.0,0.0,2290624598.639312,7776
60,15599,8,FundamentalTrader,33,BCM,0.0,0.0,426840926.36681616,1449
60,15599,7,FundamentalTrader,33,BCM,0.0,0.0,1054288250.8397758,3579
60,15599,29,FundamentalTrader,33,BCM,0.0,0.0,199428093.27145243,677
60,15599,76,ZeroIntelligenceTrader,34,BCM,0.0,0.0,48015922.01365841,163
61,13259,19,FundamentalTrader,34,BCM,0.0,0.0,349674235.67713326,1038
61,13679,26,FundamentalTrader,32,BCM,0.0,0.0,248496026.94704774,802
61,13679,21,FundamentalTrader,32,BCM,0.0,0.0,171344517.3338122,553
61,13679,20,FundamentalTrader,33,BCM,0.0,0.0,159880236.7888736,516
61,13799,24,FundamentalTrader,31,BCM,0.0,0.0,55744996.73170112,187
61,13799,3,FundamentalTrader,34,BCM,0.0,0.0,160378653.69869092,538
61,13799,9,FundamentalTrader,101,NBCM,0.0,0.0,101056437.92538331,339
61,13799,23,FundamentalTrader,102,NBCM,0.0,0.0,81083631.60974708,272
61,13799,28,FundamentalTrader,104,NBCM,0.0,0.0,132357104.5394401,444
61,13799,10,FundamentalTrader,104,NBCM,0.0,0.0,42628526.91247733,143
61,13859,5,FundamentalTrader,34,BCM,0.0,0.0,480377956.45306915,1615
61,13919,2,FundamentalTrader,30,BCM,0.0,0.0,207197333.47724095,703
61,13919,12,FundamentalTrader,30,BCM,0.0,0.0,350732328.36119026,1190
61,13919,17,FundamentalTrader,30,BCM,0.0,0.0,155029583.79662693,526
61,13919,6,FundamentalTrader,31,BCM,0.0,0.0,538182547.552549,1826
61,13919,14,FundamentalTrader,31,BCM,0.0,0.0,226060248.615994,767
61,13919,8,FundamentalTrader,33,BCM,0.0,0.0,727106431.9891227,2467
61,13919,0,FundamentalTrader,100,NBCM,0.0,0.0,331574680.17339414,1125
61,13919,15,FundamentalTrader,101,NBCM,0.0,0.0,408500005.97362155,1386
61,13919,11,FundamentalTrader,102,NBCM,0.0,0.0,193344880.17221916,656
61,13919,27,FundamentalTrader,103,NBCM,0.0,0.0,116714287.42103474,396
61,14039,22,FundamentalTrader,32,BCM,0.0,0.0,199249937.48194763,684
61,14039,7,FundamentalTrader,33,BCM,0.0,0.0,1095449514.0365968,3865
61,14039,18,FundamentalTrader,34,BCM,0.0,0.0,154184873.3857461,532
61,14099,29,FundamentalTrader,33,BCM,0.0,0.0,268441800.2100696,997
61,14099,1,FundamentalTrader,33,BCM,0.0,0.0,51426663.83161816,191
62,12119,20,FundamentalTrader,33,BCM,0.0,0.0,181116433.9946049,655
62,14879,19,FundamentalTrader,34,BCM,0.0,0.0,177891111.7157237,655
62,15899,3,FundamentalTrader,34,BCM,0.0,0.0,85777641.13751653,306
63,4259,56,MomentumTrader,31,BCM,0.0,0.0,200253596.543021,-347
63,4259,48,MomentumTrader,32,BCM,0.0,0.0,166318906.62472415,-278
63,4259,52,MomentumTrader,34,BCM,0.0,0.0,127539034.1095321,-221
63,4319,4,FundamentalTrader,31,BCM,0.0,0.0,1430214416.4374516,-2312
63,4319,25,FundamentalTrader,32,BCM,0.0,0.0,1879940143.4054565,-3039
63,4319,44,MomentumTrader,103,NBCM,0.0,0.0,296311723.820735,-479
63,5639,19,FundamentalTrader,34,BCM,0.0,0.0,987647021.6757262,1654
63,5639,23,FundamentalTrader,102,NBCM,0.0,0.0,363052835.05371314,608
63,6659,20,FundamentalTrader,33,BCM,0.0,0.0,587061025.4087172,1051
63,7079,9,FundamentalTrader,101,NBCM,0.0,0.0,302650881.76509875,558
64,14819,27,FundamentalTrader,103,NBCM,0.0,0.0,921546676.6743,2197
64,14879,19,FundamentalTrader,34,BCM,0.0,0.0,618744903.7765982,1497
64,15059,20,FundamentalTrader,33,BCM,0.0,0.0,358299853.3286968,900
65,3899,4,FundamentalTrader,31,BCM,0.0,0.0,1318120624.4161286,-2901
65,4799,25,FundamentalTrader,32,BCM,0.0,0.0,1681708261.5258546,-3485
65,12539,19,FundamentalTrader,34,BCM,0.0,0.0,577097813.7684504,1709
67,14099,71,ZeroIntelligenceTrader,32,BCM,0.0,0.0,38189110.44099373,-70
68,14879,19,FundamentalTrader,34,BCM,0.0,0.0,281307944.0255543,1030
70,5579,19,FundamentalTrader,34,BCM,0.0,0.0,1094666434.8872898,2185
70,5879,20,FundamentalTrader,33,BCM,0.0,0.0,657732344.8581719,1331
70,5879,23,FundamentalTrader,102,NBCM,0.0,0.0,350362308.41806453,709
71,2039,13,FundamentalTrader,30,BCM,0.0,0.0,1529540746.3135393,-2491
71,2039,4,FundamentalTrader,31,BCM,0.0,0.0,997047569.3256322,-1629
71,2039,25,FundamentalTrader,32,BCM,0.0,0.0,1377749587.815837,-2251
71,2039,7,FundamentalTrader,33,BCM,0.0,0.0,1148838727.8233342,-1865
71,2099,6,FundamentalTrader,31,BCM,0.0,0.0,1289473987.020521,-1904
71,2099,22,FundamentalTrader,32,BCM,0.0,0.0,702302796.502248,-1037
71,2099,8,FundamentalTrader,33,BCM,0.0,0.0,1244098589.3680131,-1837
71,2099,29,FundamentalTrader,33,BCM,0.0,0.0,524187429.59762776,-774
71,2099,18,FundamentalTrader,34,BCM,0.0,0.0,805243997.1467433,-1165
71,2099,0,FundamentalTrader,100,NBCM,0.0,0.0,946014618.303635,-1320
71,2099,15,FundamentalTrader,101,NBCM,0.0,0.0,1046343124.9720088,-1545
71,2159,65,ZeroIntelligenceTrader,30,BCM,0.0,0.0,127461855.69202724,-168
71,2159,95,ZeroIntelligenceTrader,30,BCM,0.0,0.0,103942108.51076032,-137
71,2159,1,FundamentalTrader,33,BCM,0.0,0.0,292100085.9608958,-385
71,2159,74,ZeroIntelligenceTrader,33,BCM,0.0,0.0,125185751.12609822,-149
71,2159,81,ZeroIntelligenceTrader,33,BCM,0.0,0.0,149550619.58435023,-145
71,2159,64,ZeroIntelligenceTrader,33,BCM,0.0,0.0,104410481.68768777,-109
71,2159,68,ZeroIntelligenceTrader,33,BCM,0.0,0.0,43245986.7526521,-36
71,2159,99,ZeroIntelligenceTrader,34,BCM,0.0,0.0,111529123.73052384,-147
71,2159,85,ZeroIntelligenceTrader,34,BCM,0.0,0.0,59937420.23613186,-79
71,2159,88,ZeroIntelligenceTrader,100,NBCM,0.0,0.0,74352749.15368257,-98
71,2159,73,ZeroIntelligenceTrader,101,NBCM,0.0,0.0,64447318.85707151,-68
71,2159,87,ZeroIntelligenceTrader,101,NBCM,0.0,0.0,111365828.5251974,-132
71,2159,97,ZeroIntelligenceTrader,101,NBCM,0.0,0.0,141877184.60957795,-187
71,2159,78,ZeroIntelligenceTrader,102,NBCM,0.0,0.0,122909646.56016913,-154
71,2159,66,ZeroIntelligenceTrader,102,NBCM,0.0,0.0,91802884.15913868,-101
71,2159,79,ZeroIntelligenceTrader,102,NBCM,0.0,0.0,68283136.97787175,-83
71,2159,89,ZeroIntelligenceTrader,103,NBCM,0.0,0.0,93320287.20309137,-106
71,2159,80,ZeroIntelligenceTrader,104,NBCM,0.0,0.0,85733271.98332785,-113
73,11759,19,FundamentalTrader,34,BCM,0.0,0.0,400341189.8906235,1150
73,11819,20,FundamentalTrader,33,BCM,0.0,0.0,262036068.63834026,746
73,14879,23,FundamentalTrader,102,NBCM,0.0,0.0,88027380.9628206,249
73,15779,63,ZeroIntelligenceTrader,31,BCM,0.0,0.0,33017047.935041152,-94
73,15779,69,ZeroIntelligenceTrader,31,BCM,0.0,0.0,118867458.69696839,-324
73,15779,71,ZeroIntelligenceTrader,32,BCM,0.0,0.0,23227951.956730917,-55
73,15779,81,ZeroIntelligenceTrader,33,BCM,0.0,0.0,60533450.55390482,-172
73,15779,90,ZeroIntelligenceTrader,101,NBCM,0.0,0.0,21820197.29268662,-61
73,15779,79,ZeroIntelligenceTrader,102,NBCM,0.0,0.0,56081202.63013046,-126
73,15779,89,ZeroIntelligenceTrader,103,NBCM,0.0,0.0,25545827.102273192,-70
73,15839,85,ZeroIntelligenceTrader,34,BCM,0.0,0.0,66695530.55231048,-146
73,15839,52,MomentumTrader,34,BCM,0.0,0.0,280943501.98404765,-615
73,15839,82,ZeroIntelligenceTrader,101,NBCM,0.0,0.0,148922896.98666587,-326
74,10559,19,FundamentalTrader,34,BCM,0.0,0.0,359403063.624735,1123
74,10919,20,FundamentalTrader,33,BCM,0.0,0.0,219494719.2668212,717
74,12539,8,FundamentalTrader,33,BCM,0.0,0.0,657545585.1376396,2255
75,4859,19,FundamentalTrader,34,BCM,0.0,0.0,479941898.97632474,1387
75,5159,20,FundamentalTrader,33,BCM,0.0,0.0,302425810.169736,909
75,16259,24,FundamentalTrader,31,BCM,0.0,0.0,15684330.47100547,75
77,9179,19,FundamentalTrader,34,BCM,0.0,0.0,562393495.2847483,1168
77,9239,20,FundamentalTrader,33,BCM,0.0,0.0,352477591.7842358,737
78,1079,13,FundamentalTrader,30,BCM,0.0,0.0,1411896582.5016642,-2215
78,1079,4,FundamentalTrader,31,BCM,0.0,0.0,872634953.2482067,-1369
78,1079,25,FundamentalTrader,32,BCM,0.0,0.0,1148002593.7180574,-1801
78,1079,7,FundamentalTrader,33,BCM,0.0,0.0,1040820616.0748601,-1598
78,11579,19,FundamentalTrader,34,BCM,0.0,0.0,531215903.24403816,1323
78,11699,27,FundamentalTrader,103,NBCM,0.0,0.0,612080036.8176953,1548
78,12059,20,FundamentalTrader,33,BCM,0.0,0.0,313776503.81330776,820
78,12479,11,FundamentalTrader,102,NBCM,0.0,0.0,1179057578.2001534,3220
78,14459,2,FundamentalTrader,30,BCM,0.0,0.0,990503062.2072537,3160
78,14459,23,FundamentalTrader,102,NBCM,0.0,0.0,128828088.1541713,411
80,9419,20,FundamentalTrader,33,BCM,0.0,0.0,356387728.113175,1014
80,9419,19,FundamentalTrader,34,BCM,0.0,0.0,586950203.1055248,1670
