member_id,is_banking,is_client,deficit,level,L1_own_df,L2_sitg,L3_pooled_df,L4_survivor_cash,L5_ccp_cash,mutualised,regime,seed,margin
102,False,False,958889936.3181291,3,228536154.92368767,379238859.12000006,351114922.2744413,0.0,0.0,351114922.2744413,stressed,53,reactive
102,False,False,841399510.8715863,3,204424054.44419658,260514025.2,376461431.22738975,0.0,0.0,376461431.22738975,stressed,57,reactive
104,False,False,1454225428.0801253,3,214937330.96064997,345778975.08,893509122.0394754,0.0,0.0,893509122.0394754,stressed,69,reactive
101,False,False,1089259740.276978,3,330373657.29326445,475553760.66,283332322.3237136,0.0,0.0,283332322.3237136,stressed,72,reactive
102,False,False,676110081.1696651,3,190465274.611032,318446428.08,167198378.4786331,0.0,0.0,167198378.4786331,stressed,73,reactive
101,False,False,793753584.6925137,3,219219573.88312697,390068495.52000004,184465515.2893867,0.0,0.0,184465515.2893867,stressed,76,reactive
100,False,False,966912985.0733548,3,255092663.1008535,445362270.54,266458051.43250126,0.0,0.0,266458051.43250126,stressed,78,reactive
103,False,False,745192860.6537331,3,199041907.3434256,375621653.22,170529300.09030747,0.0,0.0,170529300.09030747,stressed,82,reactive
101,False,False,1006119497.7122242,3,249233867.08313248,384365021.04,372520609.5890917,0.0,0.0,372520609.5890917,stressed,85,reactive
103,False,False,812641979.8737634,3,259960506.60929203,501777264.78000003,50904208.48447138,0.0,0.0,50904208.48447138,stressed,93,reactive
100,False,False,1216250690.8417497,3,311222953.35250956,410911712.64000005,494116024.8492401,0.0,0.0,494116024.8492401,stressed,95,reactive
102,False,False,1153869467.675098,3,260469626.29165766,291083745.47999996,602316095.9034402,0.0,0.0,602316095.9034402,stressed,98,reactive
100,False,False,301544307.8608142,2,158576537.7416463,142967770.11916792,0.0,0.0,0.0,0.0,stressed,104,reactive
100,False,False,877430112.9533215,3,284714898.6547177,465977797.56000006,126737416.73860371,0.0,0.0,126737416.73860371,stressed,106,reactive
101,False,False,1284743955.215888,3,333397748.0364572,364205427.96000004,587140779.2194308,0.0,0.0,587140779.2194308,stressed,107,reactive
104,False,False,752689753.6348462,3,170112008.98929054,356275417.74000007,226302326.90555567,0.0,0.0,226302326.90555567,stressed,108,reactive
101,False,False,699401161.907688,3,211217267.99803698,326100453.36,162083440.54965103,0.0,0.0,162083440.54965103,stressed,113,reactive
103,False,False,305963366.87319106,2,226272733.61986548,79690633.25332558,0.0,0.0,0.0,0.0,stressed,116,reactive
101,False,False,825232293.5125374,3,237375480.51809418,349799650.2,238057162.7944432,0.0,0.0,238057162.7944432,stressed,116,reactive
100,False,False,2678323464.5724306,3,876603093.5746139,388766533.32000005,1412953837.6778164,0.0,0.0,1412953837.6778164,stressed,118,reactive
104,False,False,1092854382.0541177,3,220937068.51255342,0.0,871917313.5415642,0.0,0.0,871917313.5415642,stressed,118,reactive
102,False,False,322894412.9256311,2,144099675.771599,178794737.1540321,0.0,0.0,0.0,0.0,stressed,119,reactive
100,False,False,594849717.482501,2,186243787.4041493,408605930.07835174,0.0,0.0,0.0,0.0,stressed,119,reactive
100,False,False,1080369405.8049958,3,210163665.13842914,273144416.15999997,597061324.5065666,0.0,0.0,597061324.5065666,stressed,120,reactive
101,False,False,1032230612.2034509,3,270359047.30774146,397279165.14000005,364592399.75570947,0.0,0.0,364592399.75570947,stressed,123,reactive
100,False,False,1233073630.1724885,3,282666941.28383654,356423667.6,593983021.2886518,0.0,0.0,593983021.2886518,stressed,125,reactive
101,False,False,941055439.0208211,3,287775746.2616005,420194429.82000005,233085262.93922055,0.0,0.0,233085262.93922055,stressed,129,reactive
102,False,False,826859436.0573151,3,191494885.23125884,378760905.6,256603645.22605622,0.0,0.0,256603645.22605622,stressed,134,reactive
101,False,False,939032682.9674281,3,306094539.1481576,412748281.44000006,220189862.37927043,0.0,0.0,220189862.37927043,stressed,135,reactive
100,False,False,916709101.941704,3,262059284.29738918,426315795.84000003,228334021.80431485,0.0,0.0,228334021.80431485,stressed,135,reactive
101,False,False,805322401.6123388,3,240035217.98605856,307699692.3,257587491.32628018,0.0,0.0,257587491.32628018,stressed,137,reactive
100,False,False,988750893.5464904,3,288150263.1840737,408146527.8000001,292454102.5624167,0.0,0.0,292454102.5624167,stressed,142,reactive
100,False,False,290025105.05017227,2,282099245.6311995,7925859.41897279,0.0,0.0,0.0,0.0,stressed,149,reactive
103,False,False,910641381.5555314,3,250833711.61142766,378174235.56000006,281633434.38410366,0.0,0.0,281633434.38410366,stressed,149,reactive
103,False,False,1015942925.7303195,3,368865243.9299737,359175388.44000006,287902293.3603457,0.0,0.0,287902293.3603457,stressed,157,reactive
100,False,False,1275940627.3002057,3,285214831.21520966,311832892.8,678892903.284996,0.0,0.0,678892903.284996,stressed,160,reactive
104,False,False,1073066795.5844295,3,342414308.7913907,348085366.2,382567120.59303886,0.0,0.0,382567120.59303886,stressed,162,reactive
103,False,False,1100375209.1684957,3,694252359.6678693,361436420.40000004,44686429.10062629,0.0,0.0,44686429.10062629,stressed,166,reactive
101,False,False,1013395658.7775679,3,548779080.6983874,378213411.84000003,86403166.23918045,0.0,0.0,86403166.23918045,stressed,168,reactive
102,False,False,940212806.3405213,3,255890033.43982816,366680034.6,317642738.30069315,0.0,0.0,317642738.30069315,stressed,168,reactive
101,False,False,961769000.5856112,3,240184104.54636276,370592323.20000005,350992572.8392484,0.0,0.0,350992572.8392484,stressed,171,reactive
102,False,False,939207565.215069,3,204491137.8216535,0.0,734716427.3934156,0.0,0.0,734716427.3934156,stressed,171,reactive
103,False,False,817598346.1617645,3,286290544.02082926,380085334.20000005,151222467.9409352,0.0,0.0,151222467.9409352,stressed,176,reactive
104,False,False,1080612950.655869,3,478372406.8607274,384622345.8000001,217618197.9951415,0.0,0.0,217618197.9951415,stressed,178,reactive
101,False,False,1521297209.3562598,3,732929574.8649486,414094689.36,374272945.1313112,0.0,0.0,374272945.1313112,stressed,178,reactive
101,False,False,991546506.9746159,3,287395466.1653759,330858809.15999997,373292231.64924014,0.0,0.0,373292231.64924014,stressed,182,reactive
103,False,False,992657128.6699778,3,283163928.0280384,408529341.00000006,300963859.64193934,0.0,0.0,300963859.64193934,stressed,185,reactive
102,False,False,807667677.6534102,3,212200492.609014,414481023.00000006,180986162.0443961,0.0,0.0,180986162.0443961,stressed,185,reactive
103,False,False,1264843750.446598,3,302254788.7656327,387072606.36,575516355.3209654,0.0,0.0,575516355.3209654,stressed,186,reactive
104,False,False,1121398652.857961,3,274717766.1670052,364730770.8000001,481950115.8909557,0.0,0.0,481950115.8909557,stressed,186,reactive
104,False,False,1752811308.2261086,3,590831377.1237041,467194510.86,694785420.2424046,0.0,0.0,694785420.2424046,stressed,126,flat04
101,False,False,2148867148.9389014,3,524078250.8597219,405709191.36,1219079706.7191796,0.0,0.0,1219079706.7191796,stressed,168,flat04
103,False,False,634093127.413723,3,146949861.17160702,347579395.02,139563871.222116,0.0,0.0,139563871.222116,stressed,45,flat08
104,False,False,774039411.7911572,3,277206587.5044752,359661441.48,137171382.80668205,0.0,0.0,137171382.80668205,stressed,46,flat08
102,False,False,758223692.3377074,3,204556222.20373186,407655882.48,146011587.6539755,0.0,0.0,146011587.6539755,stressed,47,flat08
101,False,False,812934847.3169328,3,208092443.51354086,365550609.6,239291794.2033919,0.0,0.0,239291794.2033919,stressed,49,flat08
102,False,False,950029011.6546423,3,227724310.2602006,352934602.02,369370099.37444174,0.0,0.0,369370099.37444174,stressed,53,flat08
102,False,False,1028413168.94308,3,242575472.5156903,359910572.34000003,425927124.0873896,0.0,0.0,425927124.0873896,stressed,57,flat08
100,False,False,894156890.1599164,3,254798603.81859425,388500636.48,250857649.86132216,0.0,0.0,250857649.86132216,stressed,58,flat08
101,False,False,1084257060.056074,3,278407335.5562633,367861000.32000005,437988724.1798105,0.0,0.0,437988724.1798105,stressed,60,flat08
104,False,False,827032362.4986825,3,220674345.3792075,361299638.70000005,245058378.41947496,0.0,0.0,245058378.41947496,stressed,69,flat08
104,False,False,971046773.3487843,3,300754609.07127744,438108456.06000006,232183708.21750677,0.0,0.0,232183708.21750677,stressed,72,flat08
101,False,False,838011835.105184,3,320651838.7346068,491615724.6,25744271.770577133,0.0,0.0,25744271.770577133,stressed,72,flat08
102,False,False,1090553841.4515045,3,239333954.89287096,351693621.84,499526264.7186336,0.0,0.0,499526264.7186336,stressed,73,flat08
100,False,False,998512658.710018,3,262732936.73751646,489798342.00000006,245981379.97250146,0.0,0.0,245981379.97250146,stressed,78,flat08
103,False,False,968495533.8392615,3,233790220.52895424,407938394.16,326766919.15030724,0.0,0.0,326766919.15030724,stressed,82,flat08
101,False,False,981042264.0205469,3,251936233.39145556,393039112.62000006,336066918.0090913,0.0,0.0,336066918.0090913,stressed,85,flat08
100,False,False,2811181198.8139477,3,779903754.443017,391252308.48,1640025135.8909307,0.0,0.0,1640025135.8909307,stressed,89,flat08
103,False,False,839322422.3626008,3,268023589.09812963,475344495.12000006,95954338.14447111,0.0,0.0,95954338.14447111,stressed,93,flat08
100,False,False,1120767778.569873,3,347245241.0806319,394507483.26000005,379015054.2292411,0.0,0.0,379015054.2292411,stressed,95,flat08
104,False,False,563542981.9521443,1,563542981.9521443,0.0,0.0,0.0,0.0,0.0,stressed,97,flat08
103,False,False,751033583.1698935,2,281043521.4127999,469990061.7570936,0.0,0.0,0.0,0.0,stressed,105,flat08
104,False,False,918809061.4124672,3,343107617.66172636,445041648.48,130659795.27074087,0.0,0.0,130659795.27074087,stressed,105,flat08
100,False,False,980889891.8026211,3,263114277.5040174,483772784.22,234002830.07860374,0.0,0.0,234002830.07860374,stressed,106,flat08
102,False,False,1240262176.453605,3,357152678.09145695,0.0,883109498.362148,0.0,0.0,883109498.362148,stressed,106,flat08
101,False,False,1195672264.3606803,3,317386897.1812489,390836776.44000006,487448590.7394314,0.0,0.0,487448590.7394314,stressed,107,flat08
104,False,False,829743168.2602062,3,154305663.6146503,320603548.32,354833956.325556,0.0,0.0,354833956.325556,stressed,108,flat08
101,False,False,973376922.5408385,3,216907028.6311872,359052312.96000004,397417580.94965124,0.0,0.0,397417580.94965124,stressed,113,flat08
101,False,False,797013940.6587226,3,234131967.66427958,374937102.54,187944870.45444304,0.0,0.0,187944870.45444304,stressed,116,flat08
104,False,False,944307078.893461,3,217622337.14628765,386048657.28000003,340636084.4671733,0.0,0.0,340636084.4671733,stressed,118,flat08
100,False,False,768565410.54547,3,241101829.87890363,326306228.82,201157351.84656638,0.0,0.0,201157351.84656638,stressed,120,flat08
101,False,False,760226832.7201272,3,266413827.82441753,406528164.90000004,87284839.99570966,0.0,0.0,87284839.99570966,stressed,123,flat08
101,False,False,954721653.4466071,3,268754760.687386,422450697.24000007,263516195.519221,0.0,0.0,263516195.519221,stressed,129,flat08
101,False,False,2960619965.7146525,3,862022279.3307,449927492.52000004,1648670193.8639526,0.0,0.0,1648670193.8639526,stressed,133,flat08
102,False,False,565765762.092221,3,177191571.2661646,340948369.08,47625821.74605644,0.0,0.0,47625821.74605644,stressed,134,flat08
101,False,False,973945240.2195642,3,318810096.40029395,476045078.52000004,179090065.2992702,0.0,0.0,179090065.2992702,stressed,135,flat08
100,False,False,785885161.2498546,3,208635520.62017664,446884824.54,130364816.08967787,0.0,0.0,130364816.08967787,stressed,135,flat08
100,False,False,1181689462.9207954,3,322980912.5583788,403330490.64000005,455378059.7224166,0.0,0.0,455378059.7224166,stressed,142,flat08
100,False,False,758293106.9509592,3,193498697.09248704,380285334.00000006,184509075.85847205,0.0,0.0,184509075.85847205,stressed,143,flat08
103,False,False,3748502106.013463,3,982999654.2991754,256868841.9,2508633609.8142877,0.0,0.0,2508633609.8142877,stressed,158,flat08
100,False,False,1192021444.6859522,3,260477968.60095635,267175043.51999998,664368432.5649959,0.0,0.0,664368432.5649959,stressed,160,flat08
100,False,False,1067470070.2781005,3,324044904.83816546,420944804.28000003,322480361.15993494,0.0,0.0,322480361.15993494,stressed,164,flat08
100,False,False,749759798.7795408,3,229905144.2308975,391105975.26000005,128748679.28864324,0.0,0.0,128748679.28864324,stressed,166,flat08
104,False,False,1223643366.5912995,3,291287861.6539619,376847585.40000004,555507919.5373375,0.0,0.0,555507919.5373375,stressed,167,flat08
102,False,False,806778198.8781824,3,240720058.8557549,370385100.36,195673039.66242754,0.0,0.0,195673039.66242754,stressed,168,flat08
101,False,False,867774565.5361356,3,217482229.4968872,393989608.32000005,256302727.7192483,0.0,0.0,256302727.7192483,stressed,171,flat08
102,False,False,2112715637.5194097,3,573802688.2412783,303895388.28,1235017560.9981315,0.0,0.0,1235017560.9981315,stressed,173,flat08
103,False,False,1062677220.0910903,3,301627337.9501554,431725314.24000007,329324567.9009349,0.0,0.0,329324567.9009349,stressed,176,flat08
100,False,False,917062719.9126892,3,308327038.0038658,470479231.20000005,138256450.70882344,0.0,0.0,138256450.70882344,stressed,181,flat08
103,False,False,979593675.5573256,3,299563394.91538656,475238522.88000005,204791757.761939,0.0,0.0,204791757.761939,stressed,185,flat08
102,False,False,827357279.2375575,3,214439786.1566581,502197640.56000006,110719852.52089942,0.0,0.0,110719852.52089942,stressed,185,flat08
104,False,False,859902152.4011943,3,225543485.0096817,360245622.00000006,274113045.3915126,0.0,0.0,274113045.3915126,stressed,186,flat08
103,False,False,869267920.2058847,3,274645247.8242784,340658734.68,253963937.70160633,0.0,0.0,253963937.70160633,stressed,186,flat08
101,False,False,885539275.7840664,3,191750486.81155598,339405313.5,354383475.47251046,0.0,0.0,354383475.47251046,stressed,188,flat08
103,False,False,1887867249.4962947,3,407368281.9718473,351846385.44,1128652582.0844474,0.0,0.0,1128652582.0844474,stressed,44,flat12
103,False,False,723666404.4469773,3,170390018.2048611,328006765.68,225269620.5621162,0.0,0.0,225269620.5621162,stressed,45,flat12
104,False,False,2709134509.115919,3,662702648.8141447,322206647.4,1724225212.9017744,0.0,0.0,1724225212.9017744,stressed,45,flat12
103,False,False,2988118830.111535,3,1118177689.161602,412435974.06000006,1457505166.889933,0.0,0.0,1457505166.889933,stressed,46,flat12
100,False,False,1008612600.6294386,3,253511255.6012108,406492592.88000005,348608752.14822775,0.0,0.0,348608752.14822775,stressed,46,flat12
101,False,False,546684341.2298412,3,179580737.4264494,339988214.94,27115388.863391817,0.0,0.0,27115388.863391817,stressed,49,flat12
100,False,False,2398919014.7922506,3,685132311.4581633,327242572.8,1386544130.5340874,0.0,0.0,1386544130.5340874,stressed,52,flat12
102,False,False,786893033.9198956,3,222121092.52545422,315914207.4,248857733.9944414,0.0,0.0,248857733.9944414,stressed,53,flat12
103,False,False,2285904068.554037,3,795027519.905682,427429648.8,1063446899.848355,0.0,0.0,1063446899.848355,stressed,54,flat12
100,False,False,2337271504.3601456,3,677410814.0990652,443337061.86,1216523628.4010801,0.0,0.0,1216523628.4010801,stressed,56,flat12
102,False,False,730845960.8932321,3,243767064.46584207,297138229.74,189940666.68739003,0.0,0.0,189940666.68739003,stressed,57,flat12
100,False,False,831703436.4432027,3,221906790.1018805,362030648.76000005,247765997.58132213,0.0,0.0,247765997.58132213,stressed,58,flat12
101,False,False,758056839.1986961,3,294285474.6988855,369039245.52000004,94732118.9798106,0.0,0.0,94732118.9798106,stressed,60,flat12
104,False,False,2199728563.4825263,3,626741787.8957943,309459249.0,1263527526.586732,0.0,0.0,1263527526.586732,stressed,67,flat12
102,False,False,853600577.6633949,3,328231470.0469908,300356842.5,225012265.11640412,0.0,0.0,225012265.11640412,stressed,70,flat12
104,False,False,867250517.0909905,3,238864272.81348416,368365169.70000005,260021074.5775063,0.0,0.0,260021074.5775063,stressed,72,flat12
101,False,False,588163655.9644419,3,194017610.0301384,378562726.08000004,15583319.85430348,0.0,0.0,15583319.85430348,stressed,72,flat12
102,False,False,679933106.7172165,3,205511300.1585835,331486310.76,142935495.79863298,0.0,0.0,142935495.79863298,stressed,73,flat12
100,False,False,1758454695.2715847,3,800639771.3640177,321525184.86,636289739.047567,0.0,0.0,636289739.047567,stressed,73,flat12
101,False,False,768064596.0115014,3,216575145.20211482,332997466.56,218491984.2493866,0.0,0.0,218491984.2493866,stressed,76,flat12
102,False,False,1984970332.1170871,3,619519278.1970308,342912065.09999996,1022538988.8200564,0.0,0.0,1022538988.8200564,stressed,77,flat12
100,False,False,908050055.9032696,3,242837533.93076822,437304492.90000004,227908029.07250136,0.0,0.0,227908029.07250136,stressed,78,flat12
104,False,False,2137449827.3279586,3,517295992.8271097,350548247.28,1269605587.2208488,0.0,0.0,1269605587.2208488,stressed,79,flat12
101,False,False,3246744395.6739197,3,961976482.1609478,458777717.64000005,1825990195.8729718,0.0,0.0,1825990195.8729718,stressed,81,flat12
101,False,False,1031567397.0534983,3,260128886.42440668,339890215.5,431548295.1290916,0.0,0.0,431548295.1290916,stressed,85,flat12
100,False,False,3284979128.960058,3,947975269.8406966,414002639.82000005,1923001219.2993617,0.0,0.0,1923001219.2993617,stressed,86,flat12
102,False,False,2218538213.1627564,3,649787985.8509588,413805223.92,1154945003.3917975,0.0,0.0,1154945003.3917975,stressed,89,flat12
101,False,False,2488165785.039258,3,842487046.0671461,409688652.12000006,1235990086.8521118,0.0,0.0,1235990086.8521118,stressed,89,flat12
101,False,False,2171537956.1417975,3,492750266.96895796,320755010.4,1358032678.7728395,0.0,0.0,1358032678.7728395,stressed,90,flat12
103,False,False,715189882.6738182,3,225864809.40934688,336950386.74,152374686.52447134,0.0,0.0,152374686.52447134,stressed,93,flat12
102,False,False,841332381.4577143,3,272361220.0742739,313848630.47999996,255122530.90344054,0.0,0.0,255122530.90344054,stressed,98,flat12
101,False,False,2509797867.847562,3,929198513.7324015,298789365.59999996,1281809988.5151606,0.0,0.0,1281809988.5151606,stressed,98,flat12
101,False,False,2403821622.5372257,3,578229645.841886,350881534.08,1474710442.6153398,0.0,0.0,1474710442.6153398,stressed,100,flat12
101,False,False,1469347657.3067837,3,381549069.7042027,425104818.6,662693769.002581,0.0,0.0,662693769.002581,stressed,104,flat12
103,False,False,749430703.9189925,3,252448522.16189918,420698691.6,76283490.15709329,0.0,0.0,76283490.15709329,stressed,105,flat12
104,False,False,757824114.8562859,3,316934475.8567734,424135958.40000004,16753680.599512517,0.0,0.0,16753680.599512517,stressed,105,flat12
102,False,False,875002292.4444797,3,331502547.1450612,473573592.36,69926152.93941844,0.0,0.0,69926152.93941844,stressed,106,flat12
100,False,False,725294566.2727878,3,236046138.62932009,376694915.52000004,112553512.12346768,0.0,0.0,112553512.12346768,stressed,106,flat12
101,False,False,740343224.8174933,3,179656650.90784177,315972350.76,244714223.14965153,0.0,0.0,244714223.14965153,stressed,113,flat12
102,False,False,1688459541.2219574,3,435230439.803135,325730954.34,927498147.0788226,0.0,0.0,927498147.0788226,stressed,113,flat12
104,False,False,2531593765.5105896,3,868555779.1038697,454442650.20000005,1208595336.2067199,0.0,0.0,1208595336.2067199,stressed,114,flat12
101,False,False,2024199981.7986827,3,595889217.3452246,451621170.00000006,976689594.4534581,0.0,0.0,976689594.4534581,stressed,114,flat12
101,False,False,894477391.2925807,3,250083698.29813775,379218289.56000006,265175403.43444288,0.0,0.0,265175403.43444288,stressed,116,flat12
104,False,False,650025107.8219266,3,237794366.07475272,354008788.32,58221953.42717391,0.0,0.0,58221953.42717391,stressed,118,flat12
103,False,False,1703820725.6878881,3,405695709.087606,423332647.32000005,874792369.2802821,0.0,0.0,874792369.2802821,stressed,118,flat12
30,True,False,3256079316.6381426,3,2659903265.065423,426726696.00000006,169449355.5727195,0.0,0.0,169449355.5727195,stressed,119,flat12
100,False,False,799764513.8781018,3,199906778.401806,0.0,599857735.4762958,0.0,0.0,599857735.4762958,stressed,119,flat12
101,False,False,803264449.7252767,3,249609884.82956716,324471104.09999996,229183460.79570955,0.0,0.0,229183460.79570955,stressed,123,flat12
104,False,False,913995569.1665183,3,261352825.19016823,337124359.44,315518384.5363501,0.0,0.0,315518384.5363501,stressed,124,flat12
34,True,False,3601298552.309161,3,2997919304.9351463,429272457.24000007,174106790.1340148,0.0,0.0,174106790.1340148,stressed,126,flat12
104,False,False,1166115477.6687284,3,360520300.6427081,307265529.12,498329647.9060203,0.0,0.0,498329647.9060203,stressed,128,flat12
101,False,False,939980587.311294,3,266464494.55207312,367856775.00000006,305659317.7592208,0.0,0.0,305659317.7592208,stressed,129,flat12
101,False,False,2241903965.9496303,3,754133519.5656773,369427015.98,1118343430.403953,0.0,0.0,1118343430.403953,stressed,133,flat12
33,True,False,1023992103.999999,1,1023992103.999999,0.0,0.0,0.0,0.0,0.0,stressed,134,flat12
100,False,False,735179271.790807,3,198770755.92936683,398993453.1,137415062.76144016,0.0,0.0,137415062.76144016,stressed,135,flat12
101,False,False,833526504.3947179,3,208881560.76843804,340393187.64,284251755.98627985,0.0,0.0,284251755.98627985,stressed,137,flat12
100,False,False,1110198760.2619114,3,284255969.89949435,389252950.02000004,436689840.34241694,0.0,0.0,436689840.34241694,stressed,142,flat12
100,False,False,666258857.0292953,3,196051567.17082316,372972600.00000006,97234689.85847211,0.0,0.0,97234689.85847211,stressed,143,flat12
34,True,False,3305342700.091959,3,1969356035.8347826,390924551.16,945062113.0971763,0.0,0.0,945062113.0971763,stressed,147,flat12
103,False,False,1407398917.3119893,3,397505687.22395843,326468130.12,683425099.9680308,0.0,0.0,683425099.9680308,stressed,147,flat12
103,False,False,2385158954.163249,3,642776942.3551658,330594828.96,1411787182.848083,0.0,0.0,1411787182.848083,stressed,151,flat12
101,False,False,1085413700.4038842,2,923400121.7256309,162013578.6782533,0.0,0.0,0.0,0.0,stressed,153,flat12
102,False,False,2121463175.7022293,3,713661950.2979542,508567534.20000005,899233691.2042749,0.0,0.0,899233691.2042749,stressed,153,flat12
103,False,False,816607196.1142329,3,382927554.3138872,363990408.54,69689233.2603457,0.0,0.0,69689233.2603457,stressed,157,flat12
100,False,False,674050530.2038778,3,286411035.7862988,376962644.52000004,10676849.897578955,0.0,0.0,10676849.897578955,stressed,157,flat12
103,False,False,3069899898.5510516,3,859335486.836763,288211275.0,1922353136.7142887,0.0,0.0,1922353136.7142887,stressed,158,flat12
101,False,False,2391863800.0632763,3,724516960.9265491,307863761.03999996,1359483078.0967274,0.0,0.0,1359483078.0967274,stressed,158,flat12
100,False,False,647595665.1791899,3,260071669.09419402,278359713.06,109164283.02499586,0.0,0.0,109164283.02499586,stressed,160,flat12
101,False,False,993771788.2505618,3,224588730.928545,354118024.26,415065033.06201684,0.0,0.0,415065033.06201684,stressed,161,flat12
100,False,False,984939583.4011986,3,315162617.9612634,444096381.96000004,225680583.47993517,0.0,0.0,225680583.47993517,stressed,164,flat12
100,False,False,761503666.2926902,3,256992251.74404702,398281167.90000004,106230246.64864308,0.0,0.0,106230246.64864308,stressed,166,flat12
102,False,False,556323129.0043423,3,207504148.9819143,290516849.7,58302130.32242805,0.0,0.0,58302130.32242805,stressed,168,flat12
104,False,False,1314681623.7758615,3,299159276.4673713,330942409.38,684579937.9284903,0.0,0.0,684579937.9284903,stressed,168,flat12
101,False,False,813214671.2127521,3,218265375.17350376,329269096.2,265680199.83924836,0.0,0.0,265680199.83924836,stressed,171,flat12
103,False,False,745136572.1289046,3,234183569.9879694,341248361.52,169704640.6209352,0.0,0.0,169704640.6209352,stressed,176,flat12
100,False,False,787849835.11691,3,298705833.2080865,386378168.88000005,102765833.02882344,0.0,0.0,102765833.02882344,stressed,181,flat12
103,False,False,1161558182.4071004,3,290022301.76516116,432559119.3,438976761.3419393,0.0,0.0,438976761.3419393,stressed,185,flat12
102,False,False,741119685.5508672,3,199387298.08583578,378368912.46000004,163363475.00503135,0.0,0.0,163363475.00503135,stressed,185,flat12
104,False,False,782708477.9591136,3,187460330.56760052,278869747.2,316378400.1915131,0.0,0.0,316378400.1915131,stressed,186,flat12
103,False,False,2142647382.8052206,3,753161262.5093509,426418951.20000005,963067169.0958698,0.0,0.0,963067169.0958698,stressed,187,flat12
103,False,False,2073316836.3345146,3,471244842.81774896,341156581.92,1260915411.5967655,0.0,0.0,1260915411.5967655,stressed,188,flat12
102,False,False,2214381518.8567343,3,837843661.984778,331987900.86,1044549956.0119563,0.0,0.0,1044549956.0119563,stressed,188,flat12
100,False,False,2877470393.473652,3,896844099.2165831,417001700.28000003,1563624593.9770687,0.0,0.0,1563624593.9770687,stressed,190,flat12
