fund,im_regime,c,n,drawdown,client_def_mean,client_def_med,client_def_p90,cm_def_mean,nbcm_def_mean,deepest_mean,deepest_max,frac_l3,frac_l4,df_mean,ccp_used_mean
gbm,flat05,1.0,40,-16.492680497629415,1.0,1.0,2.1000000000000014,0.375,0.375,0.075,1,0.0,0.0,1518165483.4023566,-31556.25
gbm,flat05,1.25,40,-20.16743979304626,2.3,2.0,4.0,0.375,0.375,0.05,2,0.0,0.0,1526672768.0492902,-511746.58109760284
gbm,flat05,1.5,40,-23.6971898135206,6.65,6.5,11.0,0.425,0.425,0.025,1,0.0,0.0,1623458150.8465784,-733462.5
gbm,flat05,1.75,40,-27.057825133750935,15.25,15.0,19.0,0.525,0.525,0.05,1,0.0,0.0,1639839530.1680655,-1451990.625
gbm,flat05,2.0,40,-30.252024557342587,25.025,26.0,29.1,0.825,0.825,0.275,2,0.0,0.0,1690224249.3734682,-4531574.436804938
gbm,flat05,2.25,40,-33.3211996381455,47.325,47.0,54.1,1.15,1.15,0.95,3,0.05,0.0,1679291331.528975,823393.3854643821
gbm,flat05,2.5,40,-36.25044572679589,58.15,58.0,63.0,1.625,1.625,1.375,3,0.025,0.0,1683424082.414377,-18322349.998381257
gbm,flat05,2.75,40,-39.070980223974225,63.675,64.0,69.0,2.125,2.125,1.675,3,0.25,0.0,1697722241.8241422,-52211579.45260153
gbm,flat05,3.0,40,-41.722202357442924,67.05,66.0,73.1,2.225,2.225,2.175,4,0.475,0.025,1804704599.3788571,-81540817.14756732
gbm,flat05,3.5,40,-46.74634575147389,70.95,70.5,76.1,2.825,2.8,2.825,4,0.7,0.225,1778005346.4472408,-564858421.4142344
gbm,flat05,4.0,40,-51.30116466432743,74.675,74.0,79.0,3.225,3.1,3.025,4,0.8,0.275,2029303978.5132823,-1188999201.2242103
gbm,flat12,1.0,40,-16.49363648237293,0.95,1.0,2.1000000000000014,0.025,0.025,0.025,1,0.0,0.0,489432728.15227735,0.0
gbm,flat12,1.25,40,-20.16801634311871,2.175,2.0,4.0,0.025,0.025,0.025,1,0.0,0.0,505070323.7737786,-688050.0
gbm,flat12,1.5,40,-23.693446152579625,6.4,6.0,10.0,0.125,0.125,0.2,3,0.025,0.0,508214405.26933366,2740854.2990161898
gbm,flat12,1.75,40,-27.03487112575191,15.4,16.0,20.0,0.175,0.175,0.25,3,0.05,0.0,529880051.9800437,-16491003.421632718
gbm,flat12,2.0,40,-30.262493154796214,25.325,25.0,33.1,0.675,0.675,1.1,3,0.275,0.0,544363212.4531659,-2704966.309128976
gbm,flat12,2.25,40,-33.326674582471526,47.725,48.0,53.1,1.025,1.025,1.6,3,0.45,0.0,531843829.300121,-1275786.462715435
gbm,flat12,2.5,40,-36.27502941510139,57.925,57.0,63.0,1.325,1.325,2.075,4,0.475,0.05,522194645.7575649,-29739914.756147288
gbm,flat12,2.75,40,-39.041013352505736,63.075,64.0,67.1,1.7,1.7,2.525,4,0.675,0.15,546754235.7440293,-47319809.675606534
gbm,flat12,3.0,40,-41.72566170867867,67.425,67.0,72.1,2.2,2.2,3.175,4,0.9,0.4,540922663.8981577,-273898904.5454921
gbm,flat12,3.5,40,-46.72329740724184,71.6,71.0,77.1,2.475,2.475,3.125,4,0.85,0.5,613719834.4439136,-775192916.8874911
gbm,flat12,4.0,40,-51.300014634213085,74.275,74.0,79.1,3.05,3.025,3.525,4,0.925,0.65,585201915.2526697,-1274345780.944617
gbm,reactive,1.0,40,-16.489798373225973,0.65,0.0,1.1000000000000014,0.05,0.05,0.0,0,0.0,0.0,645839615.1583371,0.0
gbm,reactive,1.25,40,-20.178386035679374,2.425,2.0,4.0,0.075,0.075,0.075,2,0.0,0.0,631866724.3551389,616705.9690446854
gbm,reactive,1.5,40,-23.690562027049094,6.2,6.0,8.200000000000003,0.15,0.15,0.175,2,0.0,0.0,815184107.8968155,979828.2266323805
gbm,reactive,1.75,40,-27.045144488365914,16.15,15.0,21.0,0.3,0.3,0.375,2,0.0,0.0,1002589523.1389347,462562.3111814022
gbm,reactive,2.0,40,-30.261532393370793,26.5,27.0,33.2,0.725,0.725,0.9,3,0.1,0.0,1242722906.7072558,566039.5743464943
gbm,reactive,2.25,40,-33.3367567480156,47.15,47.5,54.0,1.225,1.225,1.65,3,0.225,0.0,1452453408.9023361,-6537816.02052393
gbm,reactive,2.5,40,-36.25898617476058,58.05,58.5,63.0,1.425,1.425,1.7,3,0.275,0.0,1607488405.6273894,-19267786.72824333
gbm,reactive,2.75,40,-39.04216841580718,63.2,63.0,68.1,2.15,2.15,2.25,4,0.5,0.025,1768160302.1105618,-9354032.943663549
gbm,reactive,3.0,40,-41.71922735614226,65.775,66.0,70.0,2.3,2.3,2.35,4,0.625,0.025,1952081300.1481042,-113710633.64209239
gbm,reactive,3.5,40,-46.74567233586677,71.6,71.5,76.1,2.875,2.875,2.9,4,0.825,0.15,2614795923.7054768,-611209501.1661708
gbm,reactive,4.0,40,-51.301649789109945,74.65,74.5,78.1,3.075,2.975,2.925,4,0.825,0.1,3253570316.4518294,-717303865.9003195
gbm,static,1.0,40,-16.491813567625176,0.7,0.0,2.0,0.025,0.025,0.05,2,0.0,0.0,510939857.69854486,286249.1585965395
gbm,static,1.25,40,-20.183096991923755,2.375,2.0,5.0,0.125,0.125,0.175,3,0.025,0.0,516932753.2616512,802541.5516572237
gbm,static,1.5,40,-23.68096029834428,6.525,6.0,9.100000000000001,0.075,0.075,0.125,3,0.025,0.0,545688505.2333506,1252364.3522251367
gbm,static,1.75,40,-27.051677517475248,15.675,15.5,21.0,0.175,0.175,0.3,3,0.025,0.0,558190624.859056,-5313736.427007723
gbm,static,2.0,40,-30.260953124046672,26.4,27.0,31.1,0.6,0.6,1.05,4,0.25,0.025,560803299.7005032,-5497889.070636106
gbm,static,2.25,40,-33.32763175117626,47.475,47.5,53.2,1.1,1.1,1.825,3,0.475,0.0,562343165.8854278,3234041.444447446
gbm,static,2.5,40,-36.254855847854444,57.8,59.0,62.1,1.225,1.225,2.125,4,0.5,0.05,543219570.502417,-33697195.43107667
gbm,static,2.75,40,-39.03284501422891,64.15,64.0,69.1,1.875,1.875,2.475,4,0.675,0.125,549667209.300881,-105583874.68914063
gbm,static,3.0,40,-41.733054435355136,66.175,66.5,71.1,2.05,2.05,3.025,4,0.8,0.35,602865270.5032742,-255386106.97213787
gbm,static,3.5,40,-46.742409129695645,71.825,71.5,76.1,2.75,2.75,3.375,4,0.9,0.55,653363272.9367905,-903844495.4097528
gbm,static,4.0,40,-51.31422578826001,73.75,74.0,76.0,3.0,2.95,3.55,4,0.975,0.6,620671767.6118809,-1083415617.1118968
kalman,flat05,1.0,40,-18.759965538546787,1.625,1.0,3.1000000000000014,0.3,0.3,0.0,0,0.0,0.0,1710968253.4883873,0.0
kalman,flat05,1.25,40,-22.877185717949164,6.3,6.0,11.0,0.35,0.35,0.025,1,0.0,0.0,1808132670.4693255,0.0
kalman,flat05,1.5,40,-26.779933715574593,12.0,12.0,15.100000000000001,0.425,0.425,0.1,1,0.0,0.0,1821427739.4980247,-358575.0
kalman,flat05,1.75,40,-30.48322432246647,17.625,18.0,21.0,0.475,0.475,0.15,2,0.0,0.0,1866254365.4460137,-4484607.168286299
kalman,flat05,2.0,40,-33.9971588029624,20.925,21.0,24.0,0.425,0.425,0.1,1,0.0,0.0,1902219485.1203637,-50128.125
kalman,flat05,2.25,40,-37.33878769670423,23.1,23.0,25.1,0.45,0.45,0.125,2,0.0,0.0,1887972024.8877857,141056.8516149521
kalman,flat05,2.5,40,-40.494084544485546,25.275,25.0,28.0,0.575,0.575,0.225,2,0.0,0.0,1917632917.3271377,-1303555.0632208108
kalman,flat05,2.75,40,-43.512035056808664,32.575,32.0,39.1,0.675,0.675,0.375,2,0.0,0.0,1947332769.4530208,835222.2751510382
kalman,flat05,3.0,40,-46.372245851326994,40.85,40.5,46.2,1.25,1.25,1.0,3,0.075,0.0,2150283132.806413,9146720.534826398
kalman,flat05,3.5,40,-51.64187489612048,47.375,48.0,53.1,2.5,2.5,1.875,3,0.125,0.0,2252627826.9802394,-29101431.273431182
kalman,flat05,4.0,40,-56.412478285620026,50.85,51.0,55.1,2.875,2.875,1.95,3,0.275,0.0,2229403816.0077543,-109211262.43761499
kalman,flat12,1.0,40,-18.760976192786412,1.675,1.0,4.0,0.0,0.0,0.0,0,0.0,0.0,539724253.3266575,0.0
kalman,flat12,1.25,40,-22.883129514439656,6.525,6.0,10.0,0.0,0.0,0.0,0,0.0,0.0,570998863.9747846,0.0
kalman,flat12,1.5,40,-26.790915091150982,13.1,13.0,17.0,0.05,0.05,0.1,2,0.0,0.0,589070937.0905828,1022518.1770876646
kalman,flat12,1.75,40,-30.479529594795157,17.75,18.0,20.0,0.175,0.175,0.225,2,0.0,0.0,610788517.8610814,-129656.00151081085
kalman,flat12,2.0,40,-33.98943370991599,20.575,21.0,23.0,0.1,0.1,0.125,2,0.0,0.0,606579320.7289385,-2499291.7884589196
kalman,flat12,2.25,40,-37.3363213573213,22.325,22.0,25.0,0.125,0.125,0.175,2,0.0,0.0,613410056.5469229,-511886.90466907027
kalman,flat12,2.5,40,-40.492176630504744,26.0,26.0,29.1,0.25,0.25,0.4,3,0.05,0.0,606167525.4639609,-4627.255381727218
kalman,flat12,2.75,40,-43.51046527555518,33.35,33.0,38.0,0.3,0.3,0.575,3,0.075,0.0,634480227.8132204,3845880.7874034643
kalman,flat12,3.0,40,-46.35890584263864,40.75,41.0,46.1,0.525,0.525,0.85,3,0.125,0.0,626397519.9440295,3021163.714952922
kalman,flat12,3.5,40,-51.64579799620104,46.275,46.0,51.0,1.825,1.825,2.025,3,0.475,0.0,653481277.6941462,-32829997.379017472
kalman,flat12,4.0,40,-56.4129269968099,50.675,50.5,55.1,2.425,2.425,2.575,4,0.675,0.05,682164077.7333729,-154889182.74676567
kalman,reactive,1.0,40,-18.761425201963103,1.8,1.0,4.0,0.0,0.0,0.0,0,0.0,0.0,689567439.2343855,0.0
kalman,reactive,1.25,40,-22.884131603039684,6.225,6.0,10.100000000000001,0.025,0.025,0.05,2,0.0,0.0,928799504.523522,8793.920945882797
kalman,reactive,1.5,40,-26.77309083201838,12.975,13.0,17.1,0.175,0.175,0.15,1,0.0,0.0,1186806675.364005,-744478.125
kalman,reactive,1.75,40,-30.47336037125232,17.3,18.0,21.0,0.325,0.325,0.3,2,0.0,0.0,1441854140.3633838,-3641797.6276214123
kalman,reactive,2.0,40,-33.99548831902761,20.675,20.5,23.0,0.4,0.4,0.35,2,0.0,0.0,1697190531.8935485,-6766356.96688435
kalman,reactive,2.25,40,-37.333296377323656,23.45,23.0,27.1,0.55,0.55,0.45,3,0.025,0.0,1921424462.7342649,-7091633.258750295
kalman,reactive,2.5,40,-40.497448614161705,26.775,26.5,31.0,0.675,0.675,0.525,2,0.0,0.0,2233976157.622018,-4655002.026418829
kalman,reactive,2.75,40,-43.509458006427366,33.875,33.0,39.0,1.125,1.125,0.8,2,0.0,0.0,2502092218.718399,3252348.149359369
kalman,reactive,3.0,40,-46.36440116848409,40.675,40.0,46.1,1.2,1.2,1.075,3,0.075,0.0,2644109206.814562,11415409.852339815
kalman,reactive,3.5,40,-51.63188692166593,47.05,47.0,52.1,2.7,2.7,2.05,3,0.275,0.0,3312512365.7402864,-47365935.3290015
kalman,reactive,4.0,40,-56.407212178656756,50.325,50.0,55.1,3.35,3.35,2.15,4,0.325,0.025,4045781693.539523,-109044926.17785199
kalman,static,1.0,40,-18.76288433588112,2.0,1.5,4.100000000000001,0.0,0.0,0.0,0,0.0,0.0,567562622.7240905,0.0
kalman,static,1.25,40,-22.877515938391948,6.7,7.0,10.0,0.025,0.025,0.0,0,0.0,0.0,606255956.4634017,0.0
kalman,static,1.5,40,-26.77398867471347,12.475,13.0,16.1,0.075,0.075,0.125,2,0.0,0.0,607635678.1049114,-2170975.1145787
kalman,static,1.75,40,-30.48031113907635,17.75,18.0,21.0,0.125,0.125,0.15,2,0.0,0.0,625578242.4197979,-3086219.7632896425
kalman,static,2.0,40,-33.99425269464599,20.25,20.0,23.0,0.1,0.1,0.1,1,0.0,0.0,630926873.0222803,-1790128.125
kalman,static,2.25,40,-37.33542454340942,22.925,23.0,25.0,0.1,0.1,0.1,1,0.0,0.0,637174818.1724026,-884371.875
kalman,static,2.5,40,-40.497784475504076,26.775,26.5,31.0,0.225,0.225,0.3,3,0.025,0.0,641930491.3636409,-2361741.475958705
kalman,static,2.75,40,-43.51034907052549,33.35,33.0,40.2,0.375,0.375,0.475,3,0.075,0.0,655080072.344734,-1555626.3008324862
kalman,static,3.0,40,-46.366083776771966,40.55,41.5,46.0,0.575,0.575,0.85,3,0.125,0.0,663103668.2127237,2297518.175939393
kalman,static,3.5,40,-51.647588487753794,46.575,46.5,51.0,1.95,1.95,2.5,3,0.625,0.0,696044445.6251919,-59918404.06340866
kalman,static,4.0,40,-56.41987863485805,50.0,50.0,54.0,2.275,2.275,2.525,4,0.7,0.025,741224968.3293492,-129989306.59175411
