regime,t,p50,p25,p75,im_frac
calm,59,874163691.0,837641385.0,909825567.75,0.04
calm,119,1699404741.0,1659294996.75,1777461981.75,0.04
calm,179,2509185870.0,2423779582.5,2603097708.75,0.04
calm,239,3365917762.5,3256559338.5,3519940779.0,0.04
calm,299,4201904889.0,4057798389.75,4350184461.0,0.04
calm,359,5003922816.0,4858587389.25,5154969980.25,0.04
calm,419,5671721362.5,5461887656.25,5832337079.25,0.04
calm,479,6319633338.0,6094840619.25,6537664689.75,0.04
calm,539,7036219386.0,6788378421.0,7264353082.5,0.04
calm,599,7812757755.0,7532929446.75,8036456737.5,0.04
calm,659,8473247955.0,8178370751.25,8799342624.0,0.04
calm,719,8991519885.0,8679441595.5,9378822705.75,0.04
calm,779,9553160848.5,9220293963.0,10001715981.75,0.04
calm,839,10096481115.0,9665620119.0,10525323980.25,0.04
calm,899,10647720504.0,10116354942.0,11061958072.5,0.04
calm,959,11127509239.5,10561190328.0,11569590276.75,0.04
calm,1019,11603059492.5,11062564308.0,12134647800.0,0.04
calm,1079,12075755877.0,11423869661.25,12720613610.25,0.04
calm,1139,12492862515.0,11906527203.0,13196225504.25,0.04
calm,1199,12886578882.0,12326443524.0,13589552045.25,0.04
calm,1259,13182777688.5,12543654726.0,13917561129.0,0.04
calm,1319,13505143932.0,12810712342.5,14279950586.25,0.04
calm,1379,13835374956.0,13048948788.75,14678739675.0,0.04
calm,1439,14105984571.0,13305018755.25,14952788851.5,0.04
calm,1499,14293683477.0,13406310081.0,15055095748.5,0.04
calm,1559,14555041677.0,13581682452.0,15265852980.75,0.04
calm,1619,14750105521.5,13817861822.25,15427177110.0,0.04
calm,1679,15061271220.0,14114360693.25,15811159500.0,0.04
calm,1739,15297807037.5,14324955144.75,16125110896.5,0.04
calm,1799,15434369626.5,14436904785.75,16207556186.25,0.04
calm,1859,15471474777.0,14430284311.5,16385104347.75,0.04
calm,1919,15510796870.5,14455246299.75,16469138549.25,0.04
calm,1979,15564470274.0,14494602026.25,16530693891.75,0.04
calm,2039,15736139559.0,14604302452.5,16649367675.75,0.04
calm,2099,15789807769.5,14653093986.0,16741787172.75,0.04
calm,2159,15894360324.0,14719549135.5,16824409708.5,0.04
calm,2219,16092885600.0,14802585975.0,17066406375.0,0.04
calm,2279,16276828635.0,14937779920.5,17260483257.0,0.04
calm,2339,16500247096.5,15255174615.75,17272808793.0,0.04
calm,2399,16574308069.5,15287565784.5,17338231644.75,0.04
calm,2459,16587231286.5,15383811908.25,17396120373.75,0.04
calm,2519,16751154361.5,15439933833.75,17569592435.25,0.04
calm,2579,16736635705.5,15488883274.5,17644257222.75,0.04
calm,2639,16843606686.0,15543293076.0,17712524110.5,0.04
calm,2699,16902371137.5,15581678548.5,17741325226.5,0.04
calm,2759,16995054591.0,15632143537.5,17816428212.75,0.04
calm,2819,16957503576.0,15633649464.75,17835419423.25,0.04
calm,2879,17021243380.5,15736811406.75,17866656695.25,0.04
calm,2939,17287732638.0,15910232852.25,18047145966.75,0.04
calm,2999,17319239370.0,15927305197.5,18122669763.75,0.04
calm,3059,17274195621.0,16107705879.75,18161065788.75,0.04
calm,3119,17403976417.5,16321181370.75,18202425457.5,0.04
calm,3179,17263964097.0,16379816035.5,18230791351.5,0.04
calm,3239,17299749357.0,16365554435.25,18326132660.25,0.04
calm,3299,17318785270.5,16414075518.75,18397868789.25,0.04
calm,3359,17394236145.0,16525359591.75,18370142696.25,0.04
calm,3419,17317395040.5,16523529331.5,18409837767.75,0.04
calm,3479,17315190486.0,16527922092.0,18419365575.0,0.04
calm,3539,17346895740.0,16585829433.0,18462641809.5,0.04
calm,3599,17453058862.5,16663876818.75,18511161642.0,0.04
calm,3659,17455124092.5,16649312649.75,18428406203.25,0.04
calm,3719,17510451511.5,16796092419.0,18627928823.25,0.04
calm,3779,17584862985.0,16768309398.75,18777697773.75,0.04
calm,3839,17672947897.5,16911082235.25,18813314868.75,0.04
calm,3899,17685536517.0,16979707485.0,18977280554.25,0.04
calm,3959,17693441847.0,17007330294.0,18982557137.25,0.04
calm,4019,17646878754.0,16956562682.25,18934011900.0,0.04
calm,4079,17703721849.5,16935858330.75,18902984035.5,0.04
calm,4139,17829672984.0,17131328878.5,19121896777.5,0.04
calm,4199,17858898900.0,17151247584.0,19220372948.25,0.04
calm,4259,17920433812.5,17213326632.0,19207980337.5,0.04
calm,4319,17998562299.5,17295023022.75,19230188883.75,0.04
calm,4379,18174139969.5,17398357114.5,19319656889.25,0.04
calm,4439,18128374546.5,17411495697.0,19283687059.5,0.04
calm,4499,18281517849.0,17551904784.75,19363479813.0,0.04
calm,4559,18336591117.0,17654333933.25,19525243320.0,0.04
calm,4619,18425941879.5,17639613546.75,19591712271.0,0.04
calm,4679,18504190489.5,17802150347.25,19752146487.0,0.04
calm,4739,18328274109.0,17655086034.0,19722481897.5,0.04
calm,4799,18327438009.0,17673438856.5,19709942820.75,0.04
calm,4859,18450431716.5,17758078524.0,19786575100.5,0.04
calm,4919,18304910928.0,17725877361.0,19747125821.25,0.04
calm,4979,18445828104.0,17773687653.75,19824836861.25,0.04
calm,5039,18502899147.0,17853516522.0,19786869918.0,0.04
calm,5099,18598756585.5,17906801206.5,19689780678.75,0.04
calm,5159,18716588950.5,17880636800.25,19771601460.75,0.04
calm,5219,18776377710.0,17908420902.75,19664125137.0,0.04
calm,5279,18720925560.0,17837278499.25,19702849533.75,0.04
calm,5339,18779629662.0,17855605824.75,19662440944.5,0.04
calm,5399,18794352393.0,17830594172.25,19589814535.5,0.04
calm,5459,18814055220.0,17833449577.5,19509074244.0,0.04
calm,5519,18895030812.0,17845761402.0,19538981129.25,0.04
calm,5579,18876494700.0,17892609192.0,19523438977.5,0.04
calm,5639,18822275005.5,17807918751.0,19487664209.25,0.04
calm,5699,18789000273.0,17857043628.75,19486458083.25,0.04
calm,5759,18705464217.0,17811622534.5,19421672256.0,0.04
calm,5819,18729721359.0,17837844448.5,19472432899.5,0.04
calm,5879,18799116484.5,17952548292.0,19552831069.5,0.04
calm,5939,18920338479.0,18070345136.25,19653307317.0,0.04
calm,5999,18926668350.0,17986187146.5,19625835141.0,0.04
calm,6059,18925907026.5,18132731163.0,19673772871.5,0.04
calm,6119,18952671357.0,18116914484.25,19783761765.75,0.04
calm,6179,19135022472.0,18232460322.75,19865192577.75,0.04
calm,6239,19242445171.5,18360564772.5,20088698415.75,0.04
calm,6299,19234136448.0,18300912363.0,20039341734.0,0.04
calm,6359,19325629363.5,18395737335.0,20096473095.0,0.04
calm,6419,19369176525.0,18514669612.5,20147768471.25,0.04
calm,6479,19452346321.5,18594695922.75,20287953495.0,0.04
calm,6539,19346571769.5,18529892892.0,20190297802.5,0.04
calm,6599,19370522655.0,18455861340.0,20223877578.75,0.04
calm,6659,19193829088.5,18312194803.5,19989723174.75,0.04
calm,6719,19318262913.0,18414747643.5,20111710727.25,0.04
calm,6779,19293351925.5,18418660537.5,20084161857.75,0.04
calm,6839,19429789014.0,18525052507.5,20193723549.0,0.04
calm,6899,19246557681.0,18424559553.75,19939927061.25,0.04
calm,6959,19248866496.0,18550039927.5,20067573798.0,0.04
calm,7019,19244384982.0,18530416752.75,20080237909.5,0.04
calm,7079,19346778193.5,18674184609.0,20237642109.0,0.04
calm,7139,19375714485.0,18604025379.0,20255542877.25,0.04
calm,7199,19390506916.5,18520901849.25,20177234185.5,0.04
calm,7259,19265796621.0,18451643636.25,20050736256.0,0.04
calm,7319,19371230554.5,18565248897.0,20200467676.5,0.04
calm,7379,19550226537.0,18767932717.5,20275846427.25,0.04
calm,7439,19557131197.5,18895358106.0,20350650960.0,0.04
calm,7499,19543556340.0,18867949899.75,20389127712.75,0.04
calm,7559,19723882527.0,18967140474.75,20471349654.0,0.04
calm,7619,19687734720.0,18978006453.75,20575254390.75,0.04
calm,7679,19677197988.0,18950882634.0,20548030497.75,0.04
calm,7739,19729263361.5,19046062705.5,20682817236.0,0.04
calm,7799,20066665806.0,19275199141.5,20979596076.75,0.04
calm,7859,19723154427.0,18976371723.0,20686737093.75,0.04
calm,7919,19800921640.5,19084093305.75,20819081130.75,0.04
calm,7979,19813291380.0,19097135898.75,20738307476.25,0.04
calm,8039,19949541169.5,19223304336.0,20854457282.25,0.04
calm,8099,20050156413.0,19315355267.25,20937454526.25,0.04
calm,8159,20536458831.0,19695932811.0,21398055801.75,0.04
calm,8219,20463848172.0,19600872176.25,21131520822.0,0.04
calm,8279,20143306606.5,19313457345.0,20887100304.75,0.04
calm,8339,20247727549.5,19378156324.5,20990071903.5,0.04
calm,8399,20403877986.0,19497661134.75,21187054487.25,0.04
calm,8459,20303033737.5,19388038662.0,21026606251.5,0.04
calm,8519,20113500204.0,19212567052.5,20872600398.0,0.04
calm,8579,20490959169.0,19593379656.0,21287130061.5,0.04
calm,8639,20549936344.5,19613062752.75,21207924155.25,0.04
calm,8699,20412253647.0,19542368988.0,21140035668.0,0.04
calm,8759,20380446513.0,19440270731.25,21044948062.5,0.04
calm,8819,20415456702.0,19447101573.75,21074267904.75,0.04
calm,8879,20392179300.0,19403006827.5,21025198242.0,0.04
calm,8939,20513741085.0,19560199065.75,21245404713.75,0.04
calm,8999,20885327905.5,19930115981.25,21554556828.75,0.04
calm,9059,20512335208.5,19586651242.5,21134999670.75,0.04
calm,9119,20510434102.5,19612832089.5,21083956593.75,0.04
calm,9179,20440283337.0,19478594200.5,21080619524.25,0.04
calm,9239,20156315989.5,19225061289.0,20856666510.0,0.04
calm,9299,20111464822.5,19150474106.25,20885127878.25,0.04
calm,9359,20005569828.0,19110000318.75,20822266194.75,0.04
calm,9419,20286734058.0,19361372172.75,21148751342.25,0.04
calm,9479,19999549354.5,19081735276.5,20942027685.0,0.04
calm,9539,19886920636.5,18964150906.5,20781734267.25,0.04
calm,9599,20004969469.5,19035868241.25,20885849417.25,0.04
calm,9659,20006082121.5,19001347517.25,20792353385.25,0.04
calm,9719,20263981342.5,19191968595.0,21009586511.25,0.04
calm,9779,20241346149.0,19178577279.0,20972173367.25,0.04
calm,9839,20051886280.5,19057095492.75,20920025216.25,0.04
calm,9899,20111627106.0,19143431111.25,20984473800.0,0.04
calm,9959,20351177667.0,19276905906.0,21150378684.0,0.04
calm,10019,20308627503.0,19265337513.0,21183253573.5,0.04
calm,10079,20200778806.5,19235413329.75,21177490963.5,0.04
calm,10139,20151147285.0,19299144750.75,21188300924.25,0.04
calm,10199,20065590859.5,19171878079.5,21053915091.0,0.04
calm,10259,20263582687.5,19228974655.5,21107502281.25,0.04
calm,10319,20182371777.0,19239387599.25,21063866251.5,0.04
calm,10379,20550114463.5,19471824130.5,21223203417.0,0.04
calm,10439,20381122678.5,19411316763.75,21162795072.75,0.04
calm,10499,20345837670.0,19331516227.5,21139899295.5,0.04
calm,10559,20329334167.5,19323893659.5,21133138234.5,0.04
calm,10619,20363437800.0,19528730370.0,21350923584.75,0.04
calm,10679,20269674270.0,19463496682.5,21341829557.25,0.04
calm,10739,20386584319.5,19506686361.75,21414581705.25,0.04
calm,10799,20201081094.0,19369871174.25,21309400779.75,0.04
calm,10859,20182869693.0,19422486000.0,21327048445.5,0.04
calm,10919,20167213734.0,19438817953.5,21355115906.25,0.04
calm,10979,20172871048.5,19397750240.25,21257968974.75,0.04
calm,11039,20222872078.5,19459146046.5,21302566533.0,0.04
calm,11099,20201117413.5,19476641430.0,21350929050.0,0.04
calm,11159,20165050224.0,19385461561.5,21252598380.0,0.04
calm,11219,20234227549.5,19434730396.5,21364310232.0,0.04
calm,11279,20090537262.0,19312051430.25,21228897476.25,0.04
calm,11339,20216406195.0,19378367822.25,21171947330.25,0.04
calm,11399,20376101605.5,19500458832.0,21276962752.5,0.04
calm,11459,20510780269.5,19624594108.5,21403362827.25,0.04
calm,11519,20312389858.5,19542247762.5,21346423978.5,0.04
calm,11579,20338251786.0,19512671305.5,21286394730.0,0.04
calm,11639,20237148067.5,19458391520.25,21249838815.75,0.04
calm,11699,20423438613.0,19562297719.5,21265249576.5,0.04
calm,11759,20364679777.5,19503024423.75,21308091187.5,0.04
calm,11819,20386259766.0,19530703377.0,21472698892.5,0.04
calm,11879,20481777823.5,19724305135.5,21564728860.5,0.04
calm,11939,20519389921.5,19738878097.5,21596001997.5,0.04
calm,11999,20362119844.5,19656575552.25,21472417242.0,0.04
calm,12059,20580179692.5,19753650195.75,21486930331.5,0.04
calm,12119,20603987703.0,19789009362.0,21569852873.25,0.04
calm,12179,20723616040.5,19759092108.75,21600834243.75,0.04
calm,12239,20705672011.5,19809290157.75,21629400313.5,0.04
calm,12299,20669948019.0,19851641466.75,21605923714.5,0.04
calm,12359,20417134464.0,19429921433.25,21439386180.0,0.04
calm,12419,20363332108.5,19532779627.5,21504281004.0,0.04
calm,12479,20348184298.5,19500360369.75,21556551584.25,0.04
calm,12539,20353162162.5,19495753481.25,21523878843.75,0.04
calm,12599,20565172858.5,19688530531.5,21718973335.5,0.04
calm,12659,20357489191.5,19498033577.25,21645777453.75,0.04
calm,12719,20412962964.0,19487828031.75,21697482237.75,0.04
calm,12779,20368223667.0,19447084401.75,21741001746.75,0.04
calm,12839,20453758735.5,19523340330.75,21931598346.75,0.04
calm,12899,20508917386.5,19602230400.0,21999595194.0,0.04
calm,12959,20241359595.0,19367059365.0,21602487766.5,0.04
calm,13019,20440749658.5,19490597007.75,21802651875.0,0.04
calm,13079,20342232810.0,19372519001.25,21712243792.5,0.04
calm,13139,20462849599.5,19511930736.0,21844566753.75,0.04
calm,13199,20252820262.5,19337976639.0,21600174705.75,0.04
calm,13259,20126117871.0,19244837412.0,21400960542.75,0.04
calm,13319,20156389060.5,19255973980.5,21480037481.25,0.04
calm,13379,19990019241.0,19230602355.0,21416495634.0,0.04
calm,13439,20208746407.5,19381941369.0,21580182184.5,0.04
calm,13499,20128116267.0,19359496035.0,21611587846.5,0.04
calm,13559,20292105856.5,19532677284.0,21759573327.75,0.04
calm,13619,20106278082.0,19319532102.0,21662630851.5,0.04
calm,13679,20066717430.0,19215249536.25,21467196623.25,0.04
calm,13739,20205989217.0,19338508032.75,21687551707.5,0.04
calm,13799,20076598543.5,19121028768.0,21496646535.75,0.04
calm,13859,20237992159.5,19321750552.5,21638002169.25,0.04
calm,13919,20360742966.0,19429048359.0,21743691840.0,0.04
calm,13979,20276964517.5,19347986612.25,21641784356.25,0.04
calm,14039,20330174731.5,19493808261.75,21704582520.0,0.04
calm,14099,20305354747.5,19496209965.75,21658323685.5,0.04
calm,14159,20356850817.0,19574131133.25,21631486144.5,0.04
calm,14219,20552698287.0,19807104933.0,21881896213.5,0.04
calm,14279,20293054650.0,19472162528.25,21698296069.5,0.04
calm,14339,20055051549.0,19244482895.25,21501144636.75,0.04
calm,14399,20175223032.0,19374399355.5,21695800347.0,0.04
calm,14459,20152468332.0,19380671203.5,21645863246.25,0.04
calm,14519,20087059198.5,19374983268.75,21392249202.0,0.04
calm,14579,20128352080.5,19264092894.0,21400804620.0,0.04
calm,14639,20229436408.5,19312104908.25,21446828253.0,0.04
calm,14699,20219368756.5,19244480161.5,21351053189.25,0.04
calm,14759,20061097371.0,19061607546.0,21220044174.0,0.04
calm,14819,19890110254.5,19113376794.75,21201423608.25,0.04
calm,14879,20131344211.5,19258135872.75,21476002657.5,0.04
calm,14939,19989460467.0,19300734731.25,21465793563.75,0.04
calm,14999,19791303579.0,19252242553.5,21345312433.5,0.04
calm,15059,19686227944.5,19166302847.25,21244436412.75,0.04
calm,15119,19903021308.0,19249726437.0,21421588018.5,0.04
calm,15179,20064522384.0,19273279218.75,21555530932.5,0.04
calm,15239,20119691574.0,19328842242.0,21622438905.75,0.04
calm,15299,20195007619.5,19170666393.75,21691431774.0,0.04
calm,15359,20166197908.5,19146871813.5,21727721727.0,0.04
calm,15419,20147029186.5,19149447154.5,21717533952.0,0.04
calm,15479,20112692112.0,19182619536.75,21684854009.25,0.04
calm,15539,20112837529.5,19148293660.5,21682963176.75,0.04
calm,15599,20121661399.5,19059432914.25,21601533107.25,0.04
calm,15659,20282580526.5,19127551653.0,21777970531.5,0.04
calm,15719,20426044792.5,19301809527.0,22015864973.25,0.04
calm,15779,20367252850.5,19304400282.75,21889116254.25,0.04
calm,15839,20326120078.5,19272124147.5,21775849821.0,0.04
calm,15899,20384114121.0,19515725244.0,22007054727.0,0.04
calm,15959,20248101765.0,19525454939.25,21832079222.25,0.04
calm,16019,20289908358.0,19604267779.5,21725239684.5,0.04
calm,16079,20194817337.0,19316688939.0,21541188485.25,0.04
calm,16139,20179977309.0,19450798987.5,21523746966.75,0.04
calm,16199,20151404118.0,19466319465.0,21445729515.0,0.04
calm,16259,20068513132.5,19318487296.5,21334116208.5,0.04
calm,16319,20163110931.0,19381744221.75,21587391702.0,0.04
calm,16379,20218014423.0,19299502667.25,21631563090.0,0.04
calm,16439,20387839234.5,19405138009.5,21949623227.25,0.04
calm,16499,20272582786.5,19424824674.75,21833959212.0,0.04
calm,16559,20225122965.0,19367175667.5,21613847006.25,0.04
calm,16619,20306266731.0,19395701876.25,21904201939.5,0.04
calm,16679,20224480464.0,19300472484.75,21818703721.5,0.04
calm,16739,20272883404.5,19263601791.0,21626164795.5,0.04
calm,16799,20282382562.5,19333535773.5,21532081527.0,0.04
calm,16859,20366623926.0,19317615039.0,21723669767.25,0.04
calm,16919,20464532244.0,19372712220.0,21849616086.75,0.04
calm,16979,20344816665.0,19401780532.5,21696894744.75,0.04
calm,17039,20233347831.0,19414006776.0,21629882884.5,0.04
calm,17099,20424144951.0,19481253115.5,21926748813.75,0.04
calm,17159,20477080161.0,19659122133.75,21863775285.0,0.04
calm,17219,20155490550.0,19243055081.25,21514603387.5,0.04
calm,17279,20114002768.5,19326955367.25,21451008937.5,0.04
calm,17339,20290768159.5,19376810086.5,21499319702.25,0.04
calm,17399,20031804486.0,19332089498.25,21288958375.5,0.04
calm,17459,20248243357.5,19394628876.0,21494069563.5,0.04
calm,17519,20193182478.0,19361248803.0,21588660308.25,0.04
calm,17579,20219918661.0,19423908526.5,21660790540.5,0.04
calm,17639,20243950861.5,19302002716.5,21441210016.5,0.04
calm,17699,20357086932.0,19404394830.0,21647007092.25,0.04
calm,17759,20255514205.5,19259751426.75,21500632149.75,0.04
calm,17819,20522759535.0,19327239967.5,21733384608.0,0.04
calm,17879,20495048823.0,19359444042.0,21696162705.0,0.04
calm,17939,20458984639.5,19339393342.5,21694242973.5,0.04
calm,17999,20423947338.0,19476976695.75,21651149108.25,0.04
calm,18059,20324792862.0,19328243267.25,21513210597.0,0.04
calm,18119,20434549495.5,19346225442.75,21675939113.25,0.04
calm,18179,20416978854.0,19374638521.5,21597037956.0,0.04
calm,18239,20537898376.5,19462463651.25,21736426423.5,0.04
calm,18299,20696268712.5,19676862432.0,21795585957.0,0.04
calm,18359,20582133025.5,19558410576.75,21638409504.75,0.04
calm,18419,20674635786.0,19672930804.5,21713178465.0,0.04
calm,18479,20397737119.5,19465122406.5,21553595064.0,0.04
calm,18539,20301349909.5,19436312486.25,21430453756.5,0.04
calm,18599,20346027547.5,19479447036.0,21495863821.5,0.04
calm,18659,20537893606.5,19657214228.25,21705182743.5,0.04
calm,18719,20309728207.5,19452304732.5,21514996617.75,0.04
calm,18779,20457810846.0,19582171294.5,21657917841.75,0.04
calm,18839,20413597153.5,19569625474.5,21600428672.25,0.04
calm,18899,20365713112.5,19438248060.0,21531759520.5,0.04
calm,18959,20479401994.5,19487655337.5,21839613156.0,0.04
calm,19019,20515802238.0,19448292210.75,21584556758.25,0.04
calm,19079,20466029466.0,19314136764.0,21391200265.5,0.04
calm,19139,20223588501.0,18997105983.75,21094843275.0,0.04
calm,19199,20327771974.5,19117346699.25,21224263059.0,0.04
calm,19259,20493030685.5,19420229344.5,21546123158.25,0.04
calm,19319,20348630248.5,19250630734.5,21249942752.25,0.04
calm,19379,20354809239.0,19238792933.25,21374840214.0,0.04
calm,19439,20278979977.5,19165953678.75,21299889255.75,0.04
calm,19499,20391819034.5,19188133652.25,21314949610.5,0.04
calm,19559,20284043242.5,19194059376.0,21403506474.0,0.04
calm,19619,20249120299.5,19220846145.75,21379999027.5,0.04
calm,19679,20243192827.5,19142368006.5,21210871356.0,0.04
calm,19739,20034440883.0,18860739927.75,20995881644.25,0.04
calm,19799,20166892456.5,19124653144.5,21303412512.75,0.04
calm,19859,20227434912.0,19261756140.75,21470002641.0,0.04
calm,19919,20260065856.5,19311886478.25,21438728925.75,0.04
calm,19979,20142650119.5,19185923416.5,21280297945.5,0.04
calm,20039,20190894165.0,19309896618.75,21361818258.0,0.04
calm,20099,20308668975.0,19396784421.0,21485532390.75,0.04
calm,20159,20271682728.0,19387095018.75,21409146576.0,0.04
calm,20219,20310547932.0,19384681691.25,21504671707.5,0.04
calm,20279,20254303881.0,19256253520.5,21434334027.75,0.04
calm,20339,20234283079.5,19196552173.5,21316511292.75,0.04
calm,20399,20225201805.0,19176311911.5,21244486083.75,0.04
calm,20459,20234050942.5,19299035398.5,21384035073.0,0.04
calm,20519,20264753745.0,19385180934.75,21483118316.25,0.04
calm,20579,20321866926.0,19391413344.75,21534136141.5,0.04
calm,20639,20234190901.5,19347459804.0,21531859976.25,0.04
calm,20699,20336292994.5,19432867920.75,21684073677.75,0.04
calm,20759,20520972391.5,19509674211.0,21634729449.75,0.04
calm,20819,20530765480.5,19381860855.0,21452790444.75,0.04
calm,20879,20587043484.0,19374162959.25,21417105570.75,0.04
calm,20939,20593402240.5,19343348444.25,21400660203.75,0.04
calm,20999,20497777690.5,19272072633.75,21191311926.0,0.04
calm,21059,20443026420.0,19246554855.0,21145024858.5,0.04
calm,21119,20473557876.0,19344358723.5,21290369094.0,0.04
calm,21179,20319095884.5,19257608306.25,21116693749.5,0.04
calm,21239,20366314551.0,19335369084.75,21250695825.0,0.04
calm,21299,20454969339.0,19376821910.25,21298374580.5,0.04
calm,21359,20411915679.0,19172037116.25,21046229628.75,0.04
calm,21419,20317048263.0,19183906120.5,21162579527.25,0.04
calm,21479,20242430325.0,19066022959.5,20971771780.5,0.04
calm,21539,20274434545.5,19187499206.25,21032535156.75,0.04
calm,21599,20177805771.0,18982653972.75,21036499247.25,0.04
calm,21659,20116047744.0,19022264876.25,20969514326.25,0.04
calm,21719,20285813088.0,19213244145.0,21260111879.25,0.04
calm,21779,20406858313.5,19194058091.25,21350945769.75,0.04
calm,21839,20319123537.0,19146467542.5,21301952946.75,0.04
calm,21899,20333954578.5,19136611984.5,21313577967.75,0.04
calm,21959,20343479085.0,19065206146.5,21254002341.75,0.04
calm,22019,20354388345.0,19061396131.5,21360272953.5,0.04
calm,22079,20410686580.5,19136523071.25,21377197377.0,0.04
calm,22139,20371202622.0,19171136632.5,21423243082.5,0.04
calm,22199,20363047231.5,19148652729.0,21443871775.5,0.04
calm,22259,20402199625.5,19234811184.75,21405616643.25,0.04
calm,22319,20204815819.5,19117994937.75,21356704829.25,0.04
calm,22379,20293476889.5,19147689290.25,21292867521.0,0.04
calm,22439,20152365727.5,18987311504.25,21209690202.75,0.04
calm,22499,20335711365.0,19145951331.75,21253399537.5,0.04
calm,22559,20029189419.0,18849398969.25,21108517292.25,0.04
calm,22619,20173758916.5,19168258520.25,21052213618.5,0.04
calm,22679,20376911934.0,19244786193.0,21157872302.25,0.04
calm,22739,20384797846.5,19165928946.75,21206197392.75,0.04
calm,22799,20487562582.5,19269228186.0,21365616051.0,0.04
calm,22859,20209479979.5,18949293258.75,20932010401.5,0.04
calm,22919,20052309550.5,18982850184.0,20996782584.75,0.04
calm,22979,20122786156.5,19127657634.75,21179444253.75,0.04
calm,23039,20134318603.5,19094155231.5,21286962330.75,0.04
calm,23099,20175102391.5,19167733046.25,21328402068.0,0.04
calm,23159,20239408926.0,19249300647.0,21475676974.5,0.04
calm,23219,20106071208.0,19140485915.25,21352947401.25,0.04
calm,23279,20260260796.5,19281832960.5,21463411455.0,0.04
calm,23339,20494930824.0,19464433825.5,21689395546.5,0.04
calm,23399,20307757963.5,19357495006.5,21563429715.0,0.04
calm,23459,20316535443.0,19215569985.75,21325931948.25,0.04
calm,23519,20300567206.5,19238203539.0,21271166941.5,0.04
calm,23579,20238247246.5,19188827185.5,21236993426.25,0.04
calm,23639,20289285355.5,19288723938.75,21455282841.75,0.04
calm,23699,20363467162.5,19061905189.5,21242006097.75,0.04
calm,23759,20236978242.0,18924512310.0,20968003221.75,0.04
calm,23819,20246032620.0,19197912561.75,21255705558.0,0.04
calm,23879,20237008576.5,19303738593.75,21427531371.0,0.04
calm,23939,20234277292.5,19153375139.25,21400974402.75,0.04
calm,23999,20229184516.5,19191174959.25,21438652495.5,0.04
calm,24059,20291041728.0,19251167548.5,21528289842.75,0.04
calm,24119,20618547160.5,19715626125.0,21854717462.25,0.04
calm,24179,20847656214.0,19842441183.0,21786867078.75,0.04
calm,24239,20851384518.0,19818956745.0,21891738170.25,0.04
calm,24299,20779488067.5,19786370121.0,21809522655.0,0.04
calm,24359,20930684220.0,19860778050.75,21883375127.25,0.04
calm,24419,20698763922.0,19619187599.25,21540870850.5,0.04
calm,24479,20622182211.0,19509810626.25,21409533411.75,0.04
calm,24539,20542911174.0,19377051120.0,21312431059.5,0.04
calm,24599,20613072150.0,19431942752.25,21413539777.5,0.04
calm,24659,20490189219.0,19261497372.75,21250304478.0,0.04
calm,24719,20312976060.0,19000583957.25,21124416573.0,0.04
calm,24779,20246752453.5,18889261353.0,21063460754.25,0.04
calm,24839,20282751013.5,18960512366.25,21058025834.25,0.04
calm,24899,20294843364.0,18996675052.5,21128374170.0,0.04
calm,24959,20088546520.5,18723891926.25,20934109703.25,0.04
calm,25019,20319007293.0,19043176419.0,21196511601.75,0.04
calm,25079,20197342849.5,18856315788.75,21114725287.5,0.04
calm,25139,19994684391.0,18626462165.25,20931289215.75,0.04
calm,25199,20016046228.5,18723863373.75,20952186923.25,0.04
calm,25259,19959177964.5,18647857838.25,20927659034.25,0.04
calm,25319,20042118796.5,18717307040.25,20938469154.75,0.04
calm,25379,20059181145.0,18716491257.75,21073603950.0,0.04
calm,25439,19630657089.0,18493935180.75,20824040803.5,0.04
calm,25499,19825668360.0,18648777555.0,20958550996.5,0.04
calm,25559,19752917575.5,18645493045.5,20943051963.75,0.04
calm,25619,20022893338.5,18730620915.75,21013916175.0,0.04
calm,25679,20097476928.0,18761600335.5,21045556091.25,0.04
calm,25739,20242073394.0,18750802531.5,21189667938.75,0.04
calm,25799,20352143443.5,18893908300.5,21379313178.0,0.04
calm,25859,19505884410.0,18263087644.5,20768430627.0,0.04
calm,25919,19241957430.0,18006611082.75,20511121018.5,0.04
calm,25979,19663403103.0,18289079984.25,20955194012.25,0.04
calm,26039,19421706253.5,18111033695.25,20660477942.25,0.04
calm,26099,19672366198.5,18259838829.0,20885333753.25,0.04
calm,26159,19359960124.5,18101594623.5,20683113979.5,0.04
calm,26219,19331244364.5,18156729521.25,20569385970.0,0.04
calm,26279,19138600957.5,18020945731.5,20401910518.5,0.04
calm,26339,19673606889.0,18328857423.75,20874651945.75,0.04
calm,26399,19585363702.5,18342853650.0,20784677422.5,0.04
calm,26459,19458388372.5,18072146391.75,20575546956.0,0.04
calm,26519,19718318781.0,18278494078.5,20871347449.5,0.04
calm,26579,19820536578.0,18330524403.75,20900099090.25,0.04
calm,26639,19929633619.5,18475181626.5,20853901446.75,0.04
calm,26699,19712757199.5,18413497489.5,20646489672.0,0.04
calm,26759,19724909701.5,18404772153.75,20718340431.75,0.04
calm,26819,19486683733.5,18293496133.5,20525438090.25,0.04
calm,26879,19436654875.5,18239204682.0,20610960097.5,0.04
calm,26939,19579698063.0,18243512829.0,20813529084.75,0.04
calm,26999,19399007439.0,18051474084.75,20572345417.5,0.04
calm,27059,19438100163.0,18198922302.0,20779878336.75,0.04
calm,27119,19480432041.0,18164364050.25,20872979869.5,0.04
calm,27179,19519267612.5,18256774680.0,21013874367.75,0.04
calm,27239,19300238923.5,18132314771.25,20865279915.0,0.04
calm,27299,19358594230.5,18190782054.0,20942018408.25,0.04
calm,27359,19349842756.5,18075893521.5,20848175109.0,0.04
calm,27419,19384734915.0,18125535138.75,20926582769.25,0.04
calm,27479,19476794358.0,18161478274.5,20953980432.0,0.04
calm,27539,19414615833.0,18053029140.75,20754080097.75,0.04
calm,27599,19450485135.0,18074459542.5,20803820760.0,0.04
calm,27659,19464421702.5,18096591982.5,20743066122.75,0.04
calm,27719,19389315901.5,18130910184.0,20819695558.5,0.04
calm,27779,19523564118.0,18258310845.0,20977824838.5,0.04
calm,27839,19509164293.5,18224299788.75,20937104545.5,0.04
calm,27899,19661697382.5,18337388076.0,21013767447.75,0.04
calm,27959,19649772648.0,18350703330.75,20897203434.75,0.04
calm,28019,19634004094.5,18264655842.75,20861099736.75,0.04
calm,28079,19783681105.5,18428811957.0,21049889991.75,0.04
calm,28139,19608139881.0,18343816078.5,20958773166.0,0.04
calm,28199,19646291079.0,18488748096.0,20970313341.75,0.04
calm,28259,19668885556.5,18484296536.25,20959387728.75,0.04
calm,28319,19696812160.5,18603959492.25,21011277478.5,0.04
calm,28379,19532485957.5,18473006191.5,20819378351.25,0.04
calm,28439,19558252890.0,18487070201.25,20852602807.5,0.04
calm,28499,19395066987.0,18424436672.25,20565701178.75,0.04
calm,28559,19421449600.5,18406686618.0,20573442132.75,0.04
calm,28619,19180574698.5,18138310033.5,20249215515.0,0.04
calm,28679,19278204835.5,18273081879.0,20461740257.25,0.04
calm,28739,19325034391.5,18200097657.0,20444974992.0,0.04
calm,28799,19273231998.0,18132917055.75,20387729769.75,0.04
calm,28859,19242718582.5,18144997096.5,20498331240.0,0.04
calm,28919,19273117855.5,18199124685.0,20385367321.5,0.04
calm,28979,19215620631.0,18052456338.0,20174141362.5,0.04
calm,29039,19183526298.0,18016102410.75,20155866822.0,0.04
calm,29099,19164905032.5,17957647890.0,20372946430.5,0.04
calm,29159,19157291334.0,17859789535.5,20362396079.25,0.04
calm,29219,19216264072.5,18006135639.75,20629226886.75,0.04
calm,29279,19165692658.5,17970068594.25,20542937130.0,0.04
calm,29339,19245699256.5,18118721295.0,20704831542.0,0.04
calm,29399,19350693369.0,18201879218.25,20770121736.0,0.04
calm,29459,19081233405.0,17911105447.5,20166442166.25,0.04
calm,29519,19392714846.0,18088275381.75,20452000844.25,0.04
calm,29579,19322542998.0,18055069431.75,20405926262.25,0.04
calm,29639,19306055052.0,18130186615.5,20508118440.75,0.04
calm,29699,19061308017.0,17899429653.0,20084676626.25,0.04
calm,29759,18976640175.0,17853999486.75,20040161818.5,0.04
calm,29819,19188648994.5,18019874466.0,20436545164.5,0.04
calm,29879,19060296592.5,17869156074.0,20170410702.75,0.04
calm,29939,19026322686.0,17825825088.0,20212554188.25,0.04
calm,29999,19119096004.5,17917508832.75,20500192887.75,0.04
stressed,59,1136088176.0,1089501620.0,1183833000.0,0.04
stressed,119,2058737280.0,1985049924.0,2144790252.0,0.04
stressed,179,3032968360.0,2942953640.0,3142411580.0,0.04
stressed,239,3878547712.0,3794420000.0,3999932160.0,0.04
stressed,299,5096369992.0,4969707836.0,5270719396.0,0.04
stressed,359,6511720960.0,6344813304.0,6725540952.0,0.04
stressed,419,7842842816.0,7614500408.0,8096502072.0,0.04
stressed,479,8976538480.0,8764175336.0,9287490092.0,0.04
stressed,539,10155461096.0,9730530100.0,10467805964.0,0.04
stressed,599,11232074488.0,10686013632.0,11575382312.0,0.04
stressed,659,12187519424.0,11489854616.0,12622392972.0,0.04
stressed,719,12996166032.0,12157335344.0,13461843496.0,0.04
stressed,779,13569797976.0,12772750740.0,14136253224.0,0.04
stressed,839,14234871576.0,13362073680.0,15016153160.0,0.04
stressed,899,14766571328.0,13831449332.0,15523241028.0,0.04
stressed,959,15102016480.0,14135251308.0,15970562840.0,0.04
stressed,1019,15403962000.0,14308259616.0,16281879040.0,0.04
stressed,1079,15741503624.0,14507705316.0,16674607692.0,0.04
stressed,1139,16164806880.0,14910939840.0,17027648784.0,0.04
stressed,1199,16476388424.0,15170266156.0,17308203640.0,0.04
stressed,1259,16372446480.0,15153067872.0,17277845856.0,0.04
stressed,1319,16607065800.0,15347800740.0,17471366880.0,0.04
stressed,1379,16789537488.0,15566358756.0,17714822048.0,0.04
stressed,1439,17026837656.0,15700521372.0,17904351180.0,0.04
stressed,1499,17129582032.0,15714133624.0,18049732448.0,0.04
stressed,1559,17188555032.0,15819495424.0,18034272284.0,0.04
stressed,1619,17231027544.0,15993275168.0,18059699804.0,0.04
stressed,1679,17278617784.0,16157781512.0,18292082748.0,0.04
stressed,1739,17427480848.0,16232436948.0,18429607384.0,0.04
stressed,1799,17546334592.0,16279481936.0,18395116908.0,0.04
stressed,1859,17599388472.0,16376062032.0,18609034772.0,0.04
stressed,1919,17566464960.0,16345211832.0,18532956120.0,0.04
stressed,1979,17369277280.0,16399701124.0,18464426860.0,0.04
stressed,2039,17435754192.0,16465917432.0,18575501476.0,0.04
stressed,2099,17314598080.0,16531708588.0,18536036496.0,0.04
stressed,2159,17426646024.0,16671029904.0,18580934756.0,0.04
stressed,2219,17559330848.0,16701129640.0,18510459204.0,0.04
stressed,2279,17558418480.0,16726483044.0,18467087760.0,0.04
stressed,2339,17581069696.0,16772774412.0,18539765888.0,0.04
stressed,2399,17621135216.0,16763935536.0,18536631068.0,0.04
stressed,2459,17633110064.0,16832551680.0,18470775964.0,0.04
stressed,2519,17640477136.0,16718864564.0,18285400064.0,0.04
stressed,2579,17703187024.0,16813427580.0,18334838764.0,0.04
stressed,2639,17619171808.0,16566317088.0,18187663132.0,0.04
stressed,2699,17509639168.0,16608380360.0,18267524620.0,0.04
stressed,2759,17555668688.0,16607754564.0,18314046804.0,0.04
stressed,2819,17727233632.0,16653506220.0,18379465028.0,0.04
stressed,2879,17894211832.0,16855212328.0,18633600076.0,0.04
stressed,2939,17982794216.0,17059922104.0,18701843604.0,0.04
stressed,2999,17803541608.0,17010279856.0,18744192612.0,0.04
stressed,3059,17659151040.0,16912108336.0,18591779804.0,0.04
stressed,3119,17409671504.0,16732652580.0,18274103752.0,0.04
stressed,3179,17275410944.0,16686414008.0,18281285620.0,0.04
stressed,3239,17250102480.0,16479563112.0,18086523444.0,0.04
stressed,3299,17235025600.0,16359947304.0,17998963816.0,0.04
stressed,3359,17422548832.0,16571634444.0,18255903280.0,0.04
stressed,3419,17661618432.0,16835525424.0,18491438612.0,0.04
stressed,3479,17642566392.0,16760290876.0,18406049568.0,0.04
stressed,3539,19438440197.48204,18543157410.682083,20302563251.26826,0.045613682778323394
stressed,3599,19042196379.379936,18268463702.878223,19875764355.131332,0.045613682778323394
stressed,3659,18886057668.86752,17938219886.937397,19706451797.247818,0.045613682778323394
stressed,3719,19825143831.119644,18635903070.49475,20551599802.53852,0.04686496062874889
stressed,3779,19758550756.005486,18609399369.96951,20476313333.46568,0.04686496062874889
stressed,3839,19860140512.285934,18754787918.710594,20742442226.68981,0.04686496062874889
stressed,3899,20060730557.68525,19051557868.346676,21084949505.07746,0.04686496062874889
stressed,3959,20133996069.060898,19126448098.8639,21247430403.24777,0.04686496062874889
stressed,4019,20318628895.30187,19273640822.053795,21324267263.634624,0.04686496062874889
stressed,4079,27120017679.746845,25765014887.95912,28567531912.815666,0.060842252053660895
stressed,4139,26657570141.500706,25476929824.008064,28053346465.849796,0.060842252053660895
stressed,4199,27017402670.65789,25798304774.84408,28250208958.618813,0.060842252053660895
stressed,4259,26982172633.870995,25883453725.62529,28300112759.397713,0.060842252053660895
stressed,4319,26807101827.99328,25594941439.54876,28147360789.85154,0.060842252053660895
stressed,4379,26856086375.354347,25782578731.93437,28247072357.998695,0.060842252053660895
stressed,4439,26801469441.688564,25760884374.393673,28202259015.501244,0.060842252053660895
stressed,4499,27900355125.862022,26735333324.094795,29340648174.858994,0.06319901490838632
stressed,4559,28013578006.48163,26928973424.680294,29500854707.298058,0.06319901490838632
stressed,4619,27930296506.041668,26899064225.439037,29501339348.94388,0.06319901490838632
stressed,4679,27967074351.180412,26938467572.533722,29516668623.924393,0.06319901490838632
stressed,4739,27949631536.82392,26963813973.535934,29398616504.338783,0.06319901490838632
stressed,4799,28315761050.073563,27187927210.81252,29603635941.473022,0.06319901490838632
stressed,4859,28359528693.62137,27183066359.69927,29776706582.83747,0.06319901490838632
stressed,4919,29765568488.115547,28594866099.34244,31249749480.73805,0.06735283236366457
stressed,4979,29453726989.15072,28387172999.00157,31079818998.624546,0.06735283236366457
stressed,5039,29484025445.26045,28436429243.366135,30936827433.548325,0.06735283236366457
stressed,5099,29704347632.72764,28487930741.544525,31135089211.06728,0.06735283236366457
stressed,5159,29522459975.34348,28475462412.158497,31034161011.976177,0.06735283236366457
stressed,5219,29290667290.70173,28322082891.776447,30826170663.380234,0.06735283236366457
stressed,5279,29303926099.869514,28321480548.661335,30736724256.53368,0.06735283236366457
stressed,5339,29073542672.067745,28206136258.369114,30383055020.448387,0.06807391750174224
stressed,5399,28674847202.280922,27641576979.933968,30261713105.931522,0.06807391750174224
stressed,5459,28631230350.88265,27835088145.63687,30096911665.64712,0.06807391750174224
stressed,5519,28549157005.017105,27642618429.183044,30013377548.815475,0.06807391750174224
stressed,5579,28563665204.225533,27634663624.32381,30124420539.931324,0.06807391750174224
stressed,5639,28756896123.224865,27758558617.07962,30287241975.443882,0.06807391750174224
stressed,5699,29978255744.82215,28816211232.455803,31374528100.5175,0.07486758238322883
stressed,5759,29855046853.275826,28667810762.027523,31153495159.48398,0.07486758238322883
stressed,5819,30327124513.78141,29013738664.969948,31580589636.340202,0.07486758238322883
stressed,5879,30149848545.18594,28754822540.08155,31344585731.81459,0.07486758238322883
stressed,5939,29537716921.85946,28535241985.225716,30982444804.701588,0.07486758238322883
stressed,5999,29217535014.706818,28042256114.88204,30368318888.662617,0.07486758238322883
stressed,6059,29312885753.71592,28029211389.470055,30410159827.472042,0.07486758238322883
stressed,6119,29086667385.65001,27772695997.794487,30154489299.757385,0.07292333545743479
stressed,6179,28954270475.9569,27725150901.910267,30190380160.077812,0.07292333545743479
stressed,6239,28424439521.183388,27301756783.840027,29635747446.574875,0.07292333545743479
stressed,6299,28369310792.197605,27200547120.991676,29645199980.79454,0.07292333545743479
stressed,6359,28424886045.35106,27483853790.657463,29766049144.870617,0.07292333545743479
stressed,6419,28644419442.36827,27541105274.18441,29811351527.326847,0.07292333545743479
stressed,6479,29454072636.70041,28274438546.401844,30724749783.034527,0.07292333545743479
stressed,6539,28356289351.37399,27364679798.051258,29640985246.18361,0.0711720836351728
stressed,6599,28396246127.78528,27369002968.34147,29635182643.1425,0.0711720836351728
stressed,6659,28288779968.2101,27460701073.779816,29565587263.14493,0.0711720836351728
stressed,6719,28264593544.793945,27127817452.521065,29304057854.883377,0.0711720836351728
stressed,6779,27653641518.009655,26700069109.010033,28995835204.025627,0.0711720836351728
stressed,6839,27191714795.5028,26264549884.250546,28405008934.363358,0.0711720836351728
stressed,6899,26390481778.749012,25344944767.980633,27574504050.292236,0.07336478100604842
stressed,6959,25729750344.15307,24571000046.059475,26838553906.67422,0.07336478100604842
stressed,7019,25281004551.46275,23973627272.69886,26623940294.294086,0.07336478100604842
stressed,7079,24790494624.656418,23512183261.60824,26080053799.057373,0.07336478100604842
stressed,7139,24990656886.492847,23630014641.803436,26125932259.438118,0.07336478100604842
stressed,7199,24877172809.76094,23580947014.392357,26131658314.567337,0.07336478100604842
stressed,7259,24860983051.385384,23488722914.041897,25942071659.27771,0.07336478100604842
stressed,7319,25106097528.569405,23760895606.344616,26336582625.64704,0.07336478100604842
stressed,7379,25368484261.472717,23994257331.734108,26531390087.492054,0.07336478100604842
stressed,7439,24863225049.747017,23578625385.897423,26276405824.30986,0.07336478100604842
stressed,7499,25074217009.712788,24081087374.598835,26473657690.610825,0.07336478100604842
stressed,7559,25499728792.52265,24459326326.000153,27153496454.193375,0.07336478100604842
stressed,7619,25664901805.618027,24592981799.829414,27031698533.7483,0.07336478100604842
stressed,7679,26474870571.84337,24988328728.532402,28003737665.124928,0.07336478100604842
stressed,7739,33082227517.6351,31494197695.202805,35150380218.32705,0.09764127893926908
stressed,7799,33219114927.51378,32030276427.5036,35347631712.5954,0.09764127893926908
stressed,7859,32689585376.59243,31478835626.79712,34742865640.83605,0.09764127893926908
stressed,7919,32596275289.0326,30922305645.462784,34441496819.56692,0.09764127893926908
stressed,7979,31942314484.771626,30457948133.147354,33766879651.237732,0.09764127893926908
stressed,8039,31988421282.534424,30583230662.213284,33769548363.145447,0.09764127893926908
stressed,8099,32714744745.872612,31048710756.63332,34724258570.343216,0.10139648282370041
stressed,8159,32151654222.956276,30917605864.8159,34037334976.74918,0.10139648282370041
stressed,8219,32600541441.123753,31377733319.10926,34767298943.786285,0.10139648282370041
stressed,8279,33047445648.276646,31688610291.48781,35189850879.33519,0.10139648282370041
stressed,8339,33111582756.449688,31780993955.28241,35341632683.8851,0.10139648282370041
stressed,8399,33763304269.470963,32407729012.397873,36173935279.445366,0.10139648282370041
stressed,8459,33767784473.06453,32146248614.222572,35912132906.8785,0.10139648282370041
stressed,8519,31371044692.950073,29934554420.63798,33307512165.477684,0.09851879890718834
stressed,8579,30873214640.993572,29273599660.56981,33064488169.59889,0.09851879890718834
stressed,8639,31063055204.10266,29214266369.112156,33030558255.847733,0.09851879890718834
stressed,8699,30620792375.329865,28806460667.59099,32610642081.711502,0.09851879890718834
stressed,8759,29890152648.194584,28332715683.737167,32012723855.93686,0.09851879890718834
stressed,8819,29880833006.26308,28099495303.389503,31508276335.66528,0.09851879890718834
stressed,8879,31251943169.241356,29371538075.380756,32734920738.74715,0.09851879890718834
stressed,8939,30674738395.588333,29029405398.87621,32407197164.30583,0.09601530060415338
stressed,8999,30798613899.08005,29515381667.65943,32784829547.05213,0.09601530060415338
stressed,9059,30650500062.6671,29152002919.513824,32414813203.56658,0.09601530060415338
stressed,9119,31212112048.447693,29471088071.613792,33000589398.456337,0.09601530060415338
stressed,9179,31690587669.158424,30022423568.57531,33631273101.622265,0.09601530060415338
stressed,9239,31748321285.3505,30048306326.7454,33546895527.558437,0.09601530060415338
stressed,9299,31657875993.935055,29969804699.838333,33624444082.09349,0.096849676430275
stressed,9359,32679005036.946106,30639961604.754013,34153440152.685173,0.096849676430275
stressed,9419,32032846116.269405,30679477076.58988,34023053254.08101,0.096849676430275
stressed,9479,31650187078.75332,30021630443.496223,33365687295.61644,0.096849676430275
stressed,9539,31915871193.29653,30195201634.638912,33648299542.348644,0.096849676430275
stressed,9599,31553747618.812534,29808997250.072647,33132951886.503323,0.096849676430275
stressed,9659,31328197855.22255,29578374481.06131,32794661429.054123,0.096849676430275
stressed,9719,30512675059.68203,29165300400.32607,32464944367.768333,0.09835328074917644
stressed,9779,31161161633.12881,29443150208.472202,32435222350.562416,0.09835328074917644
stressed,9839,30055882866.193333,28422847810.595142,31684100371.55854,0.09835328074917644
stressed,9899,31332958987.0261,29504644298.99732,32791135737.923527,0.09835328074917644
stressed,9959,31014114370.894997,29579603878.177837,32790426158.344234,0.09835328074917644
stressed,10019,31061924392.433575,29424338943.618896,32522514477.12206,0.09835328074917644
stressed,10079,31065315456.188557,29406223174.15508,32522830604.23704,0.09835328074917644
stressed,10139,32981317571.319805,31021665281.1972,34694372580.6357,0.09753737977642185
stressed,10199,33249328091.437775,31207092559.993935,34631337712.69308,0.09753737977642185
stressed,10259,33741334023.526287,31605628781.931007,35031712709.313705,0.09753737977642185
stressed,10319,33213144454.587357,31104960506.37586,34807378598.79188,0.09753737977642185
stressed,10379,32834700942.637962,30669585713.344383,34243209548.49214,0.09753737977642185
stressed,10439,34109332589.102516,32079657472.754333,35655373055.53382,0.09753737977642185
stressed,10499,34143224916.84218,31905862931.03421,35514085654.70073,0.09753737977642185
stressed,10559,37043365950.523346,34600809376.64902,39071786768.905334,0.10848266870947487
stressed,10619,37398689063.87727,34911616746.22894,39172968705.8864,0.10848266870947487
stressed,10679,37568231224.36641,35259347049.117226,39558743262.33988,0.10848266870947487
stressed,10739,37437951892.41182,35247577178.58253,39732945925.06291,0.10848266870947487
stressed,10799,36616167449.74715,34515202220.4767,38693441789.04588,0.10848266870947487
stressed,10859,36255469388.99974,34127077538.881363,38789352032.43754,0.10848266870947487
stressed,10919,35116194501.772026,33118776686.605907,37500706348.710495,0.10611218392859517
stressed,10979,35385741859.8439,33454305269.151344,37756450113.947235,0.10611218392859517
stressed,11039,35942179636.21869,33885941131.640263,38220332163.952194,0.10611218392859517
stressed,11099,35850023411.61014,33556521788.305023,37933099088.18494,0.10611218392859517
stressed,11159,35581870601.08189,33386228063.764732,37650564744.81178,0.10611218392859517
stressed,11219,36202417454.05797,33706426056.70343,38309523826.36615,0.10611218392859517
stressed,11279,35891806994.05133,33197955624.566803,37883388076.7068,0.10611218392859517
stressed,11339,37283397893.592026,34956905899.82352,39335333945.63809,0.11284261839780285
stressed,11399,37782666380.02374,35525980263.097374,39969101027.17645,0.11284261839780285
stressed,11459,37876988410.286194,35764526793.74617,40171622867.861084,0.11284261839780285
stressed,11519,37928619663.176735,35951052493.64869,40251932609.56268,0.11284261839780285
stressed,11579,38106275019.24797,36025107391.581024,40409643326.22292,0.11284261839780285
stressed,11639,38175951522.02811,36105627912.00953,40562551619.02381,0.11284261839780285
stressed,11699,37617755514.4114,35313702918.51422,39883600028.521034,0.11284261839780285
stressed,11759,38037100312.622116,35632549962.32294,40057831630.780014,0.11072850700262127
stressed,11819,38232989649.30073,36248854257.727104,40735804075.39051,0.11072850700262127
stressed,11879,37908112320.48354,35984882767.70979,40437498321.763,0.11072850700262127
stressed,11939,37965555612.43233,35923505535.50992,40283117769.43162,0.11072850700262127
stressed,11999,38224229407.76062,35998239903.21812,40478388543.45155,0.11072850700262127
stressed,12059,38823050458.081474,36544905335.349335,40793953261.57144,0.11072850700262127
stressed,12119,38520444751.12298,36147322185.072235,40528448248.16925,0.11072850700262127
stressed,12179,39791237818.54733,37347071307.66328,41857921116.2957,0.11369826984672211
stressed,12239,39167353422.65298,36734630392.492805,41427432281.39969,0.11369826984672211
stressed,12299,39022691361.88409,36724455750.35093,41252106092.868645,0.11369826984672211
stressed,12359,38974489253.25842,36751181631.55162,41152587498.088974,0.11369826984672211
stressed,12419,39398771765.7664,36808472734.389534,41272186116.90974,0.11369826984672211
stressed,12479,38897390774.83051,36515262201.33151,40871142461.99468,0.11369826984672211
stressed,12539,37502922758.50255,35606710081.90224,39459476126.405365,0.11244086170847882
stressed,12599,37405847075.47556,35607372313.60136,39582501574.89851,0.11244086170847882
stressed,12659,37547964386.350235,35549212975.01598,39528788653.96898,0.11244086170847882
stressed,12719,37159782932.95575,35239627132.99551,39236184361.749306,0.11244086170847882
stressed,12779,37571624147.4946,35414180731.49885,39286683306.82002,0.11244086170847882
stressed,12839,37451211453.57271,35327450608.47272,39491642837.06808,0.11244086170847882
stressed,12899,37208309148.08415,34943008004.8795,38959962669.348305,0.11244086170847882
stressed,12959,36818720632.50659,34530859847.379974,38747318020.46332,0.11082571787859533
stressed,13019,37725185546.234024,35713423187.50744,39823359570.54858,0.11082571787859533
stressed,13079,38131242132.64891,35955492133.92998,40199460619.29261,0.11082571787859533
stressed,13139,38745352858.83389,36367909617.835365,40496237694.99703,0.11082571787859533
stressed,13199,38739719077.79582,36110555244.84329,40462817767.550446,0.11082571787859533
stressed,13259,38470954188.63411,35968763746.37995,40175437393.89608,0.11082571787859533
stressed,13319,39019678450.555305,36496026098.235664,40756843672.38652,0.11082571787859533
stressed,13379,38113519300.00226,35948827706.75247,40060743447.31782,0.10791097730286323
stressed,13439,38104354204.877975,35615963067.37598,39764002503.98395,0.10791097730286323
stressed,13499,37761060875.99736,35303969759.897064,39522437910.93432,0.10791097730286323
stressed,13559,38173536623.0571,36039199308.61283,39794418011.478,0.10791097730286323
stressed,13619,37724313346.59494,35515312049.26641,39566090016.30849,0.10791097730286323
stressed,13679,37857200643.327484,35750812110.1382,39740339882.000854,0.10791097730286323
stressed,13739,37974826716.42375,36212731674.21712,40435988331.707794,0.10791097730286323
stressed,13799,38088410347.21303,36031096294.53086,40224577376.37876,0.10230588432356014
stressed,13859,36740768407.50412,35055922047.83173,39103916970.06786,0.10230588432356014
stressed,13919,37278810337.66084,35359612134.3026,39511484134.17255,0.10230588432356014
stressed,13979,36501418471.22316,34552504592.7796,38721621784.04055,0.10230588432356014
stressed,14039,36508836936.89076,34403614726.626976,38640695363.9688,0.10230588432356014
stressed,14099,36552783432.09962,34524991522.4614,38783548753.26162,0.10230588432356014
stressed,14159,39524849414.627846,37333176513.5245,41755184197.15729,0.10737905217765137
stressed,14219,37121210006.816086,35275119576.30464,39492759635.87657,0.10737905217765137
stressed,14279,37214399454.14372,35088021102.40701,39590329697.54104,0.10737905217765137
stressed,14339,36683963537.18759,34361309346.100784,39180241494.83769,0.10737905217765137
stressed,14399,36206659741.66043,34064011133.393375,38761475883.54882,0.10737905217765137
stressed,14459,35407085553.67238,33358460835.347427,37868061488.22532,0.10737905217765137
stressed,14519,35602726879.465256,33387230013.551254,37893786996.45726,0.10737905217765137
stressed,14579,34428425797.79166,32346001140.47409,36699187211.81017,0.10416990833894763
stressed,14639,35045243825.93793,33074873978.58024,37159596393.48952,0.10416990833894763
stressed,14699,35503694946.684204,33316197988.362724,37491549515.23375,0.10416990833894763
stressed,14759,35402789889.94444,33356439636.47934,37450205186.969406,0.10416990833894763
stressed,14819,35465083015.94956,33366923598.14731,37526365338.253654,0.10416990833894763
stressed,14879,35971546422.46092,34042016148.076736,38043701551.86684,0.10416990833894763
stressed,14939,36200085971.902695,34145806648.775528,38041362437.409065,0.10416990833894763
stressed,14999,36040698867.57587,33738543435.47192,37886956201.20021,0.10435871917178449
stressed,15059,35535590331.58383,33379363035.9768,37753904626.16509,0.10435871917178449
stressed,15119,35884270240.24286,33847234659.049484,38305111382.63882,0.10435871917178449
stressed,15179,35425082358.371826,33575673829.735115,37955344671.84245,0.10435871917178449
stressed,15239,35043256283.790375,33180272856.450775,37622865598.59334,0.10435871917178449
stressed,15299,35164173120.88303,33246187242.75826,37642642922.103874,0.10435871917178449
stressed,15359,35372013737.26812,33464427487.277355,37867784262.61959,0.10435871917178449
stressed,15419,32629785194.131184,31073309642.84415,35269377732.90495,0.09928930902441749
stressed,15479,33140094909.736496,31385726740.165604,35513506572.51403,0.09928930902441749
stressed,15539,33440839267.950047,31655092598.75886,35862092749.540115,0.09928930902441749
stressed,15599,33669583765.288063,31837689520.26675,36073007329.49434,0.09928930902441749
stressed,15659,33861461764.88594,31805178844.51351,36392248114.365295,0.09928930902441749
stressed,15719,34444192844.34146,32167870169.99784,36753893168.82685,0.09928930902441749
stressed,15779,33982718268.42004,31897272043.014095,36260369152.40982,0.09647702192582305
stressed,15839,33994870186.07994,31792582231.290493,36043314839.75464,0.09647702192582305
stressed,15899,33886088697.027145,31578217476.109447,35918158305.77037,0.09647702192582305
stressed,15959,33997215291.6427,31619450751.919518,36124037656.03278,0.09647702192582305
stressed,16019,34118186729.597443,31851056732.382584,36239456484.410706,0.09647702192582305
stressed,16079,34119025037.73636,31723190641.237534,36303176007.038315,0.09647702192582305
stressed,16139,34020851930.469673,31571167581.743156,36453381574.50744,0.09647702192582305
stressed,16199,32803468149.4778,30385356203.84414,35076640324.391556,0.09503417191357666
stressed,16259,33130080146.990967,30665033228.213737,35356580545.90027,0.09503417191357666
stressed,16319,33295559653.286552,30802845977.734905,35363560216.61546,0.09503417191357666
stressed,16379,33479580478.57715,31061657308.82258,35784174115.36346,0.09503417191357666
stressed,16439,33402140191.98511,31241411955.101803,35731890077.32982,0.09503417191357666
stressed,16499,33560698378.547066,31510056053.807022,35979099551.17953,0.09503417191357666
stressed,16559,33447461152.26998,31405872390.965126,35824260384.384155,0.09503417191357666
stressed,16619,33293348819.8696,31282537880.042274,35596592625.960785,0.09441162959334562
stressed,16679,33771893651.023815,31816312183.304623,36070938528.212326,0.09441162959334562
stressed,16739,33483785894.805573,31513260189.62015,35749083306.672455,0.09441162959334562
stressed,16799,33573525017.321045,31592753431.651443,35593754281.9345,0.09441162959334562
stressed,16859,33741846470.142,31782728229.484283,36117891952.399605,0.09441162959334562
stressed,16919,33755382303.241447,31721071695.13275,36091558273.58575,0.09441162959334562
stressed,16979,33948836698.329933,31832775107.36217,36373847016.21982,0.09441162959334562
stressed,17039,34953953815.61788,32979804116.61039,37677744057.19665,0.09640649097618904
stressed,17099,34720804338.55977,32885978543.08542,37512931453.60858,0.09640649097618904
stressed,17159,34745857454.80715,32962631392.263832,37413734852.736404,0.09640649097618904
stressed,17219,34859922240.702995,33181167448.09134,37298962867.38535,0.09640649097618904
stressed,17279,34840740858.19501,33333505302.403957,37277503881.52806,0.09640649097618904
stressed,17339,34964845782.40577,33251784826.746082,37344902170.323906,0.09640649097618904
stressed,17399,32883305703.637913,31222080879.121643,34905611182.889435,0.09077903464039305
stressed,17459,33058034230.11721,31412680195.292282,35185835632.31325,0.09077903464039305
stressed,17519,33406816050.460346,31724757065.300064,35424448851.38392,0.09077903464039305
stressed,17579,33275019380.49642,31649201919.87226,35107290652.14585,0.09077903464039305
stressed,17639,32786195702.81008,31309487418.157722,34877480130.817795,0.09077903464039305
stressed,17699,32672314347.955673,31074774556.621986,34748890547.979164,0.09077903464039305
stressed,17759,32816408526.9378,30945282802.6592,34735241457.1479,0.09077903464039305
stressed,17819,31731380153.220764,29899854510.0192,33718966754.76793,0.08838016804791915
stressed,17879,31123105131.41778,29428985470.02086,33214058490.756683,0.08838016804791915
stressed,17939,31033816662.706802,29399289804.26089,33108522326.845993,0.08838016804791915
stressed,17999,31025559798.535027,29287449385.745155,33064889117.422886,0.08838016804791915
stressed,18059,31179400328.89066,29357175929.46868,33305627954.386795,0.08838016804791915
stressed,18119,31345599128.84857,29494574575.71937,33409974503.559532,0.08838016804791915
stressed,18179,31250891135.20479,29282453519.98591,33415339489.09063,0.08838016804791915
stressed,18239,31780986390.60621,29914296233.33026,34082714852.138424,0.08799745267909055
stressed,18299,32193776703.689903,30356840077.918655,34406271585.92601,0.08799745267909055
stressed,18359,32312559238.012722,30414599062.730827,34293301415.34883,0.08799745267909055
stressed,18419,32483560833.51557,30594247798.319153,34458635006.92716,0.08799745267909055
stressed,18479,32875649534.66263,30569712788.55043,34716083311.199524,0.08799745267909055
stressed,18539,32943557415.28795,30835757537.575775,35016795422.28563,0.08799745267909055
stressed,18599,32756589667.56795,30757587191.624874,34737538920.509705,0.08799745267909055
stressed,18659,32649176606.099236,30414270017.23692,34392322814.27475,0.08589883873454043
stressed,18719,32635278070.91338,30605118682.755898,34437777249.93673,0.08589883873454043
stressed,18779,32783152767.17698,30750760327.03811,34494901274.76766,0.08589883873454043
stressed,18839,32619591173.444374,30224656851.895226,34218227214.02126,0.08589883873454043
stressed,18899,32822164618.136192,30630892440.34075,34579983928.5062,0.08589883873454043
stressed,18959,32335243254.04078,30361482681.178337,34387533722.08843,0.08589883873454043
stressed,19019,31520541867.27232,29554561259.0251,33548422020.82161,0.08331612078108908
stressed,19079,31682392346.714508,29898074399.84545,34128226620.409996,0.08331612078108908
stressed,19139,31643940107.356155,29881391304.794426,33925904485.47396,0.08331612078108908
stressed,19199,31843931257.191425,29980536347.093067,33878336712.657066,0.08331612078108908
stressed,19259,31967392950.832848,30106875846.199165,34091814392.93219,0.08331612078108908
stressed,19319,32425248860.86997,30232030815.021282,34317725596.19145,0.08331612078108908
stressed,19379,32251266421.142807,30350324909.587376,34246401581.254986,0.08331612078108908
stressed,19439,30964123728.44826,29238571445.75746,32879286942.521927,0.07972913645703013
stressed,19499,31051046984.346085,29423101940.89032,32879394839.962296,0.07972913645703013
stressed,19559,31056599767.892113,29295863001.336998,32648750144.456425,0.07972913645703013
stressed,19619,31056182226.404488,29270854283.37539,32603375934.117615,0.07972913645703013
stressed,19679,31132188171.647247,29373219821.257492,32588719972.76873,0.07972913645703013
stressed,19739,31242781620.87219,29627755623.581776,32869926909.33306,0.07972913645703013
stressed,19799,31014931710.651115,29465831806.851917,32730313975.909954,0.07972913645703013
stressed,19859,30567620748.165016,29061975809.736034,32351048650.796776,0.07829964796055087
stressed,19919,30177383774.75154,28684341806.71892,31967322621.96974,0.07829964796055087
stressed,19979,30561498530.01084,28843528130.838604,32334082456.007706,0.07829964796055087
stressed,20039,30679481895.931248,28985866813.666195,32436728079.727432,0.07829964796055087
stressed,20099,30740474361.965824,29116884698.492702,32482492704.947205,0.07829964796055087
stressed,20159,30813283936.150043,28964202358.120758,32480665786.24113,0.07829964796055087
stressed,20219,30895229544.57816,28963478454.385468,32511109628.963966,0.07829964796055087
stressed,20279,30529921156.914913,28687702492.15445,32197250699.16952,0.07592123604588302
stressed,20339,30393425737.5309,28659470087.26499,32083345256.372658,0.07592123604588302
stressed,20399,30259839179.568996,28609520147.080276,32086634619.84558,0.07592123604588302
stressed,20459,30175356017.23352,28144384123.986767,31898560279.05201,0.07592123604588302
stressed,20519,30064244058.35635,27950652102.31456,31895770834.14208,0.07592123604588302
stressed,20579,30153580607.18003,28127656382.86453,32004650814.96923,0.07592123604588302
stressed,20639,29361457363.295815,27546815586.243374,31302376375.89148,0.0759767559123643
stressed,20699,29779947318.206844,28007532928.24158,31816555430.782875,0.0759767559123643
stressed,20759,29722752639.365414,27954091964.600433,31711246678.208504,0.0759767559123643
stressed,20819,29733213863.691635,27909109310.850796,31712186108.00233,0.0759767559123643
stressed,20879,29774467540.27272,27864842130.211586,31866990108.157707,0.0759767559123643
stressed,20939,29816059875.645603,27937993021.859894,31985426899.581528,0.0759767559123643
stressed,20999,29906034710.63007,28031870995.5305,32056309482.38905,0.0759767559123643
stressed,21059,29577457442.3335,27876191186.72635,31638428153.548557,0.07585782669151896
stressed,21119,29610703985.812027,27735648056.117218,31658281239.14643,0.07585782669151896
stressed,21179,29284557250.073532,27452331369.978104,31544447398.98456,0.07585782669151896
stressed,21239,29141104167.71782,27433964961.239296,31473301716.357246,0.07585782669151896
stressed,21299,29132151351.15386,27328111576.847286,31384930761.86383,0.07585782669151896
stressed,21359,29129714585.358612,27164712194.796265,31362768617.12194,0.07585782669151896
stressed,21419,29256310010.462143,27089561514.765163,31360008090.122375,0.07585782669151896
stressed,21479,28401418454.970333,26422947905.043503,30613897794.771233,0.0734787317752329
stressed,21539,28500675450.99509,26612749215.255753,30709277788.384094,0.0734787317752329
stressed,21599,28365307875.98201,26918303188.165627,30629205280.9598,0.0734787317752329
stressed,21659,28600304749.058006,27165921084.169884,30785922042.70719,0.0734787317752329
stressed,21719,28684033029.128567,26873495475.439686,30761808505.256893,0.0734787317752329
stressed,21779,28964588626.352234,26949501743.32627,31064177733.582672,0.0734787317752329
stressed,21839,28995332789.035576,27139531278.479416,31293986773.063393,0.0734787317752329
stressed,21899,29204479460.06909,27311273927.714977,31466204681.084778,0.07263213867270554
stressed,21959,29380538093.672543,27576692724.060265,31752822895.746597,0.07263213867270554
stressed,22019,29363909430.369114,27542246917.768307,31622393427.670105,0.07263213867270554
stressed,22079,29390724765.64782,27505968007.034103,31497950961.415474,0.07263213867270554
stressed,22139,29527627500.451378,27381534322.00504,31687562592.30455,0.07263213867270554
stressed,22199,29478509377.51114,27565672867.032635,31592019923.81318,0.07263213867270554
stressed,22259,28744702322.635002,27005025111.323402,30804266652.05226,0.0710040654640021
stressed,22319,28883283868.36778,27124918756.247192,30906159218.492302,0.0710040654640021
stressed,22379,28714434340.387867,27045888022.002,30898651049.798756,0.0710040654640021
stressed,22439,28750302995.511482,27121890077.834827,31047080021.563416,0.0710040654640021
stressed,22499,28831512219.689995,27348234096.964043,31196490184.307915,0.0710040654640021
stressed,22559,28963839855.14402,27111121970.487694,31091237201.36125,0.0710040654640021
stressed,22619,28636566908.34961,27116902951.088017,30860297600.303818,0.0710040654640021
stressed,22679,28305321079.954975,26457970915.288967,30506982265.3779,0.06936485553547489
stressed,22739,28400163979.879936,26705382147.91551,30469601614.09469,0.06936485553547489
stressed,22799,28684364431.285454,26957932317.483315,30778779503.72729,0.06936485553547489
stressed,22859,28462978809.217995,26739330646.956284,30513277854.348724,0.06936485553547489
stressed,22919,28460052416.94672,26801135315.90318,30594544588.44694,0.06936485553547489
stressed,22979,28457192781.412415,26846488909.347836,30503821301.974663,0.06936485553547489
stressed,23039,28413527729.70957,26979448130.340847,30624583226.421688,0.06936485553547489
stressed,23099,28500340017.138763,26864156004.928677,30775495958.796562,0.06893574813759736
stressed,23159,28475412395.63627,26940975038.416046,30765689297.138,0.06893574813759736
stressed,23219,28575236087.93183,27004284671.298717,30655842298.80821,0.06893574813759736
stressed,23279,28439973602.9164,26968215978.18024,30430933636.80003,0.06893574813759736
stressed,23339,28498643949.565884,26907951499.24865,30281583938.632584,0.06893574813759736
stressed,23399,28487922510.52954,26999300423.68827,30360422975.666904,0.06893574813759736
stressed,23459,28578071194.658337,27245437863.122574,30530679245.573677,0.06893574813759736
stressed,23519,26875037021.345894,25492676172.118504,28636384879.314644,0.06549035767296443
stressed,23579,27043134501.687546,25724570586.660557,28790971620.279938,0.06549035767296443
stressed,23639,27449770629.12246,26075395936.071144,29130927718.400547,0.06549035767296443
stressed,23699,27356630190.047688,25996125450.984566,29079296587.395195,0.06549035767296443
stressed,23759,27179548899.617313,25803823808.48885,29041509240.431114,0.06549035767296443
stressed,23819,27107486191.60972,25845189830.20472,28932271323.83261,0.06549035767296443
stressed,23879,26416039360.766796,25215202211.24834,28221022730.507103,0.0637350343945948
stressed,23939,26574989208.298042,25306047414.16193,28299051219.534657,0.0637350343945948
stressed,23999,26693379686.06343,25385292770.707165,28334153468.185577,0.0637350343945948
stressed,24059,26887110455.69619,25544144912.430683,28443483462.690483,0.0637350343945948
stressed,24119,26744863075.013428,25376327756.154697,28305322727.798576,0.0637350343945948
stressed,24179,26598078575.690212,25323735262.883175,28240371042.58542,0.0637350343945948
stressed,24239,26420662394.233616,25122951236.548626,27976018706.33275,0.0637350343945948
stressed,24299,26877721530.985542,25531695969.567677,28545660463.07045,0.06565793641394807
stressed,24359,26869271984.88526,25527286907.82161,28457688348.67654,0.06565793641394807
stressed,24419,26306418799.713196,25178220973.31391,28162946635.178062,0.06565793641394807
stressed,24479,26214042350.94464,25105624457.192993,28076548459.70428,0.06565793641394807
stressed,24539,26185368138.164417,24903246507.349754,27974616305.883293,0.06565793641394807
stressed,24599,26077837325.539616,24772297386.62308,27990070739.640533,0.06565793641394807
stressed,24659,26154705120.22704,24810012231.076157,28150266229.53693,0.06565793641394807
stressed,24719,25127513216.52408,23817543370.545353,27253065671.4894,0.06374083650147869
stressed,24779,25252648984.528603,23818488634.402504,27322302618.98497,0.06374083650147869
stressed,24839,25483657695.546387,23847743281.70123,27411238448.908394,0.06374083650147869
stressed,24899,25329575989.86248,24005250502.801815,27506978001.216324,0.06374083650147869
stressed,24959,25426472234.382233,24247765422.79108,27816963297.791607,0.06374083650147869
stressed,25019,25673745490.679424,24411498472.73019,28083948267.547043,0.06374083650147869
stressed,25079,26058250141.841835,24759675060.356056,28204408855.53894,0.06374083650147869
stressed,25139,25549809101.836002,24206758387.40054,27375947003.47333,0.06253867988567383
stressed,25199,25589146481.824474,24356093819.427933,27741312105.107094,0.06253867988567383
stressed,25259,25577057329.73955,24340843074.41233,27874044518.243713,0.06253867988567383
stressed,25319,25629406932.728058,24415581768.700764,27813718581.929756,0.06253867988567383
stressed,25379,25869269248.966682,24646113482.75488,28060786154.58631,0.06253867988567383
stressed,25439,25982709848.95566,24556872869.09606,27988884358.656456,0.06253867988567383
stressed,25499,25124072419.829727,23932597345.53833,27146546091.102108,0.05888902714588841
stressed,25559,25267711778.8375,23952389023.004337,26940988129.502407,0.05888902714588841
stressed,25619,25419379219.804367,24028710138.520943,27011439581.34959,0.05888902714588841
stressed,25679,25394422450.545322,23990670476.99092,26863980574.04088,0.05888902714588841
stressed,25739,25338952461.4265,24016792336.20753,26819767893.7959,0.05888902714588841
stressed,25799,25129736719.794777,23887775134.417877,26685236170.392838,0.05888902714588841
stressed,25859,25206459641.0325,23944510960.84191,26817461834.826283,0.05888902714588841
stressed,25919,25877484914.534515,24579325067.759087,27273760342.050896,0.0608217095060727
stressed,25979,26259821104.068714,24837691523.453777,27771166577.43849,0.0608217095060727
stressed,26039,26173637301.25834,24619294352.187378,27468348222.58537,0.0608217095060727
stressed,26099,26043475923.473286,24544199089.04481,27487672271.089314,0.0608217095060727
stressed,26159,26240189206.482105,24630820431.069035,27554135778.04049,0.0608217095060727
stressed,26219,26076300499.93241,24706479030.967213,27652273905.389153,0.0608217095060727
stressed,26279,25858477266.64559,24393326641.917046,27220342161.21662,0.0608217095060727
stressed,26339,25689150958.9488,24375125993.09098,27073001209.080757,0.05938346250156173
stressed,26399,25586775971.77068,24345791904.68146,27052509573.586613,0.05938346250156173
stressed,26459,25415532296.63916,24158580871.605133,26988604066.353905,0.05938346250156173
stressed,26519,25220807462.17582,24000519565.040646,26886733215.08069,0.05938346250156173
stressed,26579,25335011955.75495,24048729749.970264,26989868494.667564,0.05938346250156173
stressed,26639,25232569366.443123,24123628959.184315,26750966805.986057,0.05938346250156173
stressed,26699,25255958291.38099,24233736813.342613,27049190524.977173,0.05938346250156173
stressed,26759,24863964412.915855,23851984746.041855,26550041050.80198,0.058477060607554004
stressed,26819,24687531472.263336,23593441644.22896,26242606138.2279,0.058477060607554004
stressed,26879,24804717595.3687,23797047629.384415,26531628051.256943,0.058477060607554004
stressed,26939,24844501387.575134,23814375598.765297,26493833689.58632,0.058477060607554004
stressed,26999,25099207897.157158,23883297141.909256,26535315661.480507,0.058477060607554004
stressed,27059,25131138839.980843,23922017382.57589,26519628681.2221,0.058477060607554004
stressed,27119,24106276795.211723,23050273213.62401,25610818582.835728,0.05681804741609865
stressed,27179,24303674453.271065,23093241259.71113,25751470948.988686,0.05681804741609865
stressed,27239,24518792660.321854,23222689328.50402,25945228365.65895,0.05681804741609865
stressed,27299,24521673278.507805,23276487172.837082,25989840578.311375,0.05681804741609865
stressed,27359,24505804429.68165,23258870936.098885,25769760763.678997,0.05681804741609865
stressed,27419,24679620120.79644,23459687909.933533,25960992765.86854,0.05681804741609865
stressed,27479,24425488221.94094,23382265757.846985,25940036304.07705,0.05681804741609865
stressed,27539,23223195174.14814,22253117466.41236,24555194493.620888,0.053502195001885466
stressed,27599,23109935478.71177,22159226170.14148,24509412124.985603,0.053502195001885466
stressed,27659,22825964521.308697,21934801550.709652,24229827652.04415,0.053502195001885466
stressed,27719,22721121694.886078,21849357812.31157,24136005972.829407,0.053502195001885466
stressed,27779,22210998196.92713,21311512033.174133,23627851781.720367,0.05200892875229169
stressed,27839,22057178243.133286,21135498184.392395,23411837267.73256,0.05200892875229169
stressed,27899,22045711803.40591,21116508039.41564,23404474992.997135,0.05200892875229169
stressed,27959,22355338795.330864,21403159015.680336,23614344735.267143,0.05200892875229169
stressed,28019,22249351089.248,21333013398.07033,23478071340.61914,0.05200892875229169
stressed,28079,22356741434.532173,21316619648.035645,23441120328.169212,0.05200892875229169
stressed,28139,21531476981.944317,20615248477.620613,22588664995.90778,0.05046058136038413
stressed,28199,21304591917.711388,20479243187.858818,22476398321.488464,0.05046058136038413
stressed,28259,21482772186.604485,20669223083.406353,22635503547.014465,0.05046058136038413
stressed,28319,21795446183.406548,21048023113.72973,23085645388.114532,0.05046058136038413
stressed,28379,21713425102.079124,21012503224.246246,23104797146.703472,0.05046058136038413
stressed,28439,21790007330.013084,21089336675.230564,23110075126.7175,0.05046058136038413
stressed,28499,21916487493.733143,21182216485.120266,23235603139.635754,0.05046058136038413
stressed,28559,22140882885.75156,21404739585.476143,23474203674.04452,0.05056777833298204
stressed,28619,22022515529.307068,21299736372.51149,23367131399.52093,0.05056777833298204
stressed,28679,22111234329.82026,21201951527.85987,23398241839.58317,0.05056777833298204
stressed,28739,22185008157.194473,21288651005.28089,23436938447.637375,0.05056777833298204
stressed,28799,22125267222.055,21062507642.76886,23299275772.083916,0.05056777833298204
stressed,28859,21974750449.86108,20876988056.683968,23154367457.014576,0.05056777833298204
stressed,28919,21821365624.98345,20691015878.869434,22994793024.819878,0.05056777833298204
