regime,hour,p50,p25,p75,day
calm,0,0.0,0.0,0.0,0.0
calm,1,0.0,0.0,0.0,0.14814814814814814
calm,2,0.0,0.0,0.0,0.2962962962962963
calm,3,0.0,0.0,0.0,0.4444444444444444
calm,4,0.0,0.0,0.0,0.5925925925925926
calm,5,0.0,0.0,0.0,0.7407407407407407
calm,6,5.0,5.0,5.0,0.8888888888888888
calm,7,0.0,0.0,0.0,1.037037037037037
calm,8,0.0,0.0,0.0,1.1851851851851851
calm,9,0.0,0.0,0.0,1.3333333333333333
calm,10,0.0,0.0,0.0,1.4814814814814814
calm,11,0.0,0.0,0.0,1.6296296296296298
calm,12,0.0,0.0,0.0,1.7777777777777777
calm,13,0.0,0.0,0.0,1.925925925925926
calm,14,0.0,0.0,0.0,2.074074074074074
calm,15,0.0,0.0,0.0,2.2222222222222223
calm,16,0.0,0.0,0.0,2.3703703703703702
calm,17,0.0,0.0,0.0,2.5185185185185186
calm,18,0.0,0.0,0.0,2.6666666666666665
calm,19,4.5,2.75,5.0,2.814814814814815
calm,20,5.0,5.0,5.0,2.962962962962963
calm,21,0.0,0.0,0.0,3.111111111111111
calm,22,0.0,0.0,0.0,3.259259259259259
calm,23,0.0,0.0,0.0,3.4074074074074074
calm,24,0.0,0.0,5.0,3.5555555555555554
calm,25,0.0,0.0,0.0,3.7037037037037037
calm,26,5.0,5.0,5.0,3.851851851851852
calm,27,5.0,5.0,5.0,4.0
calm,28,0.0,0.0,0.0,4.148148148148148
calm,29,0.0,0.0,0.0,4.296296296296296
calm,30,0.0,0.0,0.0,4.444444444444445
calm,31,0.0,0.0,0.0,4.592592592592593
calm,32,0.0,0.0,0.0,4.7407407407407405
calm,33,0.0,0.0,0.0,4.888888888888889
calm,34,0.0,0.0,0.0,5.037037037037037
calm,35,0.0,0.0,0.0,5.185185185185185
calm,36,0.0,0.0,0.0,5.333333333333333
calm,37,5.0,5.0,5.0,5.481481481481482
calm,38,0.0,0.0,2.0,5.62962962962963
calm,39,0.0,0.0,0.0,5.777777777777778
calm,40,5.0,2.0,5.0,5.925925925925926
calm,41,0.0,0.0,0.0,6.074074074074074
calm,42,5.0,5.0,5.0,6.222222222222222
calm,43,0.0,0.0,0.0,6.37037037037037
calm,44,0.0,0.0,0.0,6.518518518518518
calm,45,0.0,0.0,0.0,6.666666666666667
calm,46,0.0,0.0,0.0,6.814814814814815
calm,47,5.0,5.0,5.0,6.962962962962963
calm,48,5.0,5.0,5.0,7.111111111111111
calm,49,5.0,5.0,5.0,7.2592592592592595
calm,50,5.0,5.0,6.0,7.407407407407407
calm,51,0.0,0.0,0.0,7.555555555555555
calm,52,5.0,5.0,5.0,7.703703703703704
calm,53,0.0,0.0,0.0,7.851851851851852
calm,54,5.0,5.0,5.0,8.0
calm,55,5.0,5.0,5.0,8.148148148148149
calm,56,0.0,0.0,0.0,8.296296296296296
calm,57,0.0,0.0,0.0,8.444444444444445
calm,58,5.0,5.0,5.0,8.592592592592592
calm,59,0.0,0.0,0.0,8.74074074074074
calm,60,5.0,5.0,5.0,8.88888888888889
calm,61,0.0,0.0,0.0,9.037037037037036
calm,62,5.0,5.0,5.0,9.185185185185185
calm,63,5.0,5.0,5.0,9.333333333333334
calm,64,0.0,0.0,0.0,9.481481481481481
calm,65,5.0,5.0,5.0,9.62962962962963
calm,66,0.0,0.0,0.0,9.777777777777779
calm,67,0.0,0.0,5.0,9.925925925925926
calm,68,5.0,5.0,5.0,10.074074074074074
calm,69,5.0,5.0,5.0,10.222222222222221
calm,70,5.0,5.0,5.0,10.37037037037037
calm,71,0.0,0.0,0.0,10.518518518518519
calm,72,5.0,5.0,5.0,10.666666666666666
calm,73,5.0,5.0,5.0,10.814814814814815
calm,74,5.0,5.0,5.0,10.962962962962964
calm,75,0.0,0.0,0.0,11.11111111111111
calm,76,5.0,5.0,5.0,11.25925925925926
calm,77,0.0,0.0,0.0,11.407407407407407
calm,78,0.0,0.0,0.0,11.555555555555555
calm,79,0.0,0.0,0.0,11.703703703703704
calm,80,0.0,0.0,0.0,11.851851851851851
calm,81,5.0,5.0,5.0,12.0
calm,82,5.0,1.0,5.0,12.148148148148149
calm,83,5.0,5.0,5.0,12.296296296296296
calm,84,5.0,5.0,5.0,12.444444444444445
calm,85,0.0,0.0,0.0,12.592592592592592
calm,86,0.0,0.0,0.0,12.74074074074074
calm,87,9.0,8.0,10.0,12.88888888888889
calm,88,5.0,5.0,5.0,13.037037037037036
calm,89,5.0,5.0,5.0,13.185185185185185
calm,90,5.0,5.0,5.0,13.333333333333334
calm,91,0.0,0.0,0.0,13.481481481481481
calm,92,5.0,5.0,5.0,13.62962962962963
calm,93,0.0,0.0,0.0,13.777777777777779
calm,94,0.0,0.0,0.0,13.925925925925926
calm,95,5.0,5.0,5.0,14.074074074074074
calm,96,5.0,5.0,5.0,14.222222222222221
calm,97,5.0,5.0,5.0,14.37037037037037
calm,98,0.0,0.0,5.0,14.518518518518519
calm,99,0.0,0.0,0.0,14.666666666666666
calm,100,0.0,0.0,0.0,14.814814814814815
calm,101,5.0,5.0,6.0,14.962962962962964
calm,102,0.0,0.0,0.0,15.11111111111111
calm,103,5.0,5.0,5.0,15.25925925925926
calm,104,0.0,0.0,0.0,15.407407407407407
calm,105,0.0,0.0,0.0,15.555555555555555
calm,106,0.0,0.0,0.0,15.703703703703704
calm,107,5.0,5.0,5.0,15.851851851851851
calm,108,5.0,5.0,5.0,16.0
calm,109,5.0,3.5,5.0,16.14814814814815
calm,110,0.0,0.0,0.0,16.296296296296298
calm,111,0.0,0.0,0.0,16.444444444444443
calm,112,0.0,0.0,0.0,16.59259259259259
calm,113,0.0,0.0,0.0,16.74074074074074
calm,114,9.0,8.0,10.0,16.88888888888889
calm,115,5.0,5.0,5.0,17.037037037037038
calm,116,0.0,0.0,0.0,17.185185185185187
calm,117,5.0,5.0,5.0,17.333333333333332
calm,118,5.0,5.0,5.0,17.48148148148148
calm,119,0.0,0.0,0.0,17.62962962962963
calm,120,5.0,5.0,5.0,17.77777777777778
calm,121,5.0,5.0,5.0,17.925925925925927
calm,122,0.0,0.0,0.0,18.074074074074073
calm,123,0.0,0.0,0.0,18.22222222222222
calm,124,0.0,0.0,0.0,18.37037037037037
calm,125,0.0,0.0,0.0,18.51851851851852
calm,126,0.0,0.0,0.0,18.666666666666668
calm,127,0.0,0.0,0.0,18.814814814814813
calm,128,5.0,5.0,5.0,18.962962962962962
calm,129,5.0,5.0,5.0,19.11111111111111
calm,130,0.0,0.0,0.0,19.25925925925926
calm,131,4.0,0.0,5.0,19.40740740740741
calm,132,0.0,0.0,0.0,19.555555555555557
calm,133,0.0,0.0,0.0,19.703703703703702
calm,134,5.0,3.75,5.0,19.85185185185185
calm,135,9.0,8.0,10.0,20.0
calm,136,3.0,0.0,5.0,20.14814814814815
calm,137,5.0,5.0,5.0,20.296296296296298
calm,138,0.0,0.0,0.0,20.444444444444443
calm,139,5.0,5.0,5.0,20.59259259259259
calm,140,0.0,0.0,0.0,20.74074074074074
calm,141,5.0,5.0,5.0,20.88888888888889
calm,142,0.0,0.0,0.0,21.037037037037038
calm,143,0.0,0.0,0.0,21.185185185185187
calm,144,0.0,0.0,0.0,21.333333333333332
calm,145,0.0,0.0,0.0,21.48148148148148
calm,146,0.0,0.0,0.0,21.62962962962963
calm,147,0.0,0.0,0.0,21.77777777777778
calm,148,5.0,5.0,5.0,21.925925925925927
calm,149,5.0,5.0,5.0,22.074074074074073
calm,150,0.0,0.0,0.0,22.22222222222222
calm,151,0.0,0.0,0.0,22.37037037037037
calm,152,0.0,0.0,0.0,22.51851851851852
calm,153,0.0,0.0,0.0,22.666666666666668
calm,154,0.0,0.0,0.0,22.814814814814813
calm,155,5.0,5.0,5.0,22.962962962962962
calm,156,5.0,5.0,5.0,23.11111111111111
calm,157,0.0,0.0,0.0,23.25925925925926
calm,158,0.0,0.0,0.0,23.40740740740741
calm,159,0.0,0.0,0.0,23.555555555555557
calm,160,0.0,0.0,0.0,23.703703703703702
calm,161,0.0,0.0,0.0,23.85185185185185
calm,162,5.0,5.0,5.0,24.0
calm,163,5.0,5.0,5.0,24.14814814814815
calm,164,0.0,0.0,0.0,24.296296296296298
calm,165,0.0,0.0,0.0,24.444444444444443
calm,166,0.0,0.0,0.0,24.59259259259259
calm,167,0.0,0.0,0.0,24.74074074074074
calm,168,0.0,0.0,0.0,24.88888888888889
calm,169,5.0,5.0,5.0,25.037037037037038
calm,170,0.0,0.0,0.0,25.185185185185187
calm,171,5.0,5.0,5.0,25.333333333333332
calm,172,5.0,5.0,5.0,25.48148148148148
calm,173,0.0,0.0,0.0,25.62962962962963
calm,174,0.0,0.0,0.0,25.77777777777778
calm,175,5.0,3.75,5.0,25.925925925925927
calm,176,0.0,0.0,0.0,26.074074074074073
calm,177,0.0,0.0,0.0,26.22222222222222
calm,178,0.0,0.0,0.0,26.37037037037037
calm,179,0.0,0.0,0.0,26.51851851851852
calm,180,0.0,0.0,0.0,26.666666666666668
calm,181,0.0,0.0,0.0,26.814814814814813
calm,182,0.0,0.0,0.0,26.962962962962962
calm,183,0.0,0.0,0.0,27.11111111111111
calm,184,0.0,0.0,0.0,27.25925925925926
calm,185,0.0,0.0,0.0,27.40740740740741
calm,186,0.0,0.0,0.0,27.555555555555557
calm,187,5.0,5.0,5.0,27.703703703703702
calm,188,5.0,0.0,5.0,27.85185185185185
calm,189,0.0,0.0,0.0,28.0
calm,190,5.0,4.0,5.0,28.14814814814815
calm,191,0.0,0.0,0.0,28.296296296296298
calm,192,0.0,0.0,0.0,28.444444444444443
calm,193,0.0,0.0,0.0,28.59259259259259
calm,194,0.0,0.0,0.0,28.74074074074074
calm,195,5.0,5.0,5.0,28.88888888888889
calm,196,0.0,0.0,0.0,29.037037037037038
calm,197,0.0,0.0,0.0,29.185185185185187
calm,198,0.0,0.0,0.0,29.333333333333332
calm,199,0.0,0.0,0.0,29.48148148148148
calm,200,0.0,0.0,0.0,29.62962962962963
calm,201,0.0,0.0,0.0,29.77777777777778
calm,202,0.0,0.0,0.0,29.925925925925927
calm,203,5.0,5.0,5.0,30.074074074074073
calm,204,5.0,5.0,5.0,30.22222222222222
calm,205,0.0,0.0,0.0,30.37037037037037
calm,206,0.0,0.0,0.0,30.51851851851852
calm,207,0.0,0.0,0.0,30.666666666666668
calm,208,0.0,0.0,0.0,30.814814814814813
calm,209,5.0,5.0,5.0,30.962962962962962
calm,210,0.0,0.0,0.0,31.11111111111111
calm,211,0.0,0.0,0.0,31.25925925925926
calm,212,0.0,0.0,0.0,31.40740740740741
calm,213,0.0,0.0,0.0,31.555555555555557
calm,214,0.0,0.0,0.0,31.703703703703702
calm,215,0.0,0.0,0.0,31.85185185185185
calm,216,0.0,0.0,0.0,32.0
calm,217,0.0,0.0,0.0,32.148148148148145
calm,218,0.0,0.0,0.0,32.2962962962963
calm,219,0.0,0.0,0.0,32.44444444444444
calm,220,0.0,0.0,0.0,32.592592592592595
calm,221,0.0,0.0,0.0,32.74074074074074
calm,222,0.0,0.0,0.0,32.888888888888886
calm,223,0.0,0.0,0.0,33.03703703703704
calm,224,0.0,0.0,0.0,33.18518518518518
calm,225,0.0,0.0,0.0,33.333333333333336
calm,226,0.0,0.0,0.0,33.48148148148148
calm,227,0.0,0.0,0.0,33.629629629629626
calm,228,5.0,5.0,5.0,33.77777777777778
calm,229,1.0,0.0,5.0,33.925925925925924
calm,230,5.0,5.0,5.0,34.074074074074076
calm,231,0.0,0.0,0.0,34.22222222222222
calm,232,5.0,5.0,5.0,34.370370370370374
calm,233,0.0,0.0,0.0,34.51851851851852
calm,234,0.0,0.0,0.0,34.666666666666664
calm,235,1.0,0.0,5.0,34.81481481481482
calm,236,6.0,5.0,6.0,34.96296296296296
calm,237,0.0,0.0,0.0,35.111111111111114
calm,238,0.0,0.0,0.0,35.25925925925926
calm,239,0.0,0.0,0.0,35.407407407407405
calm,240,0.0,0.0,0.0,35.55555555555556
calm,241,0.0,0.0,0.0,35.7037037037037
calm,242,0.0,0.0,0.0,35.851851851851855
calm,243,5.0,5.0,5.0,36.0
calm,244,0.0,0.0,0.0,36.14778325123153
calm,245,0.0,0.0,0.0,36.29556650246305
calm,246,0.0,0.0,0.0,36.443349753694584
calm,247,0.0,0.0,0.0,36.59113300492611
calm,248,0.0,0.0,0.0,36.73891625615764
calm,249,0.0,0.0,0.0,36.88669950738916
calm,250,5.0,5.0,5.0,37.03448275862069
calm,251,0.0,0.0,0.0,37.18226600985221
calm,252,0.0,0.0,0.0,37.330049261083744
calm,253,0.0,0.0,0.0,37.477832512315274
calm,254,0.0,0.0,0.0,37.6256157635468
calm,255,0.0,0.0,0.0,37.77339901477833
calm,256,0.0,0.0,0.0,37.92118226600985
calm,257,0.0,0.0,0.25,38.06896551724138
calm,258,0.0,0.0,0.0,38.216748768472904
calm,259,0.0,0.0,0.0,38.364532019704434
calm,260,0.0,0.0,0.0,38.51231527093596
calm,261,5.0,4.75,5.0,38.66009852216749
calm,262,0.0,0.0,0.0,38.80788177339902
calm,263,5.0,5.0,5.0,38.95566502463054
calm,264,0.0,0.0,0.0,39.10344827586207
calm,265,0.0,0.0,0.0,39.251231527093594
calm,266,0.0,0.0,0.0,39.399014778325125
calm,267,0.0,0.0,0.0,39.54679802955665
calm,268,0.0,0.0,0.0,39.69458128078818
calm,269,0.0,0.0,0.0,39.8423645320197
calm,270,0.0,0.0,0.0,39.99014778325123
calm,271,0.0,0.0,0.0,40.13793103448276
calm,272,0.0,0.0,0.0,40.285714285714285
calm,273,0.0,0.0,0.0,40.433497536945815
calm,274,0.0,0.0,0.0,40.58128078817734
calm,275,0.0,0.0,0.0,40.72906403940887
calm,276,0.0,0.0,0.0,40.87684729064039
calm,277,0.0,0.0,0.0,41.02463054187192
calm,278,0.0,0.0,0.0,41.172413793103445
calm,279,0.0,0.0,0.0,41.320197044334975
calm,280,0.0,0.0,0.0,41.467980295566505
calm,281,0.0,0.0,0.0,41.61576354679803
calm,282,0.0,0.0,0.0,41.76354679802956
calm,283,0.0,0.0,0.0,41.91133004926108
calm,284,5.0,5.0,5.0,42.05911330049261
calm,285,4.0,0.0,5.0,42.206896551724135
calm,286,0.0,0.0,0.0,42.354679802955665
calm,287,0.0,0.0,0.0,42.50246305418719
calm,288,0.0,0.0,0.0,42.65024630541872
calm,289,5.0,5.0,5.0,42.79802955665025
calm,290,0.0,0.0,0.0,42.94581280788177
calm,291,0.0,0.0,0.0,43.0935960591133
calm,292,0.0,0.0,0.0,43.241379310344826
calm,293,0.0,0.0,0.0,43.389162561576356
calm,294,0.0,0.0,0.0,43.53694581280788
calm,295,0.0,0.0,0.0,43.68472906403941
calm,296,0.0,0.0,0.0,43.83251231527093
calm,297,0.0,0.0,0.0,43.98029556650246
calm,298,0.0,0.0,0.0,44.12807881773399
calm,299,0.0,0.0,0.0,44.275862068965516
calm,300,5.0,5.0,5.0,44.423645320197046
calm,301,0.0,0.0,0.0,44.57142857142857
calm,302,0.0,0.0,0.0,44.7192118226601
calm,303,5.0,5.0,5.0,44.86699507389162
calm,304,0.0,0.0,0.0,45.01477832512315
calm,305,0.0,0.0,0.0,45.16256157635468
calm,306,5.0,5.0,5.0,45.310344827586206
calm,307,0.0,0.0,0.0,45.45812807881774
calm,308,0.0,0.0,0.0,45.60591133004926
calm,309,0.0,0.0,0.0,45.75369458128079
calm,310,0.0,0.0,0.0,45.90147783251231
calm,311,0.0,0.0,0.0,46.04926108374384
calm,312,0.0,0.0,0.0,46.19704433497537
calm,313,0.0,0.0,0.0,46.3448275862069
calm,314,0.0,0.0,0.0,46.49261083743843
calm,315,0.0,0.0,0.0,46.64039408866995
calm,316,0.0,0.0,0.0,46.78817733990148
calm,317,0.0,0.0,2.25,46.935960591133004
calm,318,5.0,5.0,5.0,47.083743842364534
calm,319,5.0,0.0,5.0,47.23152709359606
calm,320,0.0,0.0,3.25,47.37931034482759
calm,321,0.0,0.0,0.0,47.52709359605911
calm,322,0.0,0.0,0.0,47.67487684729064
calm,323,0.0,0.0,0.0,47.82266009852217
calm,324,5.0,5.0,5.0,47.970443349753694
calm,325,0.0,0.0,0.0,48.118226600985224
calm,326,0.0,0.0,0.0,48.26600985221675
calm,327,0.0,0.0,0.0,48.41379310344828
calm,328,5.0,5.0,5.0,48.5615763546798
calm,329,5.0,1.0,5.0,48.70935960591133
calm,330,5.0,5.0,5.0,48.857142857142854
calm,331,0.0,0.0,0.0,49.004926108374384
calm,332,5.0,5.0,5.0,49.152709359605915
calm,333,0.0,0.0,0.0,49.30049261083744
calm,334,0.0,0.0,0.0,49.44827586206897
calm,335,0.0,0.0,0.0,49.59605911330049
calm,336,0.0,0.0,0.0,49.74384236453202
calm,337,0.0,0.0,0.0,49.891625615763544
calm,338,0.0,0.0,0.0,50.039408866995075
calm,339,0.0,0.0,0.0,50.1871921182266
calm,340,0.0,0.0,0.0,50.33497536945813
calm,341,0.0,0.0,0.0,50.48275862068966
calm,342,0.0,0.0,0.0,50.63054187192118
calm,343,0.0,0.0,0.0,50.77832512315271
calm,344,5.0,5.0,5.0,50.926108374384235
calm,345,0.0,0.0,0.0,51.073891625615765
calm,346,0.0,0.0,0.0,51.22167487684729
calm,347,0.0,0.0,0.0,51.36945812807882
calm,348,0.0,0.0,0.0,51.51724137931034
calm,349,0.0,0.0,0.0,51.66502463054187
calm,350,0.0,0.0,0.0,51.8128078817734
calm,351,0.0,0.0,0.0,51.960591133004925
calm,352,0.0,0.0,0.0,52.108374384236456
calm,353,0.0,0.0,0.0,52.25615763546798
calm,354,0.0,0.0,0.0,52.40394088669951
calm,355,0.0,0.0,0.0,52.55172413793103
calm,356,0.0,0.0,0.0,52.69950738916256
calm,357,0.0,0.0,0.0,52.847290640394085
calm,358,5.0,5.0,5.0,52.995073891625616
calm,359,0.0,0.0,0.0,53.142857142857146
calm,360,0.0,0.0,0.0,53.29064039408867
calm,361,0.0,0.0,0.0,53.4384236453202
calm,362,0.0,0.0,0.0,53.58620689655172
calm,363,0.0,0.0,0.0,53.73399014778325
calm,364,0.0,0.0,0.0,53.881773399014776
calm,365,0.0,0.0,0.0,54.044444444444444
calm,366,0.0,0.0,0.0,54.266666666666666
calm,367,0.0,0.0,0.0,54.48888888888889
calm,368,0.0,0.0,0.0,54.71111111111111
calm,369,0.0,0.0,0.0,54.93333333333333
calm,370,0.0,0.0,0.0,55.14736842105263
calm,371,0.0,0.0,0.0,55.357894736842105
calm,372,0.0,0.0,0.0,55.56842105263158
calm,373,0.0,0.0,0.0,55.77894736842105
calm,374,0.0,0.0,0.0,55.98947368421052
calm,375,5.0,5.0,6.0,56.14039408866995
calm,376,5.0,0.0,5.0,56.28817733990148
calm,377,0.0,0.0,0.0,56.435960591133004
calm,378,0.0,0.0,0.0,56.583743842364534
calm,379,0.0,0.0,0.0,56.73152709359606
calm,380,8.0,6.0,9.0,56.87931034482759
calm,381,5.0,5.0,5.0,57.02709359605911
calm,382,0.0,0.0,0.0,57.17487684729064
calm,383,0.0,0.0,0.0,57.32266009852217
calm,384,0.0,0.0,0.0,57.470443349753694
calm,385,5.0,5.0,5.0,57.618226600985224
calm,386,0.0,0.0,0.0,57.76600985221675
calm,387,5.0,5.0,5.0,57.91379310344828
calm,388,5.0,5.0,5.0,58.0615763546798
calm,389,0.0,0.0,0.0,58.20935960591133
calm,390,0.0,0.0,0.0,58.357142857142854
calm,391,0.0,0.0,0.0,58.504926108374384
calm,392,0.0,0.0,0.0,58.652709359605915
calm,393,0.0,0.0,0.0,58.80049261083744
calm,394,0.0,0.0,0.0,58.94827586206897
calm,395,5.0,5.0,5.0,59.09605911330049
calm,396,0.0,0.0,0.0,59.24384236453202
calm,397,0.0,0.0,0.0,59.391625615763544
calm,398,0.0,0.0,0.0,59.539408866995075
calm,399,0.0,0.0,0.0,59.6871921182266
calm,400,0.0,0.0,0.0,59.83497536945813
calm,401,5.0,5.0,5.0,59.98275862068966
calm,402,4.0,1.0,5.0,60.13054187192118
calm,403,0.0,0.0,0.0,60.27832512315271
calm,404,0.0,0.0,0.0,60.426108374384235
calm,405,0.0,0.0,0.0,60.573891625615765
calm,406,0.0,0.0,0.0,60.72167487684729
calm,407,0.0,0.0,0.0,60.86945812807882
calm,408,0.0,0.0,0.0,61.01724137931034
calm,409,0.0,0.0,0.0,61.16502463054187
calm,410,0.0,0.0,0.0,61.3128078817734
calm,411,0.0,0.0,0.0,61.460591133004925
calm,412,0.0,0.0,0.0,61.608374384236456
calm,413,0.0,0.0,0.0,61.75615763546798
calm,414,0.0,0.0,0.0,61.90394088669951
calm,415,5.0,5.0,5.0,62.05172413793103
calm,416,5.0,5.0,5.0,62.19950738916256
calm,417,0.0,0.0,0.0,62.347290640394085
calm,418,0.0,0.0,0.0,62.495073891625616
calm,419,0.0,0.0,0.0,62.642857142857146
calm,420,0.0,0.0,0.0,62.79064039408867
calm,421,0.0,0.0,0.0,62.9384236453202
calm,422,0.0,0.0,0.0,63.08620689655172
calm,423,5.0,5.0,5.0,63.23399014778325
calm,424,0.0,0.0,0.0,63.381773399014776
calm,425,0.0,0.0,0.0,63.529556650246306
calm,426,0.0,0.0,0.0,63.67733990147783
calm,427,0.0,0.0,0.0,63.82512315270936
calm,428,0.0,0.0,0.0,63.97290640394089
calm,429,6.0,5.0,8.0,64.12068965517241
calm,430,0.0,0.0,5.0,64.26847290640394
calm,431,5.0,5.0,5.0,64.41625615763547
calm,432,0.0,0.0,0.0,64.56403940886699
calm,433,0.0,0.0,0.0,64.71182266009852
calm,434,5.0,5.0,5.0,64.85960591133005
calm,435,5.0,5.0,5.0,65.00738916256158
calm,436,5.0,5.0,5.0,65.15517241379311
calm,437,5.0,5.0,5.0,65.30295566502463
calm,438,5.0,5.0,5.0,65.45073891625616
calm,439,0.0,0.0,0.0,65.59852216748769
calm,440,0.0,0.0,0.0,65.74630541871922
calm,441,5.0,5.0,5.0,65.89408866995073
calm,442,0.0,0.0,0.0,66.04187192118226
calm,443,0.0,0.0,0.0,66.1896551724138
calm,444,0.0,0.0,0.0,66.33743842364532
calm,445,0.0,0.0,0.0,66.48522167487685
calm,446,0.0,0.0,0.0,66.63300492610837
calm,447,0.0,0.0,0.0,66.7807881773399
calm,448,0.0,0.0,0.0,66.92857142857143
calm,449,0.0,0.0,0.0,67.07635467980296
calm,450,0.0,0.0,0.0,67.22413793103448
calm,451,0.0,0.0,0.0,67.37192118226601
calm,452,0.0,0.0,0.0,67.51970443349754
calm,453,0.0,0.0,0.0,67.66748768472907
calm,454,0.0,0.0,0.0,67.8152709359606
calm,455,0.0,0.0,0.0,67.96305418719211
calm,456,0.0,0.0,0.0,68.11083743842364
calm,457,0.0,0.0,0.0,68.25862068965517
calm,458,0.0,0.0,0.0,68.4064039408867
calm,459,0.0,0.0,0.0,68.55418719211822
calm,460,0.0,0.0,0.0,68.70197044334975
calm,461,0.0,0.0,0.0,68.84975369458128
calm,462,0.0,0.0,0.0,68.99753694581281
calm,463,0.0,0.0,0.0,69.14532019704434
calm,464,0.0,0.0,0.0,69.29310344827586
calm,465,0.0,0.0,0.0,69.44088669950739
calm,466,0.0,0.0,0.0,69.58866995073892
calm,467,0.0,0.0,0.0,69.73645320197045
calm,468,0.0,0.0,0.0,69.88423645320196
calm,469,5.0,5.0,5.0,70.0320197044335
calm,470,0.0,0.0,0.0,70.17980295566502
calm,471,0.0,0.0,0.0,70.32758620689656
calm,472,0.0,0.0,0.0,70.47536945812809
calm,473,0.0,0.0,0.0,70.6231527093596
calm,474,0.0,0.0,0.0,70.77093596059113
calm,475,0.0,0.0,5.0,70.91871921182266
calm,476,0.0,0.0,0.0,71.06650246305419
calm,477,0.0,0.0,0.0,71.21428571428571
calm,478,0.0,0.0,0.0,71.36206896551724
calm,479,0.0,0.0,0.0,71.50985221674877
calm,480,0.0,0.0,0.0,71.6576354679803
calm,481,0.0,0.0,0.0,71.80541871921183
calm,482,0.0,0.0,0.0,71.95320197044335
calm,483,0.0,0.0,0.0,72.1438596491228
calm,484,0.0,0.0,0.0,72.35438596491228
calm,485,0.0,0.0,0.0,72.56491228070175
calm,486,0.0,0.0,0.0,72.77543859649123
calm,487,0.0,0.0,0.0,72.9859649122807
calm,488,0.0,0.0,0.0,73.13793103448276
calm,489,0.0,0.0,0.0,73.28571428571429
calm,490,0.0,0.0,0.0,73.43349753694581
calm,491,0.0,0.0,0.0,73.58128078817734
calm,492,0.0,0.0,0.0,73.72906403940887
calm,493,5.0,5.0,5.0,73.8768472906404
calm,494,0.0,0.0,0.0,74.0
calm,495,0.0,0.0,1.0,74.0
calm,496,0.0,0.0,0.0,74.0
calm,497,0.0,0.0,0.0,74.0
calm,498,0.0,0.0,0.0,74.0
calm,499,0.0,0.0,0.0,74.0
stressed,0,0.0,0.0,0.0,0.0
stressed,1,0.0,0.0,0.0,0.2222222222222222
stressed,2,0.0,0.0,0.0,0.4444444444444444
stressed,3,0.0,0.0,0.0,0.6666666666666666
stressed,4,5.0,5.0,5.0,0.8888888888888888
stressed,5,0.0,0.0,0.0,1.0738916256157636
stressed,6,0.0,0.0,0.0,1.2216748768472907
stressed,7,5.0,5.0,5.0,1.3694581280788176
stressed,8,5.0,5.0,5.0,1.5172413793103448
stressed,9,0.0,0.0,0.0,1.6650246305418719
stressed,10,0.0,0.0,0.0,1.812807881773399
stressed,11,5.0,5.0,5.0,1.9605911330049262
stressed,12,0.0,0.0,0.0,2.1083743842364533
stressed,13,0.0,0.0,0.0,2.2561576354679804
stressed,14,0.0,0.0,0.0,2.4039408866995076
stressed,15,0.0,0.0,0.0,2.5517241379310347
stressed,16,0.0,0.0,0.0,2.6995073891625614
stressed,17,0.0,0.0,0.0,2.8472906403940885
stressed,18,5.0,4.0,5.0,2.9950738916256157
stressed,19,0.0,0.0,0.0,3.142857142857143
stressed,20,5.0,5.0,5.0,3.29064039408867
stressed,21,5.0,5.0,5.0,3.438423645320197
stressed,22,5.0,5.0,5.0,3.586206896551724
stressed,23,0.0,0.0,0.0,3.7339901477832513
stressed,24,5.0,5.0,5.0,3.8817733990147785
stressed,25,5.0,5.0,5.0,4.029556650246305
stressed,26,5.0,5.0,5.0,4.177339901477833
stressed,27,5.0,5.0,5.0,4.325123152709359
stressed,28,0.0,0.0,0.0,4.472906403940887
stressed,29,5.0,5.0,5.0,4.620689655172414
stressed,30,0.0,0.0,0.0,4.768472906403941
stressed,31,10.0,9.0,10.0,4.916256157635468
stressed,32,5.0,0.0,5.0,5.064039408866995
stressed,33,0.0,0.0,0.0,5.211822660098522
stressed,34,5.0,5.0,5.0,5.359605911330049
stressed,35,0.0,0.0,0.0,5.5073891625615765
stressed,36,0.0,0.0,0.0,5.655172413793103
stressed,37,5.0,5.0,5.0,5.802955665024631
stressed,38,2.0,0.0,5.0,5.9507389162561575
stressed,39,0.0,0.0,0.0,6.098522167487685
stressed,40,9.0,8.0,10.0,6.246305418719212
stressed,41,0.0,0.0,0.0,6.394088669950739
stressed,42,5.0,5.0,5.0,6.541871921182266
stressed,43,8.0,7.0,9.0,6.689655172413794
stressed,44,5.0,5.0,5.0,6.83743842364532
stressed,45,0.0,0.0,0.0,6.985221674876847
stressed,46,5.0,5.0,5.0,7.1330049261083746
stressed,47,5.0,5.0,5.0,7.280788177339901
stressed,48,9.0,8.0,9.0,7.428571428571429
stressed,49,0.0,0.0,0.0,7.5763546798029555
stressed,50,5.0,5.0,5.0,7.724137931034483
stressed,51,9.0,8.75,10.0,7.87192118226601
stressed,52,5.0,5.0,5.0,8.019704433497537
stressed,53,9.0,8.0,9.0,8.167487684729064
stressed,54,9.0,8.0,9.0,8.31527093596059
stressed,55,9.0,8.0,10.0,8.463054187192117
stressed,56,5.0,5.0,6.0,8.610837438423646
stressed,57,5.0,5.0,6.0,8.758620689655173
stressed,58,10.0,9.0,10.0,8.9064039408867
stressed,59,5.0,5.0,5.0,9.14765100671141
stressed,60,5.0,5.0,5.0,9.550335570469798
stressed,61,10.0,9.0,10.0,9.953020134228188
stressed,62,5.0,5.0,5.0,10.130541871921181
stressed,63,9.0,8.0,10.0,10.27832512315271
stressed,64,5.0,5.0,5.0,10.426108374384237
stressed,65,0.0,0.0,0.0,10.573891625615763
stressed,66,5.0,5.0,5.0,10.72167487684729
stressed,67,8.0,7.0,9.0,10.869458128078819
stressed,68,0.0,0.0,0.0,11.017241379310345
stressed,69,5.0,5.0,5.0,11.165024630541872
stressed,70,8.0,7.0,9.0,11.312807881773399
stressed,71,0.0,0.0,0.0,11.460591133004925
stressed,72,5.0,5.0,5.0,11.608374384236454
stressed,73,5.0,5.0,5.0,11.75615763546798
stressed,74,9.0,8.0,10.0,11.903940886699507
stressed,75,5.0,5.0,5.0,12.051724137931034
stressed,76,0.0,0.0,0.0,12.199507389162562
stressed,77,0.0,0.0,0.0,12.347290640394089
stressed,78,5.0,5.0,5.0,12.495073891625616
stressed,79,5.0,5.0,5.0,12.642857142857142
stressed,80,0.0,0.0,0.0,12.790640394088669
stressed,81,6.0,5.0,6.25,12.938423645320198
stressed,82,5.0,0.0,5.0,13.086206896551724
stressed,83,5.0,5.0,5.0,13.233990147783251
stressed,84,0.0,0.0,0.0,13.381773399014778
stressed,85,5.0,5.0,5.0,13.529556650246306
stressed,86,0.0,0.0,0.0,13.677339901477833
stressed,87,0.0,0.0,0.0,13.82512315270936
stressed,88,10.0,9.0,10.0,13.972906403940886
stressed,89,5.0,5.0,5.0,14.120689655172415
stressed,90,5.0,1.0,5.0,14.268472906403941
stressed,91,5.0,5.0,5.0,14.416256157635468
stressed,92,5.0,5.0,5.0,14.564039408866995
stressed,93,5.0,5.0,5.0,14.711822660098521
stressed,94,10.0,9.0,10.0,14.85960591133005
stressed,95,6.0,5.0,7.0,15.00765306122449
stressed,96,5.0,5.0,5.0,15.160714285714286
stressed,97,5.0,5.0,5.0,15.313775510204081
stressed,98,5.0,5.0,5.0,15.466836734693878
stressed,99,5.0,5.0,5.0,15.619897959183673
stressed,100,6.0,5.0,7.0,15.77295918367347
stressed,101,5.0,5.0,6.25,15.926020408163264
stressed,102,5.0,5.0,5.0,16.076543209876544
stressed,103,5.0,5.0,6.0,16.224691358024693
stressed,104,5.0,5.0,6.0,16.372839506172838
stressed,105,5.0,5.0,5.0,16.520987654320987
stressed,106,7.0,6.0,8.0,16.669135802469135
stressed,107,8.0,8.0,9.0,16.817283950617284
stressed,108,9.0,8.0,9.0,16.965432098765433
stressed,109,5.0,5.0,5.0,17.113580246913582
stressed,110,5.0,1.75,5.0,17.261728395061727
stressed,111,7.0,6.0,7.0,17.409876543209876
stressed,112,0.0,0.0,0.0,17.558024691358025
stressed,113,5.0,5.0,6.0,17.706172839506173
stressed,114,9.0,9.0,10.0,17.854320987654322
stressed,115,5.0,5.0,6.0,18.002551020408163
stressed,116,5.0,5.0,6.0,18.15561224489796
stressed,117,5.0,5.0,5.0,18.308673469387756
stressed,118,5.0,5.0,6.0,18.461734693877553
stressed,119,5.0,5.0,5.0,18.614795918367346
stressed,120,5.0,5.0,5.0,18.767857142857142
stressed,121,7.0,6.0,8.0,18.92091836734694
stressed,122,0.0,0.0,0.0,19.071604938271605
stressed,123,8.0,7.0,9.0,19.219753086419754
stressed,124,8.0,7.75,9.0,19.367901234567903
stressed,125,5.0,5.0,5.0,19.516049382716048
stressed,126,5.0,5.0,5.0,19.664197530864197
stressed,127,8.5,8.0,9.0,19.812345679012346
stressed,128,9.0,9.0,10.0,19.960493827160494
stressed,129,8.0,7.0,9.0,20.11253196930946
stressed,130,6.0,5.0,7.0,20.265984654731458
stressed,131,5.0,4.0,5.0,20.419437340153454
stressed,132,5.0,5.0,6.0,20.572890025575447
stressed,133,5.0,5.0,5.0,20.726342710997443
stressed,134,7.0,6.0,7.0,20.87979539641944
stressed,135,5.0,1.0,5.0,21.0320987654321
stressed,136,6.0,5.0,7.0,21.18024691358025
stressed,137,5.0,5.0,5.0,21.328395061728394
stressed,138,0.0,0.0,5.0,21.476543209876542
stressed,139,6.0,5.0,7.0,21.62469135802469
stressed,140,5.0,5.0,5.0,21.77283950617284
stressed,141,9.0,8.0,9.0,21.92098765432099
stressed,142,5.0,0.0,5.0,22.071428571428573
stressed,143,0.0,0.0,5.0,22.224489795918366
stressed,144,5.0,5.0,6.0,22.377551020408163
stressed,145,6.0,6.0,7.0,22.53061224489796
stressed,146,5.0,5.0,5.0,22.683673469387756
stressed,147,8.0,7.0,9.0,22.836734693877553
stressed,148,0.0,0.0,5.0,22.989795918367346
stressed,149,5.0,0.0,5.0,23.13827160493827
stressed,150,5.0,0.0,5.0,23.28641975308642
stressed,151,5.0,5.0,5.0,23.43456790123457
stressed,152,5.0,5.0,5.0,23.582716049382714
stressed,153,5.0,0.0,5.0,23.730864197530863
stressed,154,5.0,1.0,5.0,23.879012345679012
stressed,155,5.0,5.0,5.0,24.02716049382716
stressed,156,5.0,5.0,5.0,24.17530864197531
stressed,157,5.0,5.0,6.0,24.32345679012346
stressed,158,5.0,4.75,5.0,24.471604938271604
stressed,159,5.0,5.0,5.0,24.619753086419752
stressed,160,5.0,5.0,5.0,24.7679012345679
stressed,161,8.0,7.0,9.0,24.91604938271605
stressed,162,5.0,1.0,5.0,25.0641975308642
stressed,163,7.0,6.0,8.0,25.212345679012344
stressed,164,6.5,5.0,8.0,25.360493827160493
stressed,165,5.0,5.0,5.0,25.50864197530864
stressed,166,0.0,0.0,5.0,25.65679012345679
stressed,167,5.0,0.0,5.0,25.80493827160494
stressed,168,9.0,8.0,9.0,25.953086419753085
stressed,169,5.0,0.0,5.0,26.101234567901233
stressed,170,5.0,5.0,5.0,26.249382716049382
stressed,171,5.0,5.0,5.0,26.39753086419753
stressed,172,5.0,5.0,5.0,26.54567901234568
stressed,173,6.0,5.0,7.0,26.69382716049383
stressed,174,5.0,5.0,5.0,26.841975308641974
stressed,175,5.0,5.0,5.0,26.990123456790123
stressed,176,5.0,5.0,5.0,27.13827160493827
stressed,177,5.0,5.0,6.0,27.28641975308642
stressed,178,5.0,5.0,6.0,27.43456790123457
stressed,179,0.0,0.0,0.0,27.582716049382714
stressed,180,0.0,0.0,0.0,27.730864197530863
stressed,181,5.0,5.0,5.0,27.879012345679012
stressed,182,5.0,5.0,5.0,28.02716049382716
stressed,183,5.0,5.0,5.0,28.17530864197531
stressed,184,0.0,0.0,0.0,28.32345679012346
stressed,185,5.0,5.0,5.0,28.471604938271604
stressed,186,5.0,5.0,5.0,28.619753086419752
stressed,187,0.0,0.0,0.0,28.7679012345679
stressed,188,6.0,5.0,7.0,28.91604938271605
stressed,189,0.0,0.0,0.0,29.0641975308642
stressed,190,0.0,0.0,0.0,29.212345679012344
stressed,191,0.0,0.0,5.0,29.360493827160493
stressed,192,5.0,5.0,5.0,29.50864197530864
stressed,193,0.0,0.0,0.0,29.65679012345679
stressed,194,5.0,5.0,5.0,29.80493827160494
stressed,195,5.0,5.0,5.0,29.953086419753085
stressed,196,5.0,5.0,5.0,30.101234567901233
stressed,197,0.0,0.0,0.0,30.249382716049382
stressed,198,0.0,0.0,0.0,30.39753086419753
stressed,199,0.0,0.0,0.0,30.54567901234568
stressed,200,5.0,5.0,5.0,30.69382716049383
stressed,201,0.0,0.0,0.0,30.841975308641974
stressed,202,0.0,0.0,0.0,30.990123456790123
stressed,203,0.0,0.0,0.0,31.13827160493827
stressed,204,0.0,0.0,0.0,31.28641975308642
stressed,205,5.0,5.0,5.0,31.43456790123457
stressed,206,0.0,0.0,0.0,31.582716049382714
stressed,207,5.0,5.0,5.0,31.730864197530863
stressed,208,7.0,7.0,9.0,31.879012345679012
stressed,209,0.0,0.0,0.0,32.02716049382716
stressed,210,0.0,0.0,0.0,32.175308641975306
stressed,211,5.0,5.0,5.0,32.32345679012346
stressed,212,0.0,0.0,0.0,32.471604938271604
stressed,213,0.0,0.0,0.0,32.619753086419756
stressed,214,5.0,5.0,5.0,32.7679012345679
stressed,215,0.0,0.0,0.0,32.91604938271605
stressed,216,5.0,5.0,6.0,33.0641975308642
stressed,217,0.0,0.0,0.0,33.212345679012344
stressed,218,0.0,0.0,0.0,33.3604938271605
stressed,219,5.0,5.0,5.0,33.50864197530864
stressed,220,5.0,0.0,5.0,33.65679012345679
stressed,221,5.0,0.0,5.0,33.80493827160494
stressed,222,5.0,0.0,5.0,33.953086419753085
stressed,223,5.0,5.0,5.0,34.10123456790124
stressed,224,5.0,5.0,5.0,34.24938271604938
stressed,225,0.0,0.0,0.0,34.39753086419753
stressed,226,5.0,5.0,5.0,34.54567901234568
stressed,227,0.0,0.0,0.0,34.693827160493825
stressed,228,5.0,5.0,5.0,34.84197530864198
stressed,229,8.0,7.0,9.0,34.99012345679012
stressed,230,0.0,0.0,0.0,35.138271604938275
stressed,231,5.0,5.0,5.0,35.28641975308642
stressed,232,0.0,0.0,0.0,35.434567901234566
stressed,233,0.0,0.0,0.0,35.58271604938272
stressed,234,0.0,0.0,0.0,35.73086419753086
stressed,235,8.0,7.0,9.0,35.879012345679016
stressed,236,5.0,4.0,5.0,36.02716049382716
stressed,237,0.0,0.0,1.0,36.175308641975306
stressed,238,0.0,0.0,0.0,36.32345679012346
stressed,239,0.0,0.0,0.0,36.471604938271604
stressed,240,5.0,5.0,5.0,36.619753086419756
stressed,241,0.0,0.0,0.0,36.7679012345679
stressed,242,0.0,0.0,0.0,36.91604938271605
stressed,243,5.0,5.0,5.0,37.0641975308642
stressed,244,5.0,5.0,5.0,37.212345679012344
stressed,245,0.0,0.0,0.0,37.3604938271605
stressed,246,0.0,0.0,0.0,37.50864197530864
stressed,247,5.0,5.0,5.0,37.65679012345679
stressed,248,0.0,0.0,0.0,37.80493827160494
stressed,249,5.0,5.0,5.0,37.953086419753085
stressed,250,0.0,0.0,0.0,38.10123456790124
stressed,251,5.0,1.75,5.0,38.24938271604938
stressed,252,0.0,0.0,0.0,38.39753086419753
stressed,253,5.0,5.0,5.0,38.54567901234568
stressed,254,0.0,0.0,0.0,38.693827160493825
stressed,255,5.0,2.0,5.0,38.84197530864198
stressed,256,7.0,6.0,8.0,38.99012345679012
stressed,257,0.0,0.0,0.0,39.138271604938275
stressed,258,5.0,5.0,5.0,39.28641975308642
stressed,259,5.0,5.0,5.0,39.434567901234566
stressed,260,0.0,0.0,0.0,39.58271604938272
stressed,261,5.0,1.0,5.0,39.73086419753086
stressed,262,7.0,6.0,8.0,39.879012345679016
stressed,263,5.0,0.0,5.0,40.02716049382716
stressed,264,0.0,0.0,0.0,40.175308641975306
stressed,265,0.0,0.0,0.0,40.32345679012346
stressed,266,0.0,0.0,0.0,40.471604938271604
stressed,267,0.0,0.0,0.0,40.619753086419756
stressed,268,0.0,0.0,0.0,40.7679012345679
stressed,269,8.0,7.0,9.0,40.91604938271605
stressed,270,0.0,0.0,0.0,41.0641975308642
stressed,271,0.0,0.0,0.0,41.212345679012344
stressed,272,5.0,5.0,5.0,41.3604938271605
stressed,273,0.0,0.0,0.0,41.50864197530864
stressed,274,5.0,1.0,5.0,41.65679012345679
stressed,275,5.0,5.0,5.0,41.80493827160494
stressed,276,0.0,0.0,0.0,41.953086419753085
stressed,277,5.0,5.0,5.0,42.10123456790124
stressed,278,0.0,0.0,0.0,42.24938271604938
stressed,279,5.0,4.75,5.0,42.39753086419753
stressed,280,0.0,0.0,0.0,42.54567901234568
stressed,281,0.0,0.0,0.0,42.693827160493825
stressed,282,5.0,5.0,5.0,42.84197530864198
stressed,283,6.0,5.0,7.0,42.99012345679012
stressed,284,0.0,0.0,0.0,43.138271604938275
stressed,285,0.0,0.0,0.0,43.28641975308642
stressed,286,0.0,0.0,0.0,43.434567901234566
stressed,287,0.0,0.0,0.0,43.58271604938272
stressed,288,0.0,0.0,0.0,43.73086419753086
stressed,289,0.0,0.0,0.0,43.879012345679016
stressed,290,0.0,0.0,0.0,44.02716049382716
stressed,291,5.0,5.0,5.0,44.175308641975306
stressed,292,0.0,0.0,0.0,44.32345679012346
stressed,293,5.0,5.0,5.0,44.471604938271604
stressed,294,0.0,0.0,0.0,44.619753086419756
stressed,295,0.0,0.0,0.0,44.7679012345679
stressed,296,8.0,6.0,8.0,44.91604938271605
stressed,297,5.0,5.0,5.0,45.0641975308642
stressed,298,5.0,5.0,5.0,45.212345679012344
stressed,299,0.0,0.0,0.0,45.3604938271605
stressed,300,0.0,0.0,5.0,45.50864197530864
stressed,301,0.0,0.0,0.0,45.65679012345679
stressed,302,0.0,0.0,0.0,45.80493827160494
stressed,303,7.0,6.0,8.0,45.953086419753085
stressed,304,0.0,0.0,0.0,46.10123456790124
stressed,305,0.0,0.0,0.0,46.24938271604938
stressed,306,0.0,0.0,0.0,46.39753086419753
stressed,307,0.0,0.0,0.0,46.54567901234568
stressed,308,0.0,0.0,0.0,46.693827160493825
stressed,309,1.0,0.0,5.0,46.84197530864198
stressed,310,6.0,5.0,6.0,46.99012345679012
stressed,311,0.0,0.0,0.0,47.138271604938275
stressed,312,0.0,0.0,0.0,47.28641975308642
stressed,313,5.0,5.0,5.0,47.434567901234566
stressed,314,0.0,0.0,0.0,47.58271604938272
stressed,315,0.0,0.0,0.0,47.73086419753086
stressed,316,0.0,0.0,0.0,47.879012345679016
stressed,317,0.0,0.0,0.0,48.02716049382716
stressed,318,0.0,0.0,0.0,48.175308641975306
stressed,319,0.0,0.0,0.0,48.32345679012346
stressed,320,0.0,0.0,0.0,48.471604938271604
stressed,321,5.0,5.0,5.0,48.619753086419756
stressed,322,0.0,0.0,0.0,48.7679012345679
stressed,323,5.0,5.0,5.0,48.91604938271605
stressed,324,0.0,0.0,0.0,49.0641975308642
stressed,325,0.0,0.0,0.0,49.212345679012344
stressed,326,0.0,0.0,0.0,49.3604938271605
stressed,327,0.0,0.0,0.0,49.50864197530864
stressed,328,0.0,0.0,0.0,49.65679012345679
stressed,329,0.0,0.0,0.0,49.80493827160494
stressed,330,5.0,5.0,5.0,49.953086419753085
stressed,331,5.0,5.0,6.0,50.10123456790124
stressed,332,0.0,0.0,0.0,50.24938271604938
stressed,333,0.0,0.0,0.0,50.39753086419753
stressed,334,0.0,0.0,0.0,50.54567901234568
stressed,335,0.0,0.0,0.0,50.693827160493825
stressed,336,0.0,0.0,0.0,50.84197530864198
stressed,337,8.0,7.0,8.25,50.99012345679012
stressed,338,0.0,0.0,5.0,51.138271604938275
stressed,339,0.0,0.0,0.0,51.28641975308642
stressed,340,0.0,0.0,0.0,51.434567901234566
stressed,341,0.0,0.0,0.0,51.58271604938272
stressed,342,5.0,5.0,5.0,51.73086419753086
stressed,343,7.0,6.0,8.0,51.879012345679016
stressed,344,5.0,5.0,5.0,52.02716049382716
stressed,345,0.0,0.0,0.0,52.175308641975306
stressed,346,5.0,5.0,5.0,52.32345679012346
stressed,347,0.0,0.0,0.0,52.471604938271604
stressed,348,0.0,0.0,0.0,52.619753086419756
stressed,349,0.0,0.0,0.0,52.7679012345679
stressed,350,8.0,7.0,9.0,52.91604938271605
stressed,351,0.0,0.0,0.0,53.0641975308642
stressed,352,5.0,5.0,6.0,53.212345679012344
stressed,353,0.0,0.0,0.0,53.3604938271605
stressed,354,0.0,0.0,0.0,53.50864197530864
stressed,355,0.0,0.0,0.0,53.65679012345679
stressed,356,0.0,0.0,0.0,53.80493827160494
stressed,357,0.0,0.0,0.0,53.953086419753085
stressed,358,0.0,0.0,0.0,54.10123456790124
stressed,359,0.0,0.0,0.0,54.24938271604938
stressed,360,0.0,0.0,0.0,54.39753086419753
stressed,361,0.0,0.0,0.0,54.54567901234568
stressed,362,5.0,5.0,5.0,54.693827160493825
stressed,363,0.0,0.0,0.0,54.84197530864198
stressed,364,7.0,6.0,8.0,54.99012345679012
stressed,365,0.0,0.0,0.0,55.138271604938275
stressed,366,0.0,0.0,0.0,55.28641975308642
stressed,367,0.0,0.0,0.0,55.434567901234566
stressed,368,0.0,0.0,0.0,55.58271604938272
stressed,369,5.0,2.0,5.0,55.73086419753086
stressed,370,0.0,0.0,0.0,55.879012345679016
stressed,371,5.0,5.0,5.0,56.02716049382716
stressed,372,0.0,0.0,0.0,56.175308641975306
stressed,373,0.0,0.0,0.0,56.32345679012346
stressed,374,0.0,0.0,0.0,56.471604938271604
stressed,375,0.0,0.0,0.0,56.619753086419756
stressed,376,5.0,5.0,5.0,56.7679012345679
stressed,377,6.0,6.0,7.0,56.91604938271605
stressed,378,0.0,0.0,0.0,57.0641975308642
stressed,379,5.0,5.0,5.0,57.212345679012344
stressed,380,0.0,0.0,0.0,57.3604938271605
stressed,381,0.0,0.0,0.0,57.50864197530864
stressed,382,0.0,0.0,0.0,57.65679012345679
stressed,383,0.0,0.0,0.0,57.80493827160494
stressed,384,6.0,6.0,7.0,57.953086419753085
stressed,385,0.0,0.0,0.0,58.10123456790124
stressed,386,0.0,0.0,0.0,58.24938271604938
stressed,387,0.0,0.0,0.0,58.39753086419753
stressed,388,0.0,0.0,0.0,58.54567901234568
stressed,389,0.0,0.0,0.0,58.693827160493825
stressed,390,5.0,5.0,5.0,58.84197530864198
stressed,391,5.0,5.0,5.0,58.99012345679012
stressed,392,0.0,0.0,0.0,59.138271604938275
stressed,393,5.0,5.0,5.0,59.28641975308642
stressed,394,5.0,5.0,5.0,59.434567901234566
stressed,395,0.0,0.0,0.0,59.58271604938272
stressed,396,0.0,0.0,0.0,59.73086419753086
stressed,397,0.0,0.0,0.0,59.879012345679016
stressed,398,0.0,0.0,0.0,60.02716049382716
stressed,399,0.0,0.0,0.0,60.175308641975306
stressed,400,0.0,0.0,0.0,60.32345679012346
stressed,401,5.0,5.0,5.0,60.471604938271604
stressed,402,0.0,0.0,0.0,60.619753086419756
stressed,403,5.0,5.0,5.0,60.7679012345679
stressed,404,8.0,7.0,9.0,60.91604938271605
stressed,405,5.0,0.0,5.0,61.0641975308642
stressed,406,7.0,7.0,8.0,61.212345679012344
stressed,407,0.0,0.0,0.0,61.3604938271605
stressed,408,5.0,0.0,5.0,61.50864197530864
stressed,409,0.0,0.0,0.0,61.65679012345679
stressed,410,5.0,5.0,5.0,61.80493827160494
stressed,411,8.0,7.0,9.0,61.953086419753085
stressed,412,7.0,6.0,7.0,62.10123456790124
stressed,413,0.0,0.0,0.0,62.24938271604938
stressed,414,5.0,5.0,6.0,62.39753086419753
stressed,415,0.0,0.0,0.0,62.54567901234568
stressed,416,5.0,5.0,5.0,62.693827160493825
stressed,417,5.5,5.0,6.0,62.84197530864198
stressed,418,5.0,5.0,5.0,62.99012345679012
stressed,419,5.0,5.0,5.0,63.138271604938275
stressed,420,5.0,5.0,5.0,63.28641975308642
stressed,421,0.0,0.0,0.0,63.434567901234566
stressed,422,5.0,5.0,5.0,63.58271604938272
stressed,423,0.0,0.0,0.0,63.73086419753086
stressed,424,9.0,8.0,10.0,63.879012345679016
stressed,425,0.0,0.0,4.25,64.02716049382715
stressed,426,5.0,5.0,5.0,64.1753086419753
stressed,427,0.0,0.0,0.0,64.32345679012346
stressed,428,0.0,0.0,0.0,64.47160493827161
stressed,429,0.0,0.0,0.0,64.61975308641975
stressed,430,0.0,0.0,0.0,64.7679012345679
stressed,431,6.0,5.0,6.0,64.91604938271605
stressed,432,5.0,5.0,5.0,65.06419753086419
stressed,433,0.0,0.0,0.0,65.21234567901234
stressed,434,0.0,0.0,0.0,65.3604938271605
stressed,435,0.0,0.0,0.0,65.50864197530865
stressed,436,0.0,0.0,0.0,65.65679012345679
stressed,437,7.0,6.0,7.0,65.80493827160494
stressed,438,8.0,7.0,9.0,65.95308641975309
stressed,439,0.0,0.0,0.0,66.10123456790123
stressed,440,0.0,0.0,0.0,66.24938271604938
stressed,441,5.0,1.0,5.0,66.39753086419753
stressed,442,0.0,0.0,0.0,66.54567901234567
stressed,443,0.0,0.0,0.0,66.69382716049383
stressed,444,0.0,0.0,0.0,66.84197530864198
stressed,445,0.0,0.0,0.0,66.99012345679013
stressed,446,7.0,6.0,8.0,67.13827160493827
stressed,447,5.0,5.0,5.0,67.28641975308642
stressed,448,0.0,0.0,0.0,67.43456790123457
stressed,449,0.0,0.0,0.0,67.58271604938271
stressed,450,0.0,0.0,0.0,67.73086419753086
stressed,451,5.0,5.0,6.0,67.87901234567902
stressed,452,0.0,0.0,0.0,68.02716049382715
stressed,453,0.0,0.0,0.0,68.1753086419753
stressed,454,0.0,0.0,0.0,68.32345679012346
stressed,455,0.0,0.0,0.0,68.47160493827161
stressed,456,0.0,0.0,4.0,68.61975308641975
stressed,457,0.0,0.0,0.0,68.7679012345679
stressed,458,8.0,7.0,9.0,68.91604938271605
stressed,459,0.0,0.0,0.0,69.12380952380953
stressed,460,0.0,0.0,0.0,69.4095238095238
stressed,461,0.0,0.0,0.0,69.6952380952381
stressed,462,5.0,5.0,6.0,69.98095238095237
stressed,463,0.0,0.0,0.0,70.13827160493827
stressed,464,5.0,5.0,5.0,70.28641975308642
stressed,465,5.0,5.0,5.0,70.43456790123457
stressed,466,0.0,0.0,0.0,70.58271604938271
stressed,467,0.0,0.0,0.0,70.73086419753086
stressed,468,0.0,0.0,0.0,70.87901234567902
stressed,469,6.0,5.75,7.0,71.02716049382715
stressed,470,0.0,0.0,0.0,71.1753086419753
stressed,471,5.0,5.0,5.0,71.32345679012346
stressed,472,0.0,0.0,0.0,71.47160493827161
stressed,473,5.0,5.0,5.0,71.61975308641975
stressed,474,5.0,5.0,5.0,71.7679012345679
stressed,475,5.0,5.0,6.0,71.91604938271605
stressed,476,0.0,0.0,5.0,72.0
stressed,477,0.0,0.0,0.0,72.0
stressed,478,5.0,5.0,5.0,72.0
stressed,479,0.0,0.0,0.0,72.0
stressed,480,5.0,5.0,5.0,72.0
stressed,481,7.0,6.0,8.0,72.0
