t,n_calls,regime
59,0,calm
119,0,calm
179,0,calm
239,0,calm
299,0,calm
359,0,calm
419,5,calm
479,0,calm
539,0,calm
599,0,calm
659,0,calm
719,0,calm
779,0,calm
839,0,calm
899,0,calm
959,0,calm
1019,0,calm
1079,0,calm
1139,0,calm
1199,5,calm
1259,5,calm
1319,0,calm
1379,0,calm
1439,0,calm
1499,0,calm
1559,0,calm
1619,5,calm
1679,5,calm
1739,0,calm
1799,0,calm
1859,0,calm
1919,0,calm
1979,0,calm
2039,0,calm
2099,0,calm
2159,0,calm
2219,0,calm
2279,5,calm
2339,2,calm
2399,0,calm
2459,0,calm
2519,0,calm
2579,5,calm
2639,0,calm
2699,0,calm
2759,0,calm
2819,0,calm
2879,5,calm
2939,5,calm
2999,5,calm
3059,5,calm
3119,0,calm
3179,5,calm
3239,0,calm
3299,5,calm
3359,5,calm
3419,0,calm
3479,0,calm
3539,5,calm
3599,0,calm
3659,5,calm
3719,0,calm
3779,5,calm
3839,5,calm
3899,0,calm
3959,5,calm
4019,0,calm
4079,0,calm
4139,5,calm
4199,5,calm
4259,5,calm
4319,0,calm
4379,5,calm
4439,5,calm
4499,5,calm
4559,0,calm
4619,5,calm
4679,0,calm
4739,0,calm
4799,0,calm
4859,0,calm
4919,5,calm
4979,5,calm
5039,5,calm
5099,5,calm
5159,0,calm
5219,0,calm
5279,8,calm
5339,5,calm
5399,5,calm
5459,5,calm
5519,0,calm
5579,5,calm
5639,0,calm
5699,0,calm
5759,5,calm
5819,5,calm
5879,5,calm
5939,0,calm
5999,0,calm
6059,0,calm
6119,6,calm
6179,0,calm
6239,5,calm
6299,0,calm
6359,0,calm
6419,0,calm
6479,5,calm
6539,4,calm
6599,0,calm
6659,0,calm
6719,0,calm
6779,0,calm
6839,0,calm
6899,8,calm
6959,5,calm
7019,0,calm
7079,5,calm
7139,5,calm
7199,0,calm
7259,5,calm
7319,5,calm
7379,1,calm
7439,0,calm
7499,0,calm
7559,0,calm
7619,0,calm
7679,0,calm
7739,5,calm
7799,5,calm
7859,1,calm
7919,4,calm
7979,0,calm
8039,0,calm
8099,3,calm
8159,8,calm
8219,1,calm
8279,4,calm
8339,0,calm
8399,5,calm
8459,0,calm
8519,6,calm
8579,0,calm
8639,0,calm
8699,0,calm
8759,0,calm
8819,0,calm
8879,0,calm
8939,5,calm
8999,5,calm
9059,0,calm
9119,0,calm
9179,0,calm
9239,0,calm
9299,0,calm
9359,5,calm
9419,5,calm
9479,0,calm
9539,0,calm
9599,0,calm
9659,0,calm
9719,0,calm
9779,5,calm
9839,5,calm
9899,0,calm
9959,0,calm
10019,0,calm
10079,0,calm
10139,0,calm
10199,5,calm
10259,0,calm
10319,5,calm
10379,5,calm
10439,0,calm
10499,0,calm
10559,5,calm
10619,0,calm
10679,0,calm
10739,0,calm
10799,0,calm
10859,0,calm
10919,0,calm
10979,0,calm
11039,0,calm
11099,0,calm
11159,0,calm
11219,0,calm
11279,5,calm
11339,5,calm
11399,0,calm
11459,5,calm
11519,0,calm
11579,0,calm
11639,0,calm
11699,0,calm
11759,5,calm
11819,0,calm
11879,0,calm
11939,0,calm
11999,0,calm
12059,0,calm
12119,0,calm
12179,0,calm
12239,5,calm
12299,5,calm
12359,0,calm
12419,0,calm
12479,0,calm
12539,0,calm
12599,5,calm
12659,0,calm
12719,0,calm
12779,0,calm
12839,0,calm
12899,0,calm
12959,0,calm
13019,0,calm
13079,0,calm
13139,0,calm
13199,0,calm
13259,0,calm
13319,0,calm
13379,0,calm
13439,0,calm
13499,0,calm
13559,0,calm
13619,0,calm
13679,0,calm
13739,5,calm
13799,0,calm
13859,5,calm
13919,0,calm
13979,5,calm
14039,0,calm
14099,0,calm
14159,5,calm
14219,6,calm
14279,0,calm
14339,0,calm
14399,0,calm
14459,0,calm
14519,0,calm
14579,0,calm
14639,5,calm
14699,0,calm
14759,0,calm
14819,0,calm
14879,0,calm
14939,0,calm
14999,0,calm
15059,5,calm
15119,0,calm
15179,0,calm
15239,0,calm
15299,0,calm
15359,0,calm
15419,0,calm
15479,0,calm
15539,0,calm
15599,0,calm
15659,0,calm
15719,5,calm
15779,0,calm
15839,5,calm
15899,0,calm
15959,0,calm
16019,0,calm
16079,0,calm
16139,0,calm
16199,0,calm
16259,0,calm
16319,0,calm
16379,0,calm
16439,0,calm
16499,0,calm
16559,0,calm
16619,0,calm
16679,0,calm
16739,0,calm
16799,0,calm
16859,0,calm
16919,0,calm
16979,0,calm
17039,0,calm
17099,5,calm
17159,3,calm
17219,0,calm
17279,0,calm
17339,0,calm
17399,5,calm
17459,0,calm
17519,0,calm
17579,0,calm
17639,0,calm
17699,0,calm
17759,0,calm
17819,0,calm
17879,0,calm
17939,0,calm
17999,0,calm
18059,5,calm
18119,0,calm
18179,0,calm
18239,5,calm
18299,0,calm
18359,0,calm
18419,5,calm
18479,0,calm
18539,0,calm
18599,0,calm
18659,0,calm
18719,0,calm
18779,0,calm
18839,0,calm
18899,0,calm
18959,0,calm
19019,0,calm
19079,2,calm
19139,5,calm
19199,4,calm
19259,0,calm
19319,0,calm
19379,0,calm
19439,0,calm
19499,5,calm
19559,0,calm
19619,0,calm
19679,0,calm
19739,5,calm
19799,5,calm
19859,5,calm
19919,0,calm
19979,5,calm
20039,0,calm
20099,0,calm
20159,0,calm
20219,0,calm
20279,0,calm
20339,0,calm
20399,0,calm
20459,0,calm
20519,0,calm
20579,0,calm
20639,0,calm
20699,5,calm
20759,5,calm
20819,0,calm
20879,0,calm
20939,0,calm
20999,0,calm
21059,0,calm
21119,0,calm
21179,0,calm
21239,0,calm
21299,0,calm
21359,0,calm
21419,0,calm
21479,0,calm
21539,5,calm
21599,0,calm
21659,0,calm
21719,0,calm
21779,0,calm
21839,0,calm
21899,0,calm
21959,0,calm
22019,0,calm
22079,0,calm
22139,0,calm
22199,0,calm
22259,0,calm
22319,0,calm
22379,0,calm
22439,0,calm
22499,0,calm
22559,5,calm
22619,0,calm
22679,0,calm
22739,0,calm
22799,0,calm
22859,5,calm
22919,5,calm
22979,0,calm
23039,0,calm
23099,0,calm
23159,5,calm
23219,0,calm
23279,5,calm
23339,5,calm
23399,0,calm
23459,0,calm
23519,0,calm
23579,0,calm
23639,0,calm
23699,0,calm
23759,5,calm
23819,0,calm
23879,0,calm
23939,0,calm
23999,0,calm
24059,0,calm
24119,5,calm
24179,5,calm
24239,0,calm
24299,0,calm
24359,0,calm
24419,0,calm
24479,0,calm
24539,0,calm
24599,0,calm
24659,0,calm
24719,0,calm
24779,0,calm
24839,0,calm
24899,0,calm
24959,5,calm
25019,5,calm
25079,0,calm
25139,0,calm
25199,0,calm
25259,0,calm
25319,0,calm
25379,0,calm
25439,5,calm
25499,0,calm
25559,0,calm
25619,0,calm
25679,0,calm
25739,0,calm
25799,5,calm
25859,5,calm
25919,5,calm
25979,0,calm
26039,0,calm
26099,5,calm
26159,5,calm
26219,5,calm
26279,5,calm
26339,5,calm
26399,0,calm
26459,0,calm
26519,5,calm
26579,0,calm
26639,0,calm
26699,0,calm
26759,0,calm
26819,0,calm
26879,0,calm
26939,0,calm
26999,0,calm
27059,0,calm
27119,0,calm
27179,0,calm
27239,0,calm
27299,0,calm
27359,0,calm
27419,0,calm
27479,0,calm
27539,0,calm
27599,0,calm
27659,0,calm
27719,0,calm
27779,0,calm
27839,0,calm
27899,0,calm
27959,0,calm
28019,0,calm
28079,0,calm
28139,0,calm
28199,5,calm
28259,0,calm
28319,0,calm
28379,0,calm
28439,0,calm
28499,0,calm
28559,0,calm
28619,0,calm
28679,0,calm
28739,0,calm
28799,0,calm
28859,0,calm
28919,0,calm
28979,0,calm
29039,0,calm
29099,0,calm
29159,0,calm
29219,0,calm
29279,0,calm
29339,0,calm
29399,0,calm
29459,0,calm
29519,0,calm
29579,0,calm
29639,5,calm
29699,0,calm
29759,5,calm
29819,0,calm
29879,0,calm
29939,0,calm
29999,0,calm
59,0,stressed
119,0,stressed
179,0,stressed
239,0,stressed
299,5,stressed
359,0,stressed
419,0,stressed
479,5,stressed
539,5,stressed
599,0,stressed
659,0,stressed
719,5,stressed
779,0,stressed
839,0,stressed
899,0,stressed
959,0,stressed
1019,0,stressed
1079,0,stressed
1139,5,stressed
1199,0,stressed
1259,5,stressed
1319,5,stressed
1379,5,stressed
1439,0,stressed
1499,5,stressed
1559,5,stressed
1619,5,stressed
1679,5,stressed
1739,0,stressed
1799,5,stressed
1859,0,stressed
1919,10,stressed
1979,4,stressed
2039,0,stressed
2099,5,stressed
2159,0,stressed
2219,0,stressed
2279,5,stressed
2339,0,stressed
2399,0,stressed
2459,8,stressed
2519,0,stressed
2579,5,stressed
2639,7,stressed
2699,5,stressed
2759,0,stressed
2819,5,stressed
2879,5,stressed
2939,7,stressed
2999,0,stressed
3059,5,stressed
3119,8,stressed
3179,5,stressed
3239,8,stressed
3299,8,stressed
3359,8,stressed
3419,5,stressed
3479,5,stressed
3539,9,stressed
3599,5,stressed
3659,5,stressed
3719,8,stressed
3779,5,stressed
3839,8,stressed
3899,5,stressed
3959,0,stressed
4019,5,stressed
4079,8,stressed
4139,0,stressed
4199,5,stressed
4259,6,stressed
4319,0,stressed
4379,5,stressed
4439,5,stressed
4499,7,stressed
4559,5,stressed
4619,0,stressed
4679,0,stressed
4739,5,stressed
4799,5,stressed
4859,0,stressed
4919,5,stressed
4979,0,stressed
5039,5,stressed
5099,0,stressed
5159,5,stressed
5219,0,stressed
5279,0,stressed
5339,10,stressed
5399,4,stressed
5459,5,stressed
5519,5,stressed
5579,5,stressed
5639,5,stressed
5699,9,stressed
5759,5,stressed
5819,5,stressed
5879,5,stressed
5939,5,stressed
5999,5,stressed
6059,5,stressed
6119,5,stressed
6179,5,stressed
6239,5,stressed
6299,5,stressed
6359,5,stressed
6419,5,stressed
6479,8,stressed
6539,9,stressed
6599,5,stressed
6659,5,stressed
6719,5,stressed
6779,0,stressed
6839,5,stressed
6899,9,stressed
6959,5,stressed
7019,5,stressed
7079,5,stressed
7139,5,stressed
7199,5,stressed
7259,5,stressed
7319,7,stressed
7379,0,stressed
7439,6,stressed
7499,9,stressed
7559,5,stressed
7619,5,stressed
7679,9,stressed
7739,10,stressed
7799,9,stressed
7859,6,stressed
7919,0,stressed
7979,5,stressed
8039,5,stressed
8099,6,stressed
8159,5,stressed
8219,5,stressed
8279,5,stressed
8339,0,stressed
8399,5,stressed
8459,4,stressed
8519,10,stressed
8579,5,stressed
8639,5,stressed
8699,5,stressed
8759,6,stressed
8819,0,stressed
8879,10,stressed
8939,5,stressed
8999,0,stressed
9059,0,stressed
9119,5,stressed
9179,5,stressed
9239,2,stressed
9299,5,stressed
9359,5,stressed
9419,5,stressed
9479,5,stressed
9539,5,stressed
9599,5,stressed
9659,5,stressed
9719,7,stressed
9779,5,stressed
9839,7,stressed
9899,7,stressed
9959,5,stressed
10019,5,stressed
10079,5,stressed
10139,9,stressed
10199,5,stressed
10259,5,stressed
10319,5,stressed
10379,5,stressed
10439,5,stressed
10499,5,stressed
10559,5,stressed
10619,5,stressed
10679,5,stressed
10739,5,stressed
10799,0,stressed
10859,0,stressed
10919,5,stressed
10979,5,stressed
11039,5,stressed
11099,0,stressed
11159,5,stressed
11219,5,stressed
11279,0,stressed
11339,5,stressed
11399,0,stressed
11459,0,stressed
11519,0,stressed
11579,5,stressed
11639,0,stressed
11699,5,stressed
11759,5,stressed
11819,5,stressed
11879,0,stressed
11939,0,stressed
11999,0,stressed
12059,5,stressed
12119,0,stressed
12179,0,stressed
12239,0,stressed
12299,0,stressed
12359,5,stressed
12419,0,stressed
12479,5,stressed
12539,8,stressed
12599,0,stressed
12659,0,stressed
12719,5,stressed
12779,0,stressed
12839,0,stressed
12899,5,stressed
12959,0,stressed
13019,5,stressed
13079,0,stressed
13139,0,stressed
13199,5,stressed
13259,5,stressed
13319,5,stressed
13379,5,stressed
13439,5,stressed
13499,5,stressed
13559,0,stressed
13619,5,stressed
13679,0,stressed
13739,5,stressed
13799,8,stressed
13859,0,stressed
13919,5,stressed
13979,0,stressed
14039,0,stressed
14099,0,stressed
14159,9,stressed
14219,5,stressed
14279,2,stressed
14339,0,stressed
14399,0,stressed
14459,5,stressed
14519,0,stressed
14579,0,stressed
14639,5,stressed
14699,5,stressed
14759,0,stressed
14819,0,stressed
14879,5,stressed
14939,0,stressed
14999,5,stressed
15059,0,stressed
15119,0,stressed
15179,0,stressed
15239,5,stressed
15299,0,stressed
15359,5,stressed
15419,5,stressed
15479,0,stressed
15539,5,stressed
15599,5,stressed
15659,0,stressed
15719,5,stressed
15779,7,stressed
15839,0,stressed
15899,0,stressed
15959,0,stressed
16019,0,stressed
16079,0,stressed
16139,0,stressed
16199,8,stressed
16259,0,stressed
16319,0,stressed
16379,5,stressed
16439,0,stressed
16499,5,stressed
16559,5,stressed
16619,0,stressed
16679,5,stressed
16739,0,stressed
16799,5,stressed
16859,0,stressed
16919,0,stressed
16979,5,stressed
17039,5,stressed
17099,0,stressed
17159,0,stressed
17219,0,stressed
17279,0,stressed
17339,0,stressed
17399,0,stressed
17459,0,stressed
17519,5,stressed
17579,0,stressed
17639,0,stressed
17699,0,stressed
17759,0,stressed
17819,6,stressed
17879,5,stressed
17939,5,stressed
17999,0,stressed
18059,5,stressed
18119,0,stressed
18179,0,stressed
18239,5,stressed
18299,0,stressed
18359,0,stressed
18419,0,stressed
18479,0,stressed
18539,0,stressed
18599,0,stressed
18659,5,stressed
18719,0,stressed
18779,0,stressed
18839,5,stressed
18899,0,stressed
18959,0,stressed
19019,0,stressed
19079,0,stressed
19139,5,stressed
19199,4,stressed
19259,0,stressed
19319,5,stressed
19379,0,stressed
19439,5,stressed
19499,0,stressed
19559,0,stressed
19619,0,stressed
19679,0,stressed
19739,0,stressed
19799,0,stressed
19859,5,stressed
19919,5,stressed
19979,0,stressed
20039,0,stressed
20099,0,stressed
20159,0,stressed
20219,0,stressed
20279,6,stressed
20339,5,stressed
20399,0,stressed
20459,0,stressed
20519,0,stressed
20579,5,stressed
20639,5,stressed
20699,5,stressed
20759,0,stressed
20819,5,stressed
20879,0,stressed
20939,0,stressed
20999,0,stressed
21059,7,stressed
21119,0,stressed
21179,5,stressed
21239,0,stressed
21299,0,stressed
21359,0,stressed
21419,0,stressed
21479,0,stressed
21539,0,stressed
21599,0,stressed
21659,0,stressed
21719,0,stressed
21779,5,stressed
21839,0,stressed
21899,6,stressed
21959,0,stressed
22019,0,stressed
22079,0,stressed
22139,0,stressed
22199,0,stressed
22259,0,stressed
22319,5,stressed
22379,0,stressed
22439,0,stressed
22499,0,stressed
22559,0,stressed
22619,5,stressed
22679,5,stressed
22739,0,stressed
22799,5,stressed
22859,0,stressed
22919,0,stressed
22979,0,stressed
23039,0,stressed
23099,5,stressed
23159,0,stressed
23219,0,stressed
23279,0,stressed
23339,0,stressed
23399,0,stressed
23459,5,stressed
23519,5,stressed
23579,0,stressed
23639,5,stressed
23699,0,stressed
23759,0,stressed
23819,0,stressed
23879,0,stressed
23939,5,stressed
23999,0,stressed
24059,0,stressed
24119,5,stressed
24179,0,stressed
24239,5,stressed
24299,6,stressed
24359,0,stressed
24419,6,stressed
24479,0,stressed
24539,0,stressed
24599,0,stressed
24659,0,stressed
24719,5,stressed
24779,5,stressed
24839,0,stressed
24899,5,stressed
24959,0,stressed
25019,5,stressed
25079,5,stressed
25139,5,stressed
25199,5,stressed
25259,5,stressed
25319,0,stressed
25379,5,stressed
25439,0,stressed
25499,9,stressed
25559,0,stressed
25619,5,stressed
25679,0,stressed
25739,0,stressed
25799,0,stressed
25859,0,stressed
25919,5,stressed
25979,5,stressed
26039,0,stressed
26099,0,stressed
26159,0,stressed
26219,0,stressed
26279,5,stressed
26339,7,stressed
26399,0,stressed
26459,0,stressed
26519,5,stressed
26579,0,stressed
26639,0,stressed
26699,0,stressed
26759,0,stressed
26819,5,stressed
26879,5,stressed
26939,0,stressed
26999,0,stressed
27059,0,stressed
27119,5,stressed
27179,0,stressed
27239,0,stressed
27299,0,stressed
27359,0,stressed
27419,4,stressed
27479,0,stressed
27539,7,stressed
27599,0,stressed
27659,0,stressed
27719,0,stressed
27779,5,stressed
27839,0,stressed
27899,5,stressed
27959,5,stressed
28019,0,stressed
28079,0,stressed
28139,0,stressed
28199,5,stressed
28259,0,stressed
28319,5,stressed
28379,0,stressed
28439,5,stressed
28499,5,stressed
28559,5,stressed
28619,0,stressed
28679,0,stressed
28739,5,stressed
28799,0,stressed
28859,5,stressed
28919,5,stressed
