regime,seed,agent_id,n_clients,min_kappa,breached
calm,42,30,16,0.07953795357383261,1
calm,42,31,16,0.0826431207787988,0
calm,42,32,15,0.0788182786553654,1
calm,42,33,10,0.079773660606966,1
calm,42,34,12,0.0927977044684321,0
calm,42,35,0,0.17786088898191912,0
calm,42,36,0,0.18096744197646314,0
calm,42,37,0,0.17957550272359715,0
calm,42,38,0,0.1850306509884595,0
calm,42,39,0,0.18765816024978332,0
calm,43,30,16,0.09966573843213922,0
calm,43,31,10,0.10275229696743192,0
calm,43,32,12,0.09273981089531023,0
calm,43,33,13,0.1038036794795618,0
calm,43,34,16,0.08922350043528818,0
calm,43,35,0,0.1850330539232196,0
calm,43,36,0,0.5757420377992256,0
calm,43,37,0,0.18180350170525753,0
calm,43,38,0,0.17945308417415115,0
calm,43,39,0,0.42758988424932004,0
calm,44,30,15,0.07994392721382414,1
calm,44,31,15,0.07742172471777281,1
calm,44,32,11,0.08317143372519152,0
calm,44,33,14,0.07907544223335658,1
calm,44,34,15,0.07912689013592338,1
calm,44,35,0,0.1888828232912802,0
calm,44,36,0,0.18742476405176856,0
calm,44,37,0,0.18256226053207986,0
calm,44,38,0,0.17382458862447697,0
calm,44,39,0,0.18788914741190613,0
calm,45,30,14,0.08635563156278601,0
calm,45,31,11,0.07827751449418816,1
calm,45,32,16,0.0772798571126476,1
calm,45,33,17,0.07792822576132875,1
calm,45,34,14,0.07751929152858224,1
calm,45,35,0,0.1782485917403241,0
calm,45,36,0,0.17363593995220794,0
calm,45,37,0,0.18365317891917324,0
calm,45,38,0,0.17960487549117854,0
calm,45,39,0,0.18731029942145863,0
calm,46,30,18,0.07984112529057076,1
calm,46,31,13,0.09548977295353471,0
calm,46,32,10,0.0931056991506848,0
calm,46,33,12,0.08752950887815521,0
calm,46,34,19,0.08561567694092626,0
calm,46,35,0,0.19882017318297188,0
calm,46,36,0,0.19394122427721622,0
calm,46,37,0,0.19326951112951976,0
calm,46,38,0,0.17114403578663673,0
calm,46,39,0,0.1834037835403465,0
calm,47,30,13,0.08534440248257973,0
calm,47,31,18,0.0796610378508125,1
calm,47,32,13,0.0796701610403584,1
calm,47,33,18,0.07848835868196352,1
calm,47,34,13,0.08474890960849082,0
calm,47,35,0,0.18238225478982809,0
calm,47,36,0,0.18769777650689923,0
calm,47,37,0,0.1853955075091715,0
calm,47,38,0,0.18714781447048834,0
calm,47,39,0,0.18164679735600012,0
calm,48,30,17,0.08870408212071003,0
calm,48,31,14,0.0859824332307352,0
calm,48,32,15,0.09193083293756271,0
calm,48,33,15,0.0876536433522406,0
calm,48,34,9,0.07839565194878828,1
calm,48,35,0,0.17852482618274465,0
calm,48,36,0,0.18139080928650775,0
calm,48,37,0,0.18220983638225863,0
calm,48,38,0,0.18079727320605168,0
calm,48,39,0,0.34013928851023206,0
calm,49,30,14,0.07767501844794147,1
calm,49,31,11,0.07756353008867806,1
calm,49,32,11,0.07732499111829451,1
calm,49,33,13,0.07784985508053995,1
calm,49,34,18,0.07900022697201815,1
calm,49,35,0,0.17989961694610146,0
calm,49,36,0,0.17697768456585336,0
calm,49,37,0,0.17765059850225834,0
calm,49,38,0,0.1801395009506397,0
calm,49,39,0,0.196695465416718,0
calm,50,30,14,0.07974844529484863,1
calm,50,31,14,0.07777330328488868,1
calm,50,32,15,0.0785489047616214,1
calm,50,33,14,0.08223008079823073,0
calm,50,34,11,0.07990788073685828,1
calm,50,35,0,0.18370935286126405,0
calm,50,36,0,0.18189358744846068,0
calm,50,37,0,0.18897801973788259,0
calm,50,38,0,0.18341620170061787,0
calm,50,39,0,0.172893363069689,0
calm,51,30,13,0.08871101620309743,0
calm,51,31,16,0.07774663486845637,1
calm,51,32,13,0.0791553017824992,1
calm,51,33,16,0.09437896640698354,0
calm,51,34,13,0.08501219997488642,0
calm,51,35,0,0.1876205371505764,0
calm,51,36,0,0.1705461391306027,0
calm,51,37,0,0.17765961946605377,0
calm,51,38,0,0.17754348993786595,0
calm,51,39,0,0.18119200991329137,0
calm,52,30,12,0.07790515210461989,1
calm,52,31,18,0.07568721034049307,1
calm,52,32,12,0.0798848877046999,1
calm,52,33,17,0.07792554937970601,1
calm,52,34,11,0.08363390910790082,0
calm,52,35,0,0.18766660707306854,0
calm,52,36,0,0.1827966253695609,0
calm,52,37,0,0.19160907279781514,0
calm,52,38,0,0.18526710234280536,0
calm,52,39,0,0.1798567216413835,0
calm,53,30,13,0.07666670704713001,1
calm,53,31,14,0.08211497878340897,0
calm,53,32,12,0.08116129480054256,0
calm,53,33,14,0.07887240233373258,1
calm,53,34,17,0.08041783325702673,0
calm,53,35,0,0.1831882828730382,0
calm,53,36,0,0.17413047466449194,0
calm,53,37,0,0.27988029505046785,0
calm,53,38,0,0.19965980482833867,0
calm,53,39,0,0.1823585091735547,0
calm,54,30,16,0.07982347275820417,1
calm,54,31,12,0.0951812975640698,0
calm,54,32,16,0.08751129110736615,0
calm,54,33,11,0.08101120737340281,0
calm,54,34,12,0.08740672801261375,0
calm,54,35,0,0.18598151121119116,0
calm,54,36,0,0.19123377146328016,0
calm,54,37,0,0.18471102487414792,0
calm,54,38,0,0.1812251981528007,0
calm,54,39,0,0.19029182215538107,0
calm,55,30,15,0.08219307446315793,0
calm,55,31,12,0.08570023122460556,0
calm,55,32,17,0.08886469411706158,0
calm,55,33,14,0.09189334240551597,0
calm,55,34,10,0.07941519670868079,1
calm,55,35,0,0.18953062019403352,0
calm,55,36,0,0.17767383417614954,0
calm,55,37,0,0.18703742444741348,0
calm,55,38,0,0.1945352631182707,0
calm,55,39,0,0.1741403393006807,0
calm,56,30,15,0.09288077547162875,0
calm,56,31,15,0.10036968747214833,0
calm,56,32,15,0.0813207069669641,0
calm,56,33,13,0.08394730546202228,0
calm,56,34,15,0.07781154764250107,1
calm,56,35,0,0.18440836815279854,0
calm,56,36,0,0.18077992169797868,0
calm,56,37,0,0.1821620608822714,0
calm,56,38,0,0.48085180675669176,0
calm,56,39,0,0.18680556565153786,0
calm,57,30,13,0.07834593379734607,1
calm,57,31,13,0.07762319058019432,1
calm,57,32,10,0.07691813843296313,1
calm,57,33,16,0.08724739599859019,0
calm,57,34,17,0.07810482436323339,1
calm,57,35,0,0.1732361109987954,0
calm,57,36,0,0.18978774440969853,0
calm,57,37,0,0.18601352416987454,0
calm,57,38,0,0.17882030972736815,0
calm,57,39,0,0.1790604906721983,0
calm,58,30,11,0.07922820235598121,1
calm,58,31,15,0.07793000508459967,1
calm,58,32,11,0.07852254569939358,1
calm,58,33,17,0.0791878944871353,1
calm,58,34,18,0.07747547222180488,1
calm,58,35,0,0.19105003950034916,0
calm,58,36,0,0.2528374028616501,0
calm,58,37,0,0.1835713733485503,0
calm,58,38,0,0.18919421252922722,0
calm,58,39,0,0.35929711954658394,0
calm,59,30,16,0.08844925744989417,0
calm,59,31,14,0.09467564408565202,0
calm,59,32,11,0.09782281740979999,0
calm,59,33,14,0.09567392653441972,0
calm,59,34,15,0.11223255172154878,0
calm,59,35,0,0.18142525663263745,0
calm,59,36,0,0.19383624475364186,0
calm,59,37,0,0.19397237848135085,0
calm,59,38,0,0.19373145568258313,0
calm,59,39,0,0.17997793083367544,0
calm,60,30,12,0.0979334191284202,0
calm,60,31,13,0.0904143707625455,0
calm,60,32,17,0.09744645753327287,0
calm,60,33,15,0.09618028665563791,0
calm,60,34,17,0.1045181715732483,0
calm,60,35,0,0.18100231873203218,0
calm,60,36,0,0.18375779675789689,0
calm,60,37,0,0.17955584378028128,0
calm,60,38,0,0.17688519834476235,0
calm,60,39,0,0.1791799454802485,0
calm,61,30,12,0.08123665470650872,0
calm,61,31,16,0.08984840453322582,0
calm,61,32,12,0.09222064909892758,0
calm,61,33,16,0.08700841876138496,0
calm,61,34,10,0.08413230789190317,0
calm,61,35,0,0.18269822522045656,0
calm,61,36,0,0.32599979788213806,0
calm,61,37,0,0.17858175120074038,0
calm,61,38,0,0.17532106561050398,0
calm,61,39,0,0.1878038962296728,0
calm,62,30,16,0.08961366182806879,0
calm,62,31,13,0.08495513250995239,0
calm,62,32,11,0.08418932180518347,0
calm,62,33,16,0.0783233421234139,1
calm,62,34,15,0.09771120515137423,0
calm,62,35,0,0.26336551298966715,0
calm,62,36,0,0.1765549523527966,0
calm,62,37,0,0.32362256348987056,0
calm,62,38,0,0.1749509941815689,0
calm,62,39,0,0.1915015888735016,0
calm,63,30,9,0.10500367462518204,0
calm,63,31,17,0.10051146538807311,0
calm,63,32,13,0.09637709676951996,0
calm,63,33,13,0.09866970369047379,0
calm,63,34,17,0.09704772264468131,0
calm,63,35,0,0.19091571663173815,0
calm,63,36,0,0.17846427636139192,0
calm,63,37,0,0.17037009925988297,0
calm,63,38,0,0.19347290721629387,0
calm,63,39,0,0.17773320523129876,0
calm,64,30,15,0.09065054488404356,0
calm,64,31,13,0.08344840513859332,0
calm,64,32,15,0.08982392660488907,0
calm,64,33,14,0.07744777068883622,1
calm,64,34,15,0.0928202779558841,0
calm,64,35,0,0.1757010650366174,0
calm,64,36,0,0.25947725405315014,0
calm,64,37,0,0.17727612597229664,0
calm,64,38,0,0.18952795555832552,0
calm,64,39,0,0.18912448411672456,0
calm,65,30,16,0.08148609758277468,0
calm,65,31,17,0.0797428686643238,1
calm,65,32,12,0.0782684631112773,1
calm,65,33,12,0.08716338899097979,0
calm,65,34,16,0.08490257779879823,0
calm,65,35,0,0.19557033637188734,0
calm,65,36,0,0.188566610687501,0
calm,65,37,0,0.16794640200277677,0
calm,65,38,0,0.17139869767305727,0
calm,65,39,0,0.17906807642608735,0
calm,66,30,11,0.10040690859334396,0
calm,66,31,15,0.07826101268391002,1
calm,66,32,12,0.07801575165497766,1
calm,66,33,18,0.08087723766152366,0
calm,66,34,15,0.09617623602035932,0
calm,66,35,0,0.17347144835548928,0
calm,66,36,0,0.18735685915968048,0
calm,66,37,0,0.1716747953849981,0
calm,66,38,0,0.18745089378624724,0
calm,66,39,0,0.17368736851946137,0
calm,67,30,16,0.10734442675563528,0
calm,67,31,11,0.09472352568065243,0
calm,67,32,9,0.0986000119064456,0
calm,67,33,16,0.09972457869496526,0
calm,67,34,16,0.0886792636945512,0
calm,67,35,0,0.17789886739724134,0
calm,67,36,0,0.18959897132892412,0
calm,67,37,0,0.17906255048434896,0
calm,67,38,0,0.17841590594186882,0
calm,67,39,0,0.1874904122762411,0
calm,68,30,12,0.0764715663032012,1
calm,68,31,14,0.08577550612842035,0
calm,68,32,15,0.0868787720555055,0
calm,68,33,14,0.09614678364633768,0
calm,68,34,15,0.07775517056394,1
calm,68,35,0,0.18633029811228025,0
calm,68,36,0,0.17684997977005712,0
calm,68,37,0,0.19975755198568654,0
calm,68,38,0,0.15226621250429845,0
calm,68,39,0,0.18531944916994741,0
calm,69,30,11,0.0770358979590938,1
calm,69,31,16,0.07652679775105295,1
calm,69,32,12,0.07870042089676357,1
calm,69,33,16,0.07991662640727536,1
calm,69,34,11,0.08167806564622798,0
calm,69,35,0,0.18760695973763433,0
calm,69,36,0,0.13870156183284793,0
calm,69,37,0,0.17696097224166446,0
calm,69,38,0,0.17854332252586783,0
calm,69,39,0,0.1861478409324077,0
calm,70,30,12,0.10029204297478327,0
calm,70,31,15,0.07906855630666079,1
calm,70,32,16,0.09010400442637963,0
calm,70,33,14,0.08597272613719144,0
calm,70,34,15,0.08219301811995151,0
calm,70,35,0,0.16943155321050538,0
calm,70,36,0,0.17740408536712984,0
calm,70,37,0,0.17387953463622502,0
calm,70,38,0,0.17432005458604216,0
calm,70,39,0,0.1909461895715185,0
calm,71,30,14,0.09672333447620221,0
calm,71,31,14,0.10018432518345667,0
calm,71,32,12,0.0822544468476401,0
calm,71,33,14,0.0979923871725385,0
calm,71,34,16,0.09228073481868564,0
calm,71,35,0,0.17725483397730138,0
calm,71,36,0,0.17752367807798994,0
calm,71,37,0,0.18772145790961872,0
calm,71,38,0,0.18109864379792284,0
calm,71,39,0,0.1752639352846637,0
calm,72,30,14,0.07867095091315857,1
calm,72,31,16,0.07833799192882841,1
calm,72,32,10,0.07948686021855193,1
calm,72,33,13,0.0795800786574231,1
calm,72,34,19,0.08736703911210153,0
calm,72,35,0,0.18690557441395544,0
calm,72,36,0,0.17796695021226652,0
calm,72,37,0,0.18311580567852168,0
calm,72,38,0,0.18146619210503998,0
calm,72,39,0,0.187218888867872,0
calm,73,30,15,0.10013357168540395,0
calm,73,31,18,0.09931801595027998,0
calm,73,32,12,0.10406030956441206,0
calm,73,33,12,0.07910601533220997,1
calm,73,34,16,0.09372296134082789,0
calm,73,35,0,0.1719096432618779,0
calm,73,36,0,0.1942405417041676,0
calm,73,37,0,0.18545188904804535,0
calm,73,38,0,0.18084451263017598,0
calm,73,39,0,0.1840241196749727,0
calm,74,30,11,0.07782331015753904,1
calm,74,31,11,0.07883967163715899,1
calm,74,32,16,0.07818459674442016,1
calm,74,33,14,0.0797146682554732,1
calm,74,34,18,0.0793302243723632,1
calm,74,35,0,0.19066124561151337,0
calm,74,36,0,0.18732518451788513,0
calm,74,37,0,0.18742741724771997,0
calm,74,38,0,0.172915431104411,0
calm,74,39,0,0.19059595783455963,0
calm,75,30,12,0.07784800402135574,1
calm,75,31,16,0.08108562336781888,0
calm,75,32,12,0.08598061643764633,0
calm,75,33,16,0.08175340561803386,0
calm,75,34,9,0.07790210210521553,1
calm,75,35,0,0.1755130748951228,0
calm,75,36,0,0.17437349906553049,0
calm,75,37,0,0.18329618815221344,0
calm,75,38,0,0.17416692149785623,0
calm,75,39,0,0.19380552583619534,0
calm,76,30,12,0.07968168983124681,1
calm,76,31,13,0.07727758475680457,1
calm,76,32,20,0.08127910232746836,0
calm,76,33,16,0.0783092372190355,1
calm,76,34,13,0.0782523589883637,1
calm,76,35,0,0.2039741848493163,0
calm,76,36,0,0.17577011692120992,0
calm,76,37,0,0.18325925529044385,0
calm,76,38,0,0.17932219690511392,0
calm,76,39,0,0.18290338803955267,0
calm,77,30,15,0.11328787873413552,0
calm,77,31,14,0.10788680430828963,0
calm,77,32,11,0.09710864998567745,0
calm,77,33,15,0.12050286329084486,0
calm,77,34,14,0.11916892831776538,0
calm,77,35,0,0.3346665755356287,0
calm,77,36,0,0.1940745938753711,0
calm,77,37,0,0.6069202570877652,0
calm,77,38,0,0.17505487134047468,0
calm,77,39,0,0.2911188573277514,0
calm,78,30,16,0.07819357144069335,1
calm,78,31,17,0.07941470725400879,1
calm,78,32,11,0.07814490906704459,1
calm,78,33,15,0.07953371125080703,1
calm,78,34,11,0.07878915025916115,1
calm,78,35,0,0.20357564862674726,0
calm,78,36,0,0.2216046597155244,0
calm,78,37,0,0.3591185188458109,0
calm,78,38,0,0.18778072917178096,0
calm,78,39,0,0.18735259595519058,0
calm,79,30,13,0.07850888061530696,1
calm,79,31,13,0.07027702171748353,1
calm,79,32,15,0.0724368252267477,1
calm,79,33,14,0.07622888459059704,1
calm,79,34,13,0.0725936961507616,1
calm,79,35,0,0.1852309100959129,0
calm,79,36,0,0.17948571001531952,0
calm,79,37,0,0.18557309867958494,0
calm,79,38,0,0.17850041485780604,0
calm,79,39,0,0.1837165007385881,0
calm,80,30,12,0.08905393371065766,0
calm,80,31,12,0.07881339722163719,1
calm,80,32,17,0.07613219362014718,1
calm,80,33,12,0.07774296918247381,1
calm,80,34,17,0.07868544545574155,1
calm,80,35,0,0.1813284647633381,0
calm,80,36,0,0.18126736370035348,0
calm,80,37,0,0.17140956874576993,0
calm,80,38,0,0.1915884265236298,0
calm,80,39,0,0.19383445222692025,0
calm,81,30,17,0.08458902333266131,0
calm,81,31,15,0.07988724039885622,1
calm,81,32,11,0.07862608874453002,1
calm,81,33,11,0.08267979077781402,0
calm,81,34,15,0.08711811659793922,0
calm,81,35,0,0.17708704672667724,0
calm,81,36,0,0.44795144851303453,0
calm,81,37,0,0.29573394569874933,0
calm,81,38,0,0.18065151962031242,0
calm,81,39,0,0.194680447174934,0
calm,82,30,11,0.084307388157018,0
calm,82,31,18,0.08616983432332322,0
calm,82,32,16,0.08396513332938953,0
calm,82,33,13,0.08184269480112127,0
calm,82,34,12,0.0883623497065663,0
calm,82,35,0,0.19800226073660476,0
calm,82,36,0,0.1866531419575422,0
calm,82,37,0,0.18852564631933139,0
calm,82,38,0,0.181249034203339,0
calm,82,39,0,0.18287144168393585,0
calm,83,30,13,0.07952649878754295,1
calm,83,31,14,0.07656676508542633,1
calm,83,32,12,0.07803766847218856,1
calm,83,33,13,0.07601930851018321,1
calm,83,34,15,0.08111791272363937,0
calm,83,35,0,0.17448415444759105,0
calm,83,36,0,0.1840385569762179,0
calm,83,37,0,0.17161302248766,0
calm,83,38,0,0.1807262861492856,0
calm,83,39,0,0.18879033358638944,0
calm,84,30,15,0.08896421740299912,0
calm,84,31,16,0.08187500223247766,0
calm,84,32,12,0.0835652843891715,0
calm,84,33,14,0.08411978241427207,0
calm,84,34,12,0.08577393883646657,0
calm,84,35,0,0.18831417987838844,0
calm,84,36,0,0.17839624962671538,0
calm,84,37,0,0.1734726497526157,0
calm,84,38,0,0.1834182753552164,0
calm,84,39,0,0.17557754662506378,0
calm,85,30,17,0.08301810198952185,0
calm,85,31,12,0.08241814721357371,0
calm,85,32,14,0.08005029523160857,0
calm,85,33,16,0.0797882844325653,1
calm,85,34,17,0.08139597200752338,0
calm,85,35,0,0.17624238622775848,0
calm,85,36,0,0.16130240915444907,0
calm,85,37,0,0.18515738765416345,0
calm,85,38,0,0.18767537967178427,0
calm,85,39,0,0.1908145839681571,0
calm,86,30,15,0.08769662510268293,0
calm,86,31,15,0.07882010600871836,1
calm,86,32,14,0.07854377328776678,1
calm,86,33,13,0.07966005437925777,1
calm,86,34,11,0.0778886132455823,1
calm,86,35,0,0.17550310193461421,0
calm,86,36,0,0.1809195539884857,0
calm,86,37,0,0.19364643013851635,0
calm,86,38,0,0.17392482709580304,0
calm,86,39,0,0.19376104134360853,0
calm,87,30,14,0.08767074192322913,0
calm,87,31,13,0.08720196355956822,0
calm,87,32,15,0.0909761949418411,0
calm,87,33,13,0.0798743216272392,1
calm,87,34,17,0.08019194249976845,0
calm,87,35,0,0.17297008677852896,0
calm,87,36,0,0.17329114684497182,0
calm,87,37,0,0.17906280115350534,0
calm,87,38,0,0.19375226827556083,0
calm,87,39,0,0.17916646997739885,0
calm,88,30,15,0.09950368640737181,0
calm,88,31,14,0.10377907227199591,0
calm,88,32,16,0.08694071806054521,0
calm,88,33,15,0.11206587019401383,0
calm,88,34,13,0.1106391945680593,0
calm,88,35,0,0.18068893798944016,0
calm,88,36,0,0.18062370628391577,0
calm,88,37,0,0.17419564030877382,0
calm,88,38,0,0.17962464770794925,0
calm,88,39,0,0.1928580067259528,0
calm,89,30,16,0.0977109844401443,0
calm,89,31,16,0.0854388091829161,0
calm,89,32,16,0.10797805051245442,0
calm,89,33,11,0.10554594171126837,0
calm,89,34,12,0.10099668248328256,0
calm,89,35,0,0.17921819142028408,0
calm,89,36,0,0.17622127037405413,0
calm,89,37,0,0.31370849487548236,0
calm,89,38,0,0.20475918752271804,0
calm,89,39,0,0.17976029361636617,0
calm,90,30,15,0.07850903891410803,1
calm,90,31,15,0.08029173044682332,0
calm,90,32,12,0.08967664462384779,0
calm,90,33,14,0.09112657892619462,0
calm,90,34,12,0.09358721796468841,0
calm,90,35,0,0.17846124789390336,0
calm,90,36,0,0.1938112312477397,0
calm,90,37,0,0.17990392620972326,0
calm,90,38,0,0.17601047670444403,0
calm,90,39,0,0.17497509942347295,0
calm,91,30,17,0.07902454062561785,1
calm,91,31,15,0.07986766560902424,1
calm,91,32,16,0.08499651327834847,0
calm,91,33,11,0.07960034576163308,1
calm,91,34,12,0.07829987321855246,1
calm,91,35,0,0.1774135899765848,0
calm,91,36,0,0.17653793040443896,0
calm,91,37,0,0.17185587841205235,0
calm,91,38,0,0.18675017018645498,0
calm,91,39,0,0.17599279494937387,0
calm,92,30,14,0.09115351807292024,0
calm,92,31,18,0.08980258966682993,0
calm,92,32,10,0.09237024981850467,0
calm,92,33,12,0.08988646719330501,0
calm,92,34,14,0.08984318139113628,0
calm,92,35,0,0.1818942871187474,0
calm,92,36,0,0.1726202404200458,0
calm,92,37,0,0.18239874334255435,0
calm,92,38,0,0.1830589305724009,0
calm,92,39,0,0.1882014795425133,0
calm,93,30,12,0.07675947661251983,1
calm,93,31,18,0.08001274974939702,0
calm,93,32,14,0.07640049533204957,1
calm,93,33,14,0.07758066199219808,1
calm,93,34,11,0.07862698145979187,1
calm,93,35,0,0.1768174636214931,0
calm,93,36,0,0.18647211538606287,0
calm,93,37,0,0.17440324114251538,0
calm,93,38,0,0.18134810662613113,0
calm,93,39,0,0.18277666790801445,0
calm,94,30,12,0.08282338338892468,0
calm,94,31,15,0.07942982290945783,1
calm,94,32,14,0.0893160261173241,0
calm,94,33,15,0.0868321302510205,0
calm,94,34,13,0.08218664970013909,0
calm,94,35,0,0.18013411174183275,0
calm,94,36,0,0.1770691514825476,0
calm,94,37,0,0.17892368262190295,0
calm,94,38,0,0.17869679743960934,0
calm,94,39,0,0.19579783406172235,0
calm,95,30,15,0.09582825124370777,0
calm,95,31,16,0.09211248049013622,0
calm,95,32,13,0.08978643834184166,0
calm,95,33,13,0.09575178864239725,0
calm,95,34,14,0.0913548425953948,0
calm,95,35,0,0.18667982966422675,0
calm,95,36,0,0.18137416274879234,0
calm,95,37,0,0.18185283065748978,0
calm,95,38,0,0.1732951361413096,0
calm,95,39,0,0.17906690944873874,0
calm,96,30,15,0.0796828764547023,1
calm,96,31,16,0.08101265810666732,0
calm,96,32,15,0.08640156534195108,0
calm,96,33,11,0.08992513826196594,0
calm,96,34,15,0.08828040226841384,0
calm,96,35,0,0.18844480433498667,0
calm,96,36,0,0.22783611684894978,0
calm,96,37,0,0.1883776580475132,0
calm,96,38,0,0.1733668962669898,0
calm,96,39,0,0.1857856165533473,0
calm,97,30,15,0.08089687387641242,0
calm,97,31,10,0.07825239377544524,1
calm,97,32,16,0.07889411089329515,1
calm,97,33,18,0.07904784635860153,1
calm,97,34,12,0.0793554337115963,1
calm,97,35,0,0.18116343180886146,0
calm,97,36,0,0.17820787860541118,0
calm,97,37,0,0.18269018966536274,0
calm,97,38,0,0.18190359256008365,0
calm,97,39,0,0.1492224674539183,0
calm,98,30,17,0.08642246585626744,0
calm,98,31,10,0.08871534576359837,0
calm,98,32,16,0.09189529903706015,0
calm,98,33,13,0.08779448014465555,0
calm,98,34,13,0.08501494564681362,0
calm,98,35,0,0.17318766701882565,0
calm,98,36,0,0.1896062600594259,0
calm,98,37,0,0.1809321999414436,0
calm,98,38,0,0.19654824031430695,0
calm,98,39,0,0.18584592870200975,0
calm,99,30,11,0.07961905281195028,1
calm,99,31,15,0.07877267802262353,1
calm,99,32,12,0.08386121024809128,0
calm,99,33,17,0.09853101597184802,0
calm,99,34,15,0.07989187539286624,1
calm,99,35,0,0.17332771882370032,0
calm,99,36,0,0.211900341579151,0
calm,99,37,0,0.17637017076386433,0
calm,99,38,0,0.43900058139013365,0
calm,99,39,0,0.1795831466898536,0
calm,100,30,15,0.0833393388151666,0
calm,100,31,13,0.0842321992463438,0
calm,100,32,13,0.07696966323331314,1
calm,100,33,12,0.07931260408953132,1
calm,100,34,15,0.0807409646781412,0
calm,100,35,0,0.17741140185754134,0
calm,100,36,0,0.188947386378459,0
calm,100,37,0,0.19923599467093608,0
calm,100,38,0,0.18177751705991804,0
calm,100,39,0,0.17851426005285026,0
calm,101,30,16,0.0799843002502968,1
calm,101,31,10,0.07657592083781568,1
calm,101,32,18,0.07875219005615658,1
calm,101,33,16,0.07899534028753025,1
calm,101,34,12,0.07843643457507928,1
calm,101,35,0,0.1768824685816576,0
calm,101,36,0,0.17525941230386813,0
calm,101,37,0,0.18558216817956716,0
calm,101,38,0,0.13836672322862714,0
calm,101,39,0,0.1795664005455015,0
calm,102,30,16,0.08015535248079776,0
calm,102,31,12,0.0801408181164889,0
calm,102,32,12,0.07902421547018591,1
calm,102,33,16,0.07798000197182257,1
calm,102,34,12,0.07952741711892002,1
calm,102,35,0,0.1827026123015662,0
calm,102,36,0,0.18318451010251233,0
calm,102,37,0,0.2290360213230373,0
calm,102,38,0,0.19913458176367546,0
calm,102,39,0,0.18826350606776407,0
calm,103,30,14,0.09910816656791457,0
calm,103,31,15,0.08092069363663931,0
calm,103,32,10,0.09551186176680573,0
calm,103,33,15,0.08434577645604682,0
calm,103,34,15,0.07963434895243424,1
calm,103,35,0,0.17936758714738993,0
calm,103,36,0,0.17589673859058402,0
calm,103,37,0,0.1881086933828108,0
calm,103,38,0,0.18652216390305779,0
calm,103,39,0,0.1725066737829674,0
calm,104,30,12,0.0916296038913573,0
calm,104,31,12,0.09280975147595369,0
calm,104,32,18,0.08937122783606731,0
calm,104,33,13,0.07740760656100105,1
calm,104,34,17,0.08874790179428577,0
calm,104,35,0,0.22545924606080234,0
calm,104,36,0,0.1919432264258372,0
calm,104,37,0,0.17839151957846272,0
calm,104,38,0,0.1996158576824069,0
calm,104,39,0,0.17719529070256096,0
calm,105,30,20,0.07868140611328561,1
calm,105,31,13,0.07802787554467432,1
calm,105,32,12,0.07673289133052393,1
calm,105,33,12,0.07971507581363597,1
calm,105,34,15,0.07823801019448959,1
calm,105,35,0,0.17387465577680888,0
calm,105,36,0,0.17855702915392935,0
calm,105,37,0,0.17681398404055218,0
calm,105,38,0,0.17541698041083845,0
calm,105,39,0,0.18817860300305642,0
calm,106,30,15,0.07933146481449359,1
calm,106,31,16,0.07995345336122987,1
calm,106,32,10,0.07676702278562827,1
calm,106,33,17,0.08439849619509929,0
calm,106,34,18,0.0971925126100709,0
calm,106,35,0,0.17882182797144178,0
calm,106,36,0,0.17705058220812311,0
calm,106,37,0,0.17580063406052782,0
calm,106,38,0,0.18915343864285206,0
calm,106,39,0,0.523390925171912,0
calm,107,30,16,0.08626980488894546,0
calm,107,31,13,0.09467875456109694,0
calm,107,32,11,0.09000669031154136,0
calm,107,33,18,0.08653594970409655,0
calm,107,34,12,0.08587296797821793,0
calm,107,35,0,0.17939548136862876,0
calm,107,36,0,0.18850304109278188,0
calm,107,37,0,0.17666906291098947,0
calm,107,38,0,0.18680510684934248,0
calm,107,39,0,0.18713374714863565,0
calm,108,30,16,0.10043624870517556,0
calm,108,31,13,0.08148806509431318,0
calm,108,32,13,0.08838947301384675,0
calm,108,33,14,0.08091194481375352,0
calm,108,34,14,0.09481494244649398,0
calm,108,35,0,0.18658136721393423,0
calm,108,36,0,0.1931460860405128,0
calm,108,37,0,0.1776928146925684,0
calm,108,38,0,0.1668848530785017,0
calm,108,39,0,0.1814758244901602,0
calm,109,30,16,0.08213506512576012,0
calm,109,31,10,0.07690804643505562,1
calm,109,32,12,0.07788743042769844,1
calm,109,33,16,0.08081033756532945,0
calm,109,34,11,0.07717434240527668,1
calm,109,35,0,0.1715044717973061,0
calm,109,36,0,0.1872589681749812,0
calm,109,37,0,0.17859321486291083,0
calm,109,38,0,0.18675384139686188,0
calm,109,39,0,0.17805261174546644,0
calm,110,30,19,0.07943046326875189,1
calm,110,31,14,0.09321067185578595,0
calm,110,32,13,0.07914370956384545,1
calm,110,33,13,0.0792081585870256,1
calm,110,34,12,0.07688639708777807,1
calm,110,35,0,0.18824946840167206,0
calm,110,36,0,0.169435644017872,0
calm,110,37,0,0.178462442138863,0
calm,110,38,0,0.5534679897883273,0
calm,110,39,0,0.17871138536212283,0
calm,111,30,14,0.09070653630906492,0
calm,111,31,12,0.0936265556053581,0
calm,111,32,12,0.09395766935166583,0
calm,111,33,15,0.08500575699687404,0
calm,111,34,16,0.09224168095184943,0
calm,111,35,0,0.20034007706480914,0
calm,111,36,0,0.18159770476993883,0
calm,111,37,0,0.20114543666183166,0
calm,111,38,0,0.30393489538129254,0
calm,111,39,0,0.17879815691901987,0
calm,112,30,15,0.08599990085214249,0
calm,112,31,14,0.09600175535777873,0
calm,112,32,14,0.09345712316200878,0
calm,112,33,11,0.08573043529203954,0
calm,112,34,14,0.0851386502022899,0
calm,112,35,0,0.17505974949075329,0
calm,112,36,0,0.18804218313695853,0
calm,112,37,0,0.17922396113265993,0
calm,112,38,0,0.17977574635757843,0
calm,112,39,0,0.17930251299673255,0
calm,113,30,11,0.08250838938688755,0
calm,113,31,11,0.08359912194436266,0
calm,113,32,14,0.08517037982060055,0
calm,113,33,14,0.08470844217335709,0
calm,113,34,20,0.08803990934920627,0
calm,113,35,0,0.18669685512853235,0
calm,113,36,0,0.23271551695989223,0
calm,113,37,0,0.2010258044015982,0
calm,113,38,0,0.17341431055646742,0
calm,113,39,0,0.18579024909696512,0
calm,114,30,18,0.08699946880917478,0
calm,114,31,14,0.08037515908646904,0
calm,114,32,11,0.07906207946465592,1
calm,114,33,11,0.0788983227823826,1
calm,114,34,14,0.08519014991024007,0
calm,114,35,0,0.1884477079944967,0
calm,114,36,0,0.1756832298363386,0
calm,114,37,0,0.18825560680496264,0
calm,114,38,0,0.18157952790099627,0
calm,114,39,0,0.17126049964111667,0
calm,115,30,16,0.09624250979041489,0
calm,115,31,13,0.09044200173509012,0
calm,115,32,12,0.08758546975664867,0
calm,115,33,13,0.09169423678921654,0
calm,115,34,17,0.0897195372190328,0
calm,115,35,0,0.1879427700715709,0
calm,115,36,0,0.1868883198165375,0
calm,115,37,0,0.18471696235011506,0
calm,115,38,0,0.1788833427719861,0
calm,115,39,0,0.17454379680806784,0
calm,116,30,17,0.07994890725704495,1
calm,116,31,10,0.07891720465469612,1
calm,116,32,18,0.07771184172991978,1
calm,116,33,12,0.0900214348828744,0
calm,116,34,17,0.07802167756378832,1
calm,116,35,0,0.1729233355644413,0
calm,116,36,0,0.17941184885586814,0
calm,116,37,0,0.18941390114935655,0
calm,116,38,0,0.34785390439001423,0
calm,116,39,0,0.17939380454720877,0
calm,117,30,15,0.11663165515904927,0
calm,117,31,12,0.09412270606741585,0
calm,117,32,11,0.08866457460094396,0
calm,117,33,11,0.10120057068979013,0
calm,117,34,16,0.09450189601677135,0
calm,117,35,0,0.18116168980399386,0
calm,117,36,0,0.17901820121102144,0
calm,117,37,0,0.17587931564341988,0
calm,117,38,0,0.18126512484168608,0
calm,117,39,0,0.18799719889777913,0
calm,118,30,15,0.08821505808089887,0
calm,118,31,16,0.07761303511420706,1
calm,118,32,15,0.09096591659778036,0
calm,118,33,13,0.08219901207557341,0
calm,118,34,15,0.07817157258063327,1
calm,118,35,0,0.1937729069171486,0
calm,118,36,0,0.7712548977108241,0
calm,118,37,0,0.17391319386074772,0
calm,118,38,0,0.17052109108829006,0
calm,118,39,0,0.18041356140150508,0
calm,119,30,14,0.07969022629295369,1
calm,119,31,14,0.08553746938071773,0
calm,119,32,12,0.07946149014092946,1
calm,119,33,18,0.085544528604044,0
calm,119,34,14,0.07895796438213404,1
calm,119,35,0,0.17641964499101973,0
calm,119,36,0,0.20905665717091662,0
calm,119,37,0,0.18847594212454133,0
calm,119,38,0,0.18450451641928026,0
calm,119,39,0,0.1873645692353005,0
calm,120,30,15,0.09050034247391117,0
calm,120,31,15,0.09408743092591443,0
calm,120,32,15,0.08588494636790094,0
calm,120,33,13,0.09278684946168506,0
calm,120,34,16,0.09055543863870863,0
calm,120,35,0,0.17863304235188238,0
calm,120,36,0,0.17803946018652878,0
calm,120,37,0,0.18911889605169047,0
calm,120,38,0,0.25011844764971375,0
calm,120,39,0,0.18689332084396723,0
calm,121,30,13,0.07777733836295386,1
calm,121,31,11,0.07727684485568516,1
calm,121,32,17,0.07804217765608881,1
calm,121,33,17,0.0784967418953607,1
calm,121,34,13,0.07944433090526931,1
calm,121,35,0,0.17908965761388546,0
calm,121,36,0,0.1782666463363905,0
calm,121,37,0,0.17745204302233727,0
calm,121,38,0,0.19714025587676604,0
calm,121,39,0,0.18346818113337976,0
calm,122,30,13,0.09314879985100197,0
calm,122,31,13,0.08971313837383006,0
calm,122,32,15,0.08082082157396345,0
calm,122,33,13,0.08015387822890152,0
calm,122,34,15,0.10004315455864968,0
calm,122,35,0,0.17322636593182503,0
calm,122,36,0,0.17855098844285006,0
calm,122,37,0,0.1872392614305769,0
calm,122,38,0,0.17462419441908042,0
calm,122,39,0,0.17876109197865322,0
calm,123,30,14,0.0945475552225731,0
calm,123,31,14,0.07985303161820359,1
calm,123,32,13,0.08846993760718558,0
calm,123,33,14,0.08338739704758201,0
calm,123,34,17,0.07974417291864715,1
calm,123,35,0,0.18255288336511247,0
calm,123,36,0,0.1939430839056234,0
calm,123,37,0,0.17874185603134193,0
calm,123,38,0,0.17226707218288126,0
calm,123,39,0,0.18905550280825587,0
calm,124,30,13,0.07820704643640654,1
calm,124,31,18,0.07816705108288283,1
calm,124,32,11,0.07897846733794196,1
calm,124,33,14,0.08210262536693368,0
calm,124,34,17,0.07775180679648562,1
calm,124,35,0,0.18145865938660266,0
calm,124,36,0,0.18628980435339812,0
calm,124,37,0,0.17814005842841887,0
calm,124,38,0,0.18955328902062796,0
calm,124,39,0,0.18923208793825694,0
calm,125,30,16,0.08189958723672115,0
calm,125,31,14,0.08328100163159065,0
calm,125,32,13,0.08660892086581698,0
calm,125,33,10,0.08904615493964563,0
calm,125,34,15,0.07877387658473609,1
calm,125,35,0,0.17902580264100584,0
calm,125,36,0,0.1758434292002503,0
calm,125,37,0,0.17495619174304627,0
calm,125,38,0,0.1937219975310435,0
calm,125,39,0,0.19384324509862383,0
calm,126,30,12,0.09380757916069034,0
calm,126,31,15,0.10113282284206561,0
calm,126,32,13,0.07970653843857715,1
calm,126,33,12,0.09942080708003641,0
calm,126,34,17,0.09083510404297979,0
calm,126,35,0,0.18434420879316696,0
calm,126,36,0,0.18151990026847642,0
calm,126,37,0,0.18819190483367404,0
calm,126,38,0,0.1822830229398945,0
calm,126,39,0,0.17597790858256376,0
calm,127,30,17,0.07932884752291441,1
calm,127,31,16,0.08030666491592929,0
calm,127,32,9,0.07861696633249016,1
calm,127,33,14,0.07923602623835989,1
calm,127,34,12,0.07892107297202201,1
calm,127,35,0,0.1823783778352849,0
calm,127,36,0,0.18309427560325203,0
calm,127,37,0,0.19146629462300063,0
calm,127,38,0,0.17997028385761374,0
calm,127,39,0,0.19357656282405641,0
calm,128,30,14,0.07744609117557234,1
calm,128,31,14,0.07805193184649854,1
calm,128,32,13,0.07995911176233482,1
calm,128,33,10,0.07976274256282333,1
calm,128,34,17,0.07791719113677098,1
calm,128,35,0,0.17984902076712028,0
calm,128,36,0,0.1743002425884461,0
calm,128,37,0,0.19337585317818168,0
calm,128,38,0,0.18610911438972036,0
calm,128,39,0,0.18578638638674694,0
calm,129,30,13,0.07854788449451518,1
calm,129,31,13,0.07823856640846459,1
calm,129,32,12,0.07703251493277688,1
calm,129,33,14,0.07543927505731737,1
calm,129,34,21,0.07665635299012442,1
calm,129,35,0,0.1807034356202673,0
calm,129,36,0,0.1841828826272343,0
calm,129,37,0,0.1888433751960731,0
calm,129,38,0,0.17246117604643807,0
calm,129,39,0,0.17997771246171682,0
calm,130,30,12,0.08512995856919026,0
calm,130,31,18,0.08168649919457886,0
calm,130,32,13,0.08261959987702136,0
calm,130,33,15,0.08286646845303555,0
calm,130,34,10,0.08959461321735467,0
calm,130,35,0,0.1845702030244528,0
calm,130,36,0,0.17665693990782044,0
calm,130,37,0,0.18446603456044153,0
calm,130,38,0,0.18135074923720057,0
calm,130,39,0,0.1889414857047219,0
calm,131,30,14,0.08699718000485075,0
calm,131,31,11,0.0850359343188428,0
calm,131,32,16,0.08174746950995489,0
calm,131,33,16,0.08688184481703219,0
calm,131,34,11,0.07773610821648677,1
calm,131,35,0,0.18193516668883813,0
calm,131,36,0,0.17876272055557352,0
calm,131,37,0,0.1862371221542077,0
calm,131,38,0,0.19627807825205862,0
calm,131,39,0,0.17730718945938917,0
calm,132,30,16,0.07757236600266622,1
calm,132,31,12,0.07935143481215344,1
calm,132,32,12,0.07917258624295564,1
calm,132,33,18,0.07897328164855585,1
calm,132,34,15,0.07924392807328441,1
calm,132,35,0,0.17372976601727966,0
calm,132,36,0,0.1669740282811181,0
calm,132,37,0,0.19381669965530793,0
calm,132,38,0,0.19364791667567247,0
calm,132,39,0,0.1752952167911312,0
calm,133,30,10,0.07609125647412031,1
calm,133,31,18,0.08132843081164325,0
calm,133,32,17,0.07889813353100382,1
calm,133,33,11,0.08198814483636647,0
calm,133,34,12,0.07870785234346635,1
calm,133,35,0,0.18089518625990922,0
calm,133,36,0,0.17646611849540988,0
calm,133,37,0,0.169443298050099,0
calm,133,38,0,0.17468101692738322,0
calm,133,39,0,0.1882208957391774,0
calm,134,30,16,0.07980093254368112,1
calm,134,31,10,0.08732873409402978,0
calm,134,32,14,0.08687233598980787,0
calm,134,33,13,0.08716888367121528,0
calm,134,34,17,0.08747163294427378,0
calm,134,35,0,0.1718997081934466,0
calm,134,36,0,0.1860056597794612,0
calm,134,37,0,0.1874523772292792,0
calm,134,38,0,0.18286311917447695,0
calm,134,39,0,0.18764947007622076,0
calm,135,30,17,0.08102616172624326,0
calm,135,31,13,0.07714290964688017,1
calm,135,32,14,0.07877010824014913,1
calm,135,33,10,0.08079955298576394,0
calm,135,34,17,0.08506349680789681,0
calm,135,35,0,0.1866237771677015,0
calm,135,36,0,0.18722243420832768,0
calm,135,37,0,0.18535900495435956,0
calm,135,38,0,0.18009245090125756,0
calm,135,39,0,0.17857912868427947,0
calm,136,30,13,0.1051608315089936,0
calm,136,31,15,0.08315124373782251,0
calm,136,32,13,0.11205996595961643,0
calm,136,33,16,0.11551923880565411,0
calm,136,34,13,0.0968712203488211,0
calm,136,35,0,0.18012912006007578,0
calm,136,36,0,0.17902887097269315,0
calm,136,37,0,0.18590190814781218,0
calm,136,38,0,0.1945187802340737,0
calm,136,39,0,0.18693604156977456,0
calm,137,30,14,0.08650769311078428,0
calm,137,31,19,0.09055299434004493,0
calm,137,32,16,0.0881715256084089,0
calm,137,33,11,0.08136121467208403,0
calm,137,34,14,0.08424415997769519,0
calm,137,35,0,0.5567152790373671,0
calm,137,36,0,0.1757853592152889,0
calm,137,37,0,0.17347829566438386,0
calm,137,38,0,0.18922760701453312,0
calm,137,39,0,0.18128914577868993,0
calm,138,30,15,0.09566331262326618,0
calm,138,31,14,0.09368526036639253,0
calm,138,32,14,0.09419007667383189,0
calm,138,33,15,0.09423213454146455,0
calm,138,34,14,0.09576868356888989,0
calm,138,35,0,0.18927318135370017,0
calm,138,36,0,0.181657415849537,0
calm,138,37,0,0.18658727016588747,0
calm,138,38,0,0.18019458484223305,0
calm,138,39,0,0.17069824143184462,0
calm,139,30,13,0.10168571893527753,0
calm,139,31,17,0.0787613267464682,1
calm,139,32,13,0.10598496689307822,0
calm,139,33,13,0.10400018863258999,0
calm,139,34,13,0.10029259935604162,0
calm,139,35,0,0.33439083888435356,0
calm,139,36,0,0.1815115583902367,0
calm,139,37,0,0.5617676580432154,0
calm,139,38,0,0.18170313224990617,0
calm,139,39,0,0.18006953924702154,0
calm,140,30,14,0.09274017261467425,0
calm,140,31,10,0.08697334120600553,0
calm,140,32,11,0.07906872922354423,1
calm,140,33,14,0.08840740522352644,0
calm,140,34,17,0.0973368110112799,0
calm,140,35,0,0.18255640998453757,0
calm,140,36,0,0.17289323241836785,0
calm,140,37,0,0.1881653353459552,0
calm,140,38,0,0.17167404452096982,0
calm,140,39,0,0.188531535816584,0
calm,141,30,13,0.0865090629728909,0
calm,141,31,17,0.07800855936145705,1
calm,141,32,11,0.09385055250177216,0
calm,141,33,15,0.0803540207605113,0
calm,141,34,14,0.09090189791299501,0
calm,141,35,0,0.18885253425084478,0
calm,141,36,0,0.18874832110893447,0
calm,141,37,0,0.18541906216513418,0
calm,141,38,0,0.17759352305654508,0
calm,141,39,0,0.1750975591334761,0
stressed,42,30,16,0.07383523352602726,1
stressed,42,31,16,0.07596772599937812,1
stressed,42,32,15,0.07689441534685539,1
stressed,42,33,10,0.07745383753697084,1
stressed,42,34,12,0.05583682652436927,1
stressed,42,35,0,0.16177059725996987,0
stressed,42,36,0,0.10584283401256142,0
stressed,42,37,0,0.07831498225306309,1
stressed,42,38,0,0.10862759222894075,0
stressed,42,39,0,0.11819702349494406,0
stressed,43,30,16,0.12173033483077023,0
stressed,43,31,10,0.11612880002432323,0
stressed,43,32,12,0.0670462919111412,1
stressed,43,33,13,0.07703065056615153,1
stressed,43,34,16,0.07522783152890754,1
stressed,43,35,0,0.12727661011085561,0
stressed,43,36,0,0.07975900802867006,1
stressed,43,37,0,0.19172963223044895,0
stressed,43,38,0,0.04595678989407241,1
stressed,43,39,0,0.08174392983362352,0
stressed,44,30,15,0.06765819625221235,1
stressed,44,31,15,0.0985766068875211,0
stressed,44,32,11,0.07327595071452045,1
stressed,44,33,14,0.04570934086909452,1
stressed,44,34,15,0.0983775284576031,0
stressed,44,35,0,0.14115831295472883,0
stressed,44,36,0,0.1397025045792717,0
stressed,44,37,0,0.11666262278078354,0
stressed,44,38,0,0.06921160914598092,1
stressed,44,39,0,0.13781384149590145,0
stressed,45,30,14,0.07519078112948843,1
stressed,45,31,11,0.04963329341067687,1
stressed,45,32,16,0.08934327019620511,0
stressed,45,33,17,0.08491459548125123,0
stressed,45,34,14,0.09469745831937726,0
stressed,45,35,0,0.18197653624276333,0
stressed,45,36,0,0.07363105212999925,1
stressed,45,37,0,0.06705029076632925,1
stressed,45,38,0,0.06543107897935228,1
stressed,45,39,0,0.14051051555654645,0
stressed,46,30,18,0.052431291321581676,1
stressed,46,31,13,0.0798266093878365,1
stressed,46,32,10,0.10074121169692893,0
stressed,46,33,12,0.0938461547648857,0
stressed,46,34,19,0.0739542393760248,1
stressed,46,35,0,0.04652071318032654,1
stressed,46,36,0,0.0643519286556862,1
stressed,46,37,0,0.062473220858095126,1
stressed,46,38,0,0.13624955868017988,0
stressed,46,39,0,0.0440901294199227,1
stressed,47,30,13,0.07950641495263648,1
stressed,47,31,18,0.0700132713424647,1
stressed,47,32,13,0.09001053000356737,0
stressed,47,33,18,0.07589394383111008,1
stressed,47,34,13,0.07602190636643456,1
stressed,47,35,0,0.06977776578265721,1
stressed,47,36,0,0.07921672503710894,1
stressed,47,37,0,0.07029266815052485,1
stressed,47,38,0,0.14411439449506286,0
stressed,47,39,0,0.07085780826642966,1
stressed,48,30,17,0.07410065744353925,1
stressed,48,31,14,0.10358398551393624,0
stressed,48,32,15,0.0512877732557455,1
stressed,48,33,15,0.07590176550249995,1
stressed,48,34,9,0.1252982367682211,0
stressed,48,35,0,0.1571660284903351,0
stressed,48,36,0,0.04791856981210292,1
stressed,48,37,0,0.20079259283910925,0
stressed,48,38,0,0.04657181655643839,1
stressed,48,39,0,0.09547093393148282,0
stressed,49,30,14,0.08601808238843903,0
stressed,49,31,11,0.07778037160592953,1
stressed,49,32,11,0.08928891939108588,0
stressed,49,33,13,0.07200040397564476,1
stressed,49,34,18,0.06916337002197698,1
stressed,49,35,0,0.04940841449601612,1
stressed,49,36,0,0.1706714719607804,0
stressed,49,37,0,0.06627430606142577,1
stressed,49,38,0,0.18961273737107842,0
stressed,49,39,0,0.059532931352795686,1
stressed,50,30,14,0.07068529053543517,1
stressed,50,31,14,0.06889151141010198,1
stressed,50,32,15,0.09304119188778748,0
stressed,50,33,14,0.09669430989563225,0
stressed,50,34,11,0.08367900384733218,0
stressed,50,35,0,0.0788975573580155,1
stressed,50,36,0,0.07020449568772004,1
stressed,50,37,0,0.07949822891145723,1
stressed,50,38,0,0.31991806846454446,0
stressed,50,39,0,0.0667687238386336,1
stressed,51,30,13,0.10479205955901114,0
stressed,51,31,16,0.11570394257807803,0
stressed,51,32,13,0.09667276962700683,0
stressed,51,33,16,0.07558159691466057,1
stressed,51,34,13,0.06701831681032522,1
stressed,51,35,0,0.07539926938428995,1
stressed,51,36,0,0.046081236821685495,1
stressed,51,37,0,0.16914230346937695,0
stressed,51,38,0,0.16371518916091315,0
stressed,51,39,0,0.05052003368162768,1
stressed,52,30,12,0.07107151895855267,1
stressed,52,31,18,0.07816313020025775,1
stressed,52,32,12,0.06944167625013252,1
stressed,52,33,17,0.06856725185933939,1
stressed,52,34,11,0.05132566697630377,1
stressed,52,35,0,0.2613980568354483,0
stressed,52,36,0,0.25957410488630506,0
stressed,52,37,0,0.09115431877460403,0
stressed,52,38,0,0.12594810704786233,0
stressed,52,39,0,0.058916412481565546,1
stressed,53,30,13,0.08536089055527009,0
stressed,53,31,14,0.011327476805545002,1
stressed,53,32,12,0.06998285385799413,1
stressed,53,33,14,0.07607386274192951,1
stressed,53,34,17,0.0952822587439776,0
stressed,53,35,0,0.13341995044257055,0
stressed,53,36,0,0.04228530851200454,1
stressed,53,37,0,0.08559545717895152,0
stressed,53,38,0,0.06793996325731433,1
stressed,53,39,0,0.06263881044356547,1
stressed,54,30,16,0.10588142369936512,0
stressed,54,31,12,0.05954405765385609,1
stressed,54,32,16,0.0592295212582957,1
stressed,54,33,11,0.09118997309107904,0
stressed,54,34,12,0.11460729924966961,0
stressed,54,35,0,0.09346772540894872,0
stressed,54,36,0,0.11041386578103869,0
stressed,54,37,0,0.07935244570974488,1
stressed,54,38,0,0.0668947069541497,1
stressed,54,39,0,0.10827010951833384,0
stressed,55,30,15,0.0933609584695511,0
stressed,55,31,12,0.05911402677700341,1
stressed,55,32,17,0.08130567342784291,0
stressed,55,33,14,0.07360247233295233,1
stressed,55,34,10,0.06229295650348407,1
stressed,55,35,0,0.06734620696152198,1
stressed,55,36,0,0.05773933453807497,1
stressed,55,37,0,0.07302175820542355,1
stressed,55,38,0,0.06722529998848763,1
stressed,55,39,0,0.04490042461709622,1
stressed,56,30,15,0.07293639436050965,1
stressed,56,31,15,0.08237363736757446,0
stressed,56,32,15,0.0929245964579168,0
stressed,56,33,13,0.11642110619996848,0
stressed,56,34,15,0.10143118983906914,0
stressed,56,35,0,0.07633942403620181,1
stressed,56,36,0,0.18657033357878927,0
stressed,56,37,0,0.06529802899812699,1
stressed,56,38,0,0.06271646477267366,1
stressed,56,39,0,0.08847579007020162,0
stressed,57,30,13,0.09420520824747727,0
stressed,57,31,13,0.09768929573635284,0
stressed,57,32,10,0.09579108387543625,0
stressed,57,33,16,0.06529518542113785,1
stressed,57,34,17,0.07339111166692822,1
stressed,57,35,0,0.0627376594924452,1
stressed,57,36,0,0.06128017335052378,1
stressed,57,37,0,0.2628136495413251,0
stressed,57,38,0,0.16366077305223375,0
stressed,57,39,0,0.16756264764100792,0
stressed,58,30,11,0.06596030903298096,1
stressed,58,31,15,0.07799288781033258,1
stressed,58,32,11,0.046055758536543596,1
stressed,58,33,17,0.07129705607958678,1
stressed,58,34,18,0.09468167186194441,0
stressed,58,35,0,0.13532216743899086,0
stressed,58,36,0,0.10486563295114236,0
stressed,58,37,0,0.06935544969716574,1
stressed,58,38,0,0.14005267593973936,0
stressed,58,39,0,0.12013624930295831,0
stressed,59,30,16,0.0731411470721387,1
stressed,59,31,14,0.07261197285771114,1
stressed,59,32,11,0.07060226997173012,1
stressed,59,33,14,0.05148774066421708,1
stressed,59,34,15,0.02182625984469696,1
stressed,59,35,0,0.1818236803121857,0
stressed,59,36,0,0.1013837251475258,0
stressed,59,37,0,0.10095813143720025,0
stressed,59,38,0,0.09136677898623041,0
stressed,59,39,0,0.07822589173129599,1
stressed,60,30,12,0.0748042475848752,1
stressed,60,31,13,0.08285446598646662,0
stressed,60,32,17,0.1080082793360891,0
stressed,60,33,15,0.07672368947350486,1
stressed,60,34,17,0.07536137054304833,1
stressed,60,35,0,0.12985345043675137,0
stressed,60,36,0,0.0600820506263745,1
stressed,60,37,0,0.05611377953012282,1
stressed,60,38,0,0.1615772660790284,0
stressed,60,39,0,0.18993581454766215,0
stressed,61,30,12,0.08599342014472745,0
stressed,61,31,16,0.07350547320219138,1
stressed,61,32,12,0.06468937236918072,1
stressed,61,33,16,0.09288746053918027,0
stressed,61,34,10,0.06807673876867662,1
stressed,61,35,0,0.2003858312299598,0
stressed,61,36,0,0.10888696578609423,0
stressed,61,37,0,0.17433857401534084,0
stressed,61,38,0,0.06763257260352243,1
stressed,61,39,0,0.14404716973644882,0
stressed,62,30,16,0.12967835243209871,0
stressed,62,31,13,0.12914566220282284,0
stressed,62,32,11,0.0742002289419504,1
stressed,62,33,16,0.10886365329792105,0
stressed,62,34,15,0.06876716486693317,1
stressed,62,35,0,0.07895911820867488,1
stressed,62,36,0,0.07117449918268104,1
stressed,62,37,0,0.07696465458629621,1
stressed,62,38,0,0.1760661414968793,0
stressed,62,39,0,0.11380510702391149,0
stressed,63,30,9,0.029768369045489622,1
stressed,63,31,17,0.09902745499845574,0
stressed,63,32,13,0.07470384043764544,1
stressed,63,33,13,0.04976907218179198,1
stressed,63,34,17,0.08666041399620501,0
stressed,63,35,0,0.13614359244161695,0
stressed,63,36,0,0.2579357881262915,0
stressed,63,37,0,0.0594392377195733,1
stressed,63,38,0,0.06687704221295457,1
stressed,63,39,0,0.18098800318794978,0
stressed,64,30,15,0.07573768757122153,1
stressed,64,31,13,0.07156066786910545,1
stressed,64,32,15,0.06934908377043791,1
stressed,64,33,14,0.09527527571010679,0
stressed,64,34,15,0.07689207609527192,1
stressed,64,35,0,0.07617219716261328,1
stressed,64,36,0,0.07035888359018883,1
stressed,64,37,0,0.06445219237800025,1
stressed,64,38,0,0.07723445149547628,1
stressed,64,39,0,0.071281938103507,1
stressed,65,30,16,0.10386497532023582,0
stressed,65,31,17,0.09094143758923327,0
stressed,65,32,12,0.09774917895531217,0
stressed,65,33,12,0.08777040261601103,0
stressed,65,34,16,0.06870757967709178,1
stressed,65,35,0,0.07743064586500022,1
stressed,65,36,0,0.15516183912491413,0
stressed,65,37,0,0.05518917164641412,1
stressed,65,38,0,0.04709191449893152,1
stressed,65,39,0,0.1862011820735562,0
stressed,66,30,11,0.04434690492969452,1
stressed,66,31,15,0.091393169431971,0
stressed,66,32,12,0.10195047166716027,0
stressed,66,33,18,0.09435875086719943,0
stressed,66,34,15,0.0699782993546316,1
stressed,66,35,0,0.07347851543692074,1
stressed,66,36,0,0.1484736995881101,0
stressed,66,37,0,0.03919512497170305,1
stressed,66,38,0,0.13954253228335506,0
stressed,66,39,0,0.049332087497475176,1
stressed,67,30,16,0.07453148155711421,1
stressed,67,31,11,0.06235807957752126,1
stressed,67,32,9,0.09060887160410083,0
stressed,67,33,16,0.10659036158569807,0
stressed,67,34,16,0.060840576964405896,1
stressed,67,35,0,0.13015157435796998,0
stressed,67,36,0,0.14117879468666464,0
stressed,67,37,0,0.0732095351212195,1
stressed,67,38,0,0.05273292080920762,1
stressed,67,39,0,0.13507625253743877,0
stressed,68,30,12,0.09503627762458668,0
stressed,68,31,14,0.05615524670406967,1
stressed,68,32,15,0.11326310027475442,0
stressed,68,33,14,0.07907913923414032,1
stressed,68,34,15,0.10329071851078002,0
stressed,68,35,0,0.08637632598081212,0
stressed,68,36,0,0.06097109877131485,1
stressed,68,37,0,0.06494508137993435,1
stressed,68,38,0,0.1576464209177548,0
stressed,68,39,0,0.13246719811050753,0
stressed,69,30,11,0.08995696533061148,0
stressed,69,31,16,0.0861413018878663,0
stressed,69,32,12,0.07093268364791679,1
stressed,69,33,16,0.09428909830550439,0
stressed,69,34,11,0.035348897342352865,1
stressed,69,35,0,0.06742613251985093,1
stressed,69,36,0,0.10651280535739237,0
stressed,69,37,0,0.0682612983835223,1
stressed,69,38,0,0.06839846699566035,1
stressed,69,39,0,0.12858221159408334,0
stressed,70,30,12,0.07682403764623305,1
stressed,70,31,15,0.10556283874701122,0
stressed,70,32,16,0.05219089817588474,1
stressed,70,33,14,0.1015224618049676,0
stressed,70,34,15,0.12405480887033107,0
stressed,70,35,0,0.041735991450369145,1
stressed,70,36,0,0.17527716464397555,0
stressed,70,37,0,0.043350578478678896,1
stressed,70,38,0,0.06259013981738941,1
stressed,70,39,0,0.0725585495754244,1
stressed,71,30,14,0.07931132921244952,1
stressed,71,31,14,0.07708693935352419,1
stressed,71,32,12,0.09891619569359292,0
stressed,71,33,14,0.07940351907000251,1
stressed,71,34,16,0.11951719535754989,0
stressed,71,35,0,0.07497871403964335,1
stressed,71,36,0,0.0682074217200998,1
stressed,71,37,0,0.1479721052191455,0
stressed,71,38,0,0.08525826433148592,0
stressed,71,39,0,0.06946248253125552,1
stressed,72,30,14,0.08668076974151266,0
stressed,72,31,16,0.07733261694628357,1
stressed,72,32,10,0.07431371546870794,1
stressed,72,33,13,0.07413226575176927,1
stressed,72,34,19,0.07429791522753595,1
stressed,72,35,0,0.10755185340813529,0
stressed,72,36,0,0.16406528236320225,0
stressed,72,37,0,0.0807520738772635,0
stressed,72,38,0,0.06892303786704848,1
stressed,72,39,0,0.17006402977893026,0
stressed,73,30,15,0.07737438913291787,1
stressed,73,31,18,0.08053754933939983,0
stressed,73,32,12,0.05274626613969121,1
stressed,73,33,12,0.09852363235650381,0
stressed,73,34,16,0.0764299133100776,1
stressed,73,35,0,0.05148667828208119,1
stressed,73,36,0,0.06630986812531385,1
stressed,73,37,0,0.2136151617787956,0
stressed,73,38,0,0.06698303660317517,1
stressed,73,39,0,0.263525575991086,0
stressed,74,30,11,0.09522482397014477,0
stressed,74,31,11,0.07176479941479756,1
stressed,74,32,16,0.08983867271661158,0
stressed,74,33,14,0.045438480524189626,1
stressed,74,34,18,0.06843633512147851,1
stressed,74,35,0,0.12222082452728758,0
stressed,74,36,0,0.17084398678676257,0
stressed,74,37,0,0.27465983376817926,0
stressed,74,38,0,0.06725028786139244,1
stressed,74,39,0,0.10457205687913479,0
stressed,75,30,12,0.054776876363928036,1
stressed,75,31,16,0.05368987724606258,1
stressed,75,32,12,0.07748704272646437,1
stressed,75,33,16,0.07878958101750946,1
stressed,75,34,9,0.08585607939458134,0
stressed,75,35,0,0.07179925059863079,1
stressed,75,36,0,0.06694675320269938,1
stressed,75,37,0,0.19334172711497105,0
stressed,75,38,0,0.0552550367754503,1
stressed,75,39,0,0.08776511597720095,0
stressed,76,30,12,0.06815548736617054,1
stressed,76,31,13,0.06178723686933972,1
stressed,76,32,20,0.06784727279106717,1
stressed,76,33,16,0.06835395786136957,1
stressed,76,34,13,0.10244992166128163,0
stressed,76,35,0,0.10067314755757767,0
stressed,76,36,0,0.06967280997840294,1
stressed,76,37,0,0.1928489862619676,0
stressed,76,38,0,0.18256500952187718,0
stressed,76,39,0,0.18355652749596488,0
stressed,77,30,15,0.08760852230575314,0
stressed,77,31,14,0.0761085259256985,1
stressed,77,32,11,0.05135681159911985,1
stressed,77,33,15,0.07611641851892213,1
stressed,77,34,14,0.06964977677853426,1
stressed,77,35,0,0.1345564234708921,0
stressed,77,36,0,0.14304608247105297,0
stressed,77,37,0,0.07935966361678984,1
stressed,77,38,0,0.07282210975754712,1
stressed,77,39,0,0.13902749119488778,0
stressed,78,30,16,0.0795014297386488,1
stressed,78,31,17,0.07896195456964751,1
stressed,78,32,11,0.07551725684310831,1
stressed,78,33,15,0.06466797126539763,1
stressed,78,34,11,0.06355123593626867,1
stressed,78,35,0,0.12182778822098665,0
stressed,78,36,0,0.06624267557469293,1
stressed,78,37,0,0.10978287158096588,0
stressed,78,38,0,0.14399583467201788,0
stressed,78,39,0,0.14370422570380498,0
stressed,79,30,13,0.07364847269185075,1
stressed,79,31,13,0.07248761417572461,1
stressed,79,32,15,0.06900889089345906,1
stressed,79,33,14,0.04698628356470653,1
stressed,79,34,13,0.07242286924626712,1
stressed,79,35,0,0.13664882939040116,0
stressed,79,36,0,0.07207191870100711,1
stressed,79,37,0,0.1436564257073973,0
stressed,79,38,0,0.17813015052510764,0
stressed,79,39,0,0.08749459331348418,0
stressed,80,30,12,0.07305976059907386,1
stressed,80,31,12,0.07668804597784895,1
stressed,80,32,17,0.09149761775388215,0
stressed,80,33,12,0.08359939128754726,0
stressed,80,34,17,0.06123955861716205,1
stressed,80,35,0,0.0698767162811014,1
stressed,80,36,0,0.233681159412175,0
stressed,80,37,0,0.05257055651968375,1
stressed,80,38,0,0.1313559534486887,0
stressed,80,39,0,0.130700164872812,0
stressed,81,30,17,0.1045050557954536,0
stressed,81,31,15,0.07805921989433216,1
stressed,81,32,11,0.048587713587280514,1
stressed,81,33,11,0.06129654999369484,1
stressed,81,34,15,0.06844540384703174,1
stressed,81,35,0,0.06594065600360689,1
stressed,81,36,0,0.05636492480636749,1
stressed,81,37,0,0.09087159476686828,0
stressed,81,38,0,0.18409519083763373,0
stressed,81,39,0,0.08919835030896993,0
stressed,82,30,11,0.09732941749663233,0
stressed,82,31,18,0.0758810583124442,1
stressed,82,32,16,0.04678815318218662,1
stressed,82,33,13,0.06768542717878616,1
stressed,82,34,12,0.07530442057924894,1
stressed,82,35,0,0.07920388367221905,1
stressed,82,36,0,0.1178007715971921,0
stressed,82,37,0,0.08332153185227717,0
stressed,82,38,0,0.07511906903427101,1
stressed,82,39,0,0.2520651896531857,0
stressed,83,30,13,0.07453106735166617,1
stressed,83,31,14,0.08175117762610778,0
stressed,83,32,12,0.05420093866488757,1
stressed,83,33,13,0.08313954905178965,0
stressed,83,34,15,0.06627704119845798,1
stressed,83,35,0,0.07336649533316753,1
stressed,83,36,0,0.08799368684181312,0
stressed,83,37,0,0.10837313817295544,0
stressed,83,38,0,0.06840189834660118,1
stressed,83,39,0,0.1779423593714134,0
stressed,84,30,15,0.0779914301265509,1
stressed,84,31,16,0.09990888624658942,0
stressed,84,32,12,0.0694713976780055,1
stressed,84,33,14,0.1036414421167347,0
stressed,84,34,12,0.09892124095665294,0
stressed,84,35,0,0.09661822756127691,0
stressed,84,36,0,0.07257147788621407,1
stressed,84,37,0,0.06704095595198854,1
stressed,84,38,0,0.08953370331446893,0
stressed,84,39,0,0.0630848506848915,1
stressed,85,30,17,0.07174954542041691,1
stressed,85,31,12,0.07170673764399065,1
stressed,85,32,14,0.06847162427667317,1
stressed,85,33,16,0.07152537703923588,1
stressed,85,34,17,0.09319962500617995,0
stressed,85,35,0,0.04494221605210526,1
stressed,85,36,0,0.0920946961263555,0
stressed,85,37,0,0.04988065353817219,1
stressed,85,38,0,0.0666579713045963,1
stressed,85,39,0,0.07102238857463371,1
stressed,86,30,15,0.10360130876766548,0
stressed,86,31,15,0.07445024145391618,1
stressed,86,32,14,0.10008511945493938,0
stressed,86,33,13,0.07113103573610718,1
stressed,86,34,11,0.12969772052728634,0
stressed,86,35,0,0.0678504050754277,1
stressed,86,36,0,0.04979948512885403,1
stressed,86,37,0,0.07087643191709053,1
stressed,86,38,0,0.1737272472552229,0
stressed,86,39,0,0.07958572873177235,1
stressed,87,30,14,0.04730432556928388,1
stressed,87,31,13,0.10802063466756787,0
stressed,87,32,15,0.07603407555748924,1
stressed,87,33,13,0.10779282069214925,0
stressed,87,34,17,0.07936001293811244,1
stressed,87,35,0,0.16455827619011276,0
stressed,87,36,0,0.06002494936751911,1
stressed,87,37,0,0.19145091716598733,0
stressed,87,38,0,0.07515335183772619,1
stressed,87,39,0,0.06488062970262985,1
stressed,88,30,15,0.07558401406112022,1
stressed,88,31,14,0.07414652873644063,1
stressed,88,32,16,0.1250079775687928,0
stressed,88,33,15,0.07361046303242315,1
stressed,88,34,13,0.08409914360899401,0
stressed,88,35,0,0.1897156939536986,0
stressed,88,36,0,0.1870629940569053,0
stressed,88,37,0,0.07112891147389964,1
stressed,88,38,0,0.07627009830977485,1
stressed,88,39,0,0.12454643086881033,0
stressed,89,30,16,0.0878679664093872,0
stressed,89,31,16,0.06698200696030618,1
stressed,89,32,16,0.10384933072039934,0
stressed,89,33,11,0.10372556972947847,0
stressed,89,34,12,0.10778825340340133,0
stressed,89,35,0,0.06139791802610204,1
stressed,89,36,0,0.05268574114972034,1
stressed,89,37,0,0.07382695537355939,1
stressed,89,38,0,0.07649114852987718,1
stressed,89,39,0,0.06975014113947456,1
stressed,90,30,15,0.06786630747207935,1
stressed,90,31,15,0.07451578093396626,1
stressed,90,32,12,0.0738957523285992,1
stressed,90,33,14,0.05500268064373568,1
stressed,90,34,12,0.053203533116262365,1
stressed,90,35,0,0.17986317927040638,0
stressed,90,36,0,0.09314368477648018,0
stressed,90,37,0,0.059028869260134315,1
stressed,90,38,0,0.06486682215738196,1
stressed,90,39,0,0.06420455028634055,1
stressed,91,30,17,0.09243299667772965,0
stressed,91,31,15,0.07461719725080407,1
stressed,91,32,16,0.07322635325710518,1
stressed,91,33,11,0.08877921327521855,0
stressed,91,34,12,0.07061392948847725,1
stressed,91,35,0,0.05251732764572493,1
stressed,91,36,0,0.1898121245028314,0
stressed,91,37,0,0.03297780243842802,1
stressed,91,38,0,0.1838228161003843,0
stressed,91,39,0,0.1800998109357003,0
stressed,92,30,14,0.07681051873762682,1
stressed,92,31,18,0.07716296164647657,1
stressed,92,32,10,0.07474897365835714,1
stressed,92,33,12,0.05599492694443876,1
stressed,92,34,14,0.09325471487725558,0
stressed,92,35,0,0.06770028751720236,1
stressed,92,36,0,0.04114795912686964,1
stressed,92,37,0,0.25677413395923554,0
stressed,92,38,0,0.07243476958622261,1
stressed,92,39,0,0.07374710791318138,1
stressed,93,30,12,0.08558122190097864,0
stressed,93,31,18,0.0650320337922875,1
stressed,93,32,14,0.07958605137916386,1
stressed,93,33,14,0.0888044404908458,0
stressed,93,34,11,0.09027759308736098,0
stressed,93,35,0,0.0487371153890308,1
stressed,93,36,0,0.14017841825118213,0
stressed,93,37,0,0.07432027281498704,1
stressed,93,38,0,0.06989593133988363,1
stressed,93,39,0,0.0707380588367644,1
stressed,94,30,12,0.07022138458836649,1
stressed,94,31,15,0.09397606204411788,0
stressed,94,32,14,0.07143585781774882,1
stressed,94,33,15,0.07137571879627942,1
stressed,94,34,13,0.09375840796808838,0
stressed,94,35,0,0.0734920711753579,1
stressed,94,36,0,0.05441863872309871,1
stressed,94,37,0,0.18728495275656046,0
stressed,94,38,0,0.16192718563298863,0
stressed,94,39,0,0.05656991249485337,1
stressed,95,30,15,0.07040672492420366,1
stressed,95,31,16,0.07597733420791043,1
stressed,95,32,13,0.0984260173770632,0
stressed,95,33,13,0.08911423636066713,0
stressed,95,34,14,0.07678120739253846,1
stressed,95,35,0,0.1370553664311572,0
stressed,95,36,0,0.0718669905872715,1
stressed,95,37,0,0.07563161265769261,1
stressed,95,38,0,0.05359080643783806,1
stressed,95,39,0,0.17087184841590636,0
stressed,96,30,15,0.10387261800967613,0
stressed,96,31,16,0.09164718346466288,0
stressed,96,32,15,0.0706339001607984,1
stressed,96,33,11,0.07888921933299124,1
stressed,96,34,15,0.09119709749502498,0
stressed,96,35,0,0.13798538003078895,0
stressed,96,36,0,0.0951678102655986,0
stressed,96,37,0,0.1352222238266995,0
stressed,96,38,0,0.0703415061009693,1
stressed,96,39,0,0.29729739784405346,0
stressed,97,30,15,0.07829510255572007,1
stressed,97,31,10,0.0902308301991875,0
stressed,97,32,16,0.10662807987994623,0
stressed,97,33,18,0.053222346675293936,1
stressed,97,34,12,0.058143078128439274,1
stressed,97,35,0,0.07850770687567708,1
stressed,97,36,0,0.06255794354160761,1
stressed,97,37,0,0.24787454359645986,0
stressed,97,38,0,0.05770014752459563,1
stressed,97,39,0,0.11050999615627063,0
stressed,98,30,17,0.08397164998201405,0
stressed,98,31,10,0.10482299848162521,0
stressed,98,32,16,0.07915159011941532,1
stressed,98,33,13,0.07063527927117803,1
stressed,98,34,13,0.11989093477874445,0
stressed,98,35,0,0.05630546588678971,1
stressed,98,36,0,0.06805505643357934,1
stressed,98,37,0,0.2098713717272802,0
stressed,98,38,0,0.07027523989332231,1
stressed,98,39,0,0.2739048704630159,0
stressed,99,30,11,0.08165906362603592,0
stressed,99,31,15,0.07294279950529796,1
stressed,99,32,12,0.06316293733980811,1
stressed,99,33,17,0.05984986764814554,1
stressed,99,34,15,0.08561744686654006,0
stressed,99,35,0,0.06899491433148427,1
stressed,99,36,0,0.056800528537050324,1
stressed,99,37,0,0.1808193540284473,0
stressed,99,38,0,0.06538308154662839,1
stressed,99,39,0,0.18188997996342024,0
stressed,100,30,15,0.07201616133868198,1
stressed,100,31,13,0.06571488935318326,1
stressed,100,32,13,0.06727930236241454,1
stressed,100,33,12,0.0508758907335426,1
stressed,100,34,15,0.09110807027974299,0
stressed,100,35,0,0.07340580708466579,1
stressed,100,36,0,0.10881964961953311,0
stressed,100,37,0,0.11719269183797276,0
stressed,100,38,0,0.2863234075577189,0
stressed,100,39,0,0.29236183138878574,0
stressed,101,30,16,0.0684116328028761,1
stressed,101,31,10,0.06911344664446709,1
stressed,101,32,18,0.09753622195726774,0
stressed,101,33,16,0.07808276969278555,1
stressed,101,34,12,0.0996440853943145,0
stressed,101,35,0,0.05319149139460346,1
stressed,101,36,0,0.05998271972944696,1
stressed,101,37,0,0.09962646772856067,0
stressed,101,38,0,0.1700983907092029,0
stressed,101,39,0,0.1946790279748079,0
stressed,102,30,16,0.040719686414751474,1
stressed,102,31,12,0.07674381573791529,1
stressed,102,32,12,0.06847068941974227,1
stressed,102,33,16,0.07450264476894963,1
stressed,102,34,12,0.07485242712009937,1
stressed,102,35,0,0.07658168498142486,1
stressed,102,36,0,0.281363863234964,0
stressed,102,37,0,0.10031505290165549,0
stressed,102,38,0,0.06541488386567709,1
stressed,102,39,0,0.0926456242953843,0
stressed,103,30,14,0.0771558504639486,1
stressed,103,31,15,0.1182046625801819,0
stressed,103,32,10,0.059680722470704786,1
stressed,103,33,15,0.1195339404002212,0
stressed,103,34,15,0.10107675303447221,0
stressed,103,35,0,0.22391128597718424,0
stressed,103,36,0,0.04608247534145684,1
stressed,103,37,0,0.0791513912663362,1
stressed,103,38,0,0.12894133256595358,0
stressed,103,39,0,0.0562927141530481,1
stressed,104,30,12,0.020308942342912334,1
stressed,104,31,12,0.06767405279779846,1
stressed,104,32,18,0.0653498568027279,1
stressed,104,33,13,0.11357104327276714,0
stressed,104,34,17,0.08163521195973139,0
stressed,104,35,0,0.07181855524406805,1
stressed,104,36,0,0.07587574264015977,1
stressed,104,37,0,0.07540475597184379,1
stressed,104,38,0,0.07043263836637065,1
stressed,104,39,0,0.06923641375783843,1
stressed,105,30,20,0.07647242630205033,1
stressed,105,31,13,0.0625104839100572,1
stressed,105,32,12,0.061697295279872416,1
stressed,105,33,12,0.051941178938427215,1
stressed,105,34,15,0.0976283215414537,0
stressed,105,35,0,0.06742898379004712,1
stressed,105,36,0,0.058536536165930735,1
stressed,105,37,0,0.072246426237392,1
stressed,105,38,0,0.05254101700719645,1
stressed,105,39,0,0.08969875279291449,0
stressed,106,30,15,0.05285120856874158,1
stressed,106,31,16,0.09660781372099261,0
stressed,106,32,10,0.07733254123743187,1
stressed,106,33,17,0.07996723630374877,1
stressed,106,34,18,0.07688289105660061,1
stressed,106,35,0,0.1776289166702263,0
stressed,106,36,0,0.05333907267774897,1
stressed,106,37,0,0.06777864337249076,1
stressed,106,38,0,0.19292016235711004,0
stressed,106,39,0,0.10109772765563978,0
stressed,107,30,16,0.10641491298259054,0
stressed,107,31,13,0.06976524898803779,1
stressed,107,32,11,0.09782634534820404,0
stressed,107,33,18,0.07758688796931275,1
stressed,107,34,12,0.09539528529209511,0
stressed,107,35,0,0.17992550538985103,0
stressed,107,36,0,0.1141892047540081,0
stressed,107,37,0,0.06874695100231705,1
stressed,107,38,0,0.06496978228215919,1
stressed,107,39,0,0.07871669023210859,1
stressed,108,30,16,0.05509604400448918,1
stressed,108,31,13,0.06705272120985073,1
stressed,108,32,13,0.07314540507846495,1
stressed,108,33,14,0.08497851966987459,0
stressed,108,34,14,0.07356696878400844,1
stressed,108,35,0,0.1927771889172781,0
stressed,108,36,0,0.07264379587774944,1
stressed,108,37,0,0.13338921027183784,0
stressed,108,38,0,0.051239852869952106,1
stressed,108,39,0,0.060984464916629,1
stressed,109,30,16,0.07488796089815761,1
stressed,109,31,10,0.09417926475081217,0
stressed,109,32,12,0.0952947063531517,0
stressed,109,33,16,0.07333686389439346,1
stressed,109,34,11,0.09185567732130563,0
stressed,109,35,0,0.0629685131063717,1
stressed,109,36,0,0.04412821646974952,1
stressed,109,37,0,0.25610437927300284,0
stressed,109,38,0,0.13643970121790147,0
stressed,109,39,0,0.17035114687628275,0
stressed,110,30,19,0.09069103429537725,0
stressed,110,31,14,0.0694881430760328,1
stressed,110,32,13,0.13260491460425977,0
stressed,110,33,13,0.10122590857555122,0
stressed,110,34,12,0.1071907182762722,0
stressed,110,35,0,0.1250751929985153,0
stressed,110,36,0,0.15067437207676224,0
stressed,110,37,0,0.16533829256289498,0
stressed,110,38,0,0.07303309725706655,1
stressed,110,39,0,0.06821505806706601,1
stressed,111,30,14,0.06895759381012088,1
stressed,111,31,12,0.06649804835034055,1
stressed,111,32,12,0.08006055605385079,0
stressed,111,33,15,0.10316091473199127,0
stressed,111,34,16,0.07569998508752133,1
stressed,111,35,0,0.10246418126674979,0
stressed,111,36,0,0.18427420434972805,0
stressed,111,37,0,0.05672408310447647,1
stressed,111,38,0,0.06209442318430907,1
stressed,111,39,0,0.15648056031840327,0
stressed,112,30,15,0.06987219805089592,1
stressed,112,31,14,0.10399464278500684,0
stressed,112,32,14,0.12320072272938032,0
stressed,112,33,11,0.1015200087967348,0
stressed,112,34,14,0.05915546499794856,1
stressed,112,35,0,0.04740001727574392,1
stressed,112,36,0,0.07467029356912984,1
stressed,112,37,0,0.06894455284682824,1
stressed,112,38,0,0.05822061357009931,1
stressed,112,39,0,0.19404015608292666,0
stressed,113,30,11,0.07952138267487989,1
stressed,113,31,11,0.07709990134351549,1
stressed,113,32,14,0.07566772630158182,1
stressed,113,33,14,0.10537876704569411,0
stressed,113,34,20,0.06827985857687364,1
stressed,113,35,0,0.09810976831725708,0
stressed,113,36,0,0.06916081907375621,1
stressed,113,37,0,0.11423949612117482,0
stressed,113,38,0,0.05030446247288328,1
stressed,113,39,0,0.13461031962443276,0
stressed,114,30,18,0.07114006992716791,1
stressed,114,31,14,0.09692528054111317,0
stressed,114,32,11,0.1044378246593655,0
stressed,114,33,11,0.08872975412879958,0
stressed,114,34,14,0.0747308391834077,1
stressed,114,35,0,0.08958567715222547,0
stressed,114,36,0,0.07617794600415975,1
stressed,114,37,0,0.07018457238982476,1
stressed,114,38,0,0.06262980907415912,1
stressed,114,39,0,0.0724832343540132,1
stressed,115,30,16,0.07571383042630601,1
stressed,115,31,13,0.06082760112149,1
stressed,115,32,12,0.061704000589652495,1
stressed,115,33,13,0.08853261197689437,0
stressed,115,34,17,0.07807396429380536,1
stressed,115,35,0,0.053251053155313616,1
stressed,115,36,0,0.2613444249911709,0
stressed,115,37,0,0.0780925572129175,1
stressed,115,38,0,0.16037167362887536,0
stressed,115,39,0,0.06360449704792283,1
stressed,116,30,17,0.07583448198079457,1
stressed,116,31,10,0.07269135030665984,1
stressed,116,32,18,0.10396984333115922,0
stressed,116,33,12,0.0719546688376496,1
stressed,116,34,17,0.07453059659661837,1
stressed,116,35,0,0.05593603100671089,1
stressed,116,36,0,0.07128700914839942,1
stressed,116,37,0,0.12386000734091183,0
stressed,116,38,0,0.06527838513064489,1
stressed,116,39,0,0.20884134167667395,0
stressed,117,30,15,0.07639420295468725,1
stressed,117,31,12,0.09433753790440572,0
stressed,117,32,11,0.06353950785668525,1
stressed,117,33,11,0.08052951886844183,0
stressed,117,34,16,0.1258915663667229,0
stressed,117,35,0,0.0455133634628847,1
stressed,117,36,0,0.05713394545121141,1
stressed,117,37,0,0.1794253530813468,0
stressed,117,38,0,0.14767436482193994,0
stressed,117,39,0,0.053582064410925605,1
stressed,118,30,15,0.07533586638666083,1
stressed,118,31,16,0.0967305760110091,0
stressed,118,32,15,0.07307170763688298,1
stressed,118,33,13,0.07371898060515744,1
stressed,118,34,15,0.09723895173023671,0
stressed,118,35,0,0.06673363058262138,1
stressed,118,36,0,0.06179150457547617,1
stressed,118,37,0,0.04342876525238711,1
stressed,118,38,0,0.16092741525015458,0
stressed,118,39,0,0.16817446693271798,0
stressed,119,30,14,0.04391594999816178,1
stressed,119,31,14,0.0765754286753254,1
stressed,119,32,12,0.06931539188498441,1
stressed,119,33,18,0.07249392075053937,1
stressed,119,34,14,0.07004439304856135,1
stressed,119,35,0,0.0716878610988997,1
stressed,119,36,0,0.07655533899726417,1
stressed,119,37,0,0.08097545412412481,0
stressed,119,38,0,0.11909558699975407,0
stressed,119,39,0,0.07131593462386962,1
stressed,120,30,15,0.1059361882689903,0
stressed,120,31,15,0.08627525448274434,0
stressed,120,32,15,0.11368714307145797,0
stressed,120,33,13,0.1216738778994405,0
stressed,120,34,16,0.07734955986000468,1
stressed,120,35,0,0.07593286980152307,1
stressed,120,36,0,0.1587710303985901,0
stressed,120,37,0,0.1395479669206648,0
stressed,120,38,0,0.1118323906558147,0
stressed,120,39,0,0.35869432701601445,0
stressed,121,30,13,0.05824482795174478,1
stressed,121,31,11,0.0830979261562252,0
stressed,121,32,17,0.06006108657843952,1
stressed,121,33,17,0.05022525718114403,1
stressed,121,34,13,0.08075165502794053,0
stressed,121,35,0,0.18472077042854415,0
stressed,121,36,0,0.12469883558998168,0
stressed,121,37,0,0.043786062079778594,1
stressed,121,38,0,0.09727509425438959,0
stressed,121,39,0,0.1514822622767226,0
stressed,122,30,13,0.09208766094988219,0
stressed,122,31,13,0.07516782829693489,1
stressed,122,32,15,0.11267376246091024,0
stressed,122,33,13,0.10438941989935124,0
stressed,122,34,15,0.05997876286936254,1
stressed,122,35,0,0.07446824283357989,1
stressed,122,36,0,0.06682463008859324,1
stressed,122,37,0,0.13626980862328217,0
stressed,122,38,0,0.06714940595554413,1
stressed,122,39,0,0.16243876482026526,0
stressed,123,30,14,0.06950352903626823,1
stressed,123,31,14,0.0928807675053298,0
stressed,123,32,13,0.07675538810256267,1
stressed,123,33,14,0.0713649455434797,1
stressed,123,34,17,0.1009606828551293,0
stressed,123,35,0,0.0793939066110394,1
stressed,123,36,0,0.10744839135342282,0
stressed,123,37,0,0.07364400390625911,1
stressed,123,38,0,0.06661985709751952,1
stressed,123,39,0,0.1371230082586425,0
stressed,124,30,13,0.09059056099165833,0
stressed,124,31,18,0.07375413354546703,1
stressed,124,32,11,0.07942521408144246,1
stressed,124,33,14,0.07355377633556374,1
stressed,124,34,17,0.08490177925678813,0
stressed,124,35,0,0.046708995712810994,1
stressed,124,36,0,0.22706925474226464,0
stressed,124,37,0,0.17961137577190406,0
stressed,124,38,0,0.09398613449229802,0
stressed,124,39,0,0.11439726500954496,0
stressed,125,30,16,0.10815574551244717,0
stressed,125,31,14,0.06779435904530531,1
stressed,125,32,13,0.07629288359122492,1
stressed,125,33,10,0.08489860704688183,0
stressed,125,34,15,0.10234877456673172,0
stressed,125,35,0,0.19271350315203198,0
stressed,125,36,0,0.07357582979155727,1
stressed,125,37,0,0.060145964187168284,1
stressed,125,38,0,0.07613987907811941,1
stressed,125,39,0,0.10963326036084997,0
stressed,126,30,12,0.0714951495698474,1
stressed,126,31,15,0.07587505276112391,1
stressed,126,32,13,0.06744588622509701,1
stressed,126,33,12,0.06597547347387575,1
stressed,126,34,17,0.07386212492070572,1
stressed,126,35,0,0.08010669062136076,0
stressed,126,36,0,0.07250946782610126,1
stressed,126,37,0,0.0557296145738857,1
stressed,126,38,0,0.13390489035579042,0
stressed,126,39,0,0.05186418540506641,1
stressed,127,30,17,0.07397581548010804,1
stressed,127,31,16,0.07506245180024884,1
stressed,127,32,9,0.10007267717808202,0
stressed,127,33,14,0.06981847913154633,1
stressed,127,34,12,0.10246286569926834,0
stressed,127,35,0,0.19092858629629658,0
stressed,127,36,0,0.23536586810237697,0
stressed,127,37,0,0.10462533921387812,0
stressed,127,38,0,0.19874179227126518,0
stressed,127,39,0,0.07537008334764192,1
stressed,128,30,14,0.10142452950560632,0
stressed,128,31,14,0.09623883332915473,0
stressed,128,32,13,0.08208273209359189,0
stressed,128,33,10,0.09522908155235316,0
stressed,128,34,17,0.10106104860299032,0
stressed,128,35,0,0.18295647678780744,0
stressed,128,36,0,0.05340669194090336,1
stressed,128,37,0,0.08406508350804033,0
stressed,128,38,0,0.1379472642036751,0
stressed,128,39,0,0.13421052534637437,0
stressed,129,30,13,0.06360414062598226,1
stressed,129,31,13,0.07189668494896317,1
stressed,129,32,12,0.0748195126395993,1
stressed,129,33,14,0.07957773628898938,1
stressed,129,34,21,0.08162341246733025,0
stressed,129,35,0,0.06895209013690001,1
stressed,129,36,0,0.0653717855101826,1
stressed,129,37,0,0.06469567831253778,1
stressed,129,38,0,0.058961518612842254,1
stressed,129,39,0,0.2140583570616311,0
stressed,130,30,12,0.08048425204233517,0
stressed,130,31,18,0.0742576778741396,1
stressed,130,32,13,0.07438782487435106,1
stressed,130,33,15,0.10469610331551257,0
stressed,130,34,10,0.0696128957439743,1
stressed,130,35,0,0.08641444115877119,0
stressed,130,36,0,0.067432057759072,1
stressed,130,37,0,0.07687784943468812,1
stressed,130,38,0,0.2123378462855701,0
stressed,130,39,0,0.1297551361663129,0
stressed,131,30,14,0.053524525368140924,1
stressed,131,31,11,0.07469392604804079,1
stressed,131,32,16,0.10091213648169675,0
stressed,131,33,16,0.05513749885006543,1
stressed,131,34,11,0.10063851941401578,0
stressed,131,35,0,0.045918297593011366,1
stressed,131,36,0,0.18468961438185588,0
stressed,131,37,0,0.06840403180845343,1
stressed,131,38,0,0.06948848013676959,1
stressed,131,39,0,0.18421404972602315,0
stressed,132,30,16,0.07646070443860731,1
stressed,132,31,12,0.07909197567850997,1
stressed,132,32,12,0.04928673752531308,1
stressed,132,33,18,0.08120889454186474,0
stressed,132,34,15,0.08561411154817228,0
stressed,132,35,0,0.05583958147707841,1
stressed,132,36,0,0.11125003093283657,0
stressed,132,37,0,0.08353002359804026,0
stressed,132,38,0,0.06295044785210317,1
stressed,132,39,0,0.06947228459309183,1
stressed,133,30,10,0.09223864843758463,0
stressed,133,31,18,0.07542443804348245,1
stressed,133,32,17,0.08720838924273752,0
stressed,133,33,11,0.07059664166970091,1
stressed,133,34,12,0.07733336169939463,1
stressed,133,35,0,0.22976245797056588,0
stressed,133,36,0,0.06769724682124387,1
stressed,133,37,0,0.048242330755533046,1
stressed,133,38,0,0.0524830166868754,1
stressed,133,39,0,0.0702830115461273,1
stressed,134,30,16,0.07409370312417858,1
stressed,134,31,10,0.07385656558055233,1
stressed,134,32,14,0.07172128819674835,1
stressed,134,33,13,0.06652098508162231,1
stressed,134,34,17,0.08024662975413278,0
stressed,134,35,0,0.06340344342334071,1
stressed,134,36,0,0.3065682673443041,0
stressed,134,37,0,0.06938634547706599,1
stressed,134,38,0,0.07841053410786183,1
stressed,134,39,0,0.122062519309729,0
stressed,135,30,17,0.07472278333576117,1
stressed,135,31,13,0.09745073700274662,0
stressed,135,32,14,0.08096199352105854,0
stressed,135,33,10,0.049440414937241974,1
stressed,135,34,17,0.06408933878304382,1
stressed,135,35,0,0.14298108778252155,0
stressed,135,36,0,0.14658632110208647,0
stressed,135,37,0,0.10729846722561863,0
stressed,135,38,0,0.06902016855485632,1
stressed,135,39,0,0.16225185849999688,0
stressed,136,30,13,0.06301726066130885,1
stressed,136,31,15,0.10989032926459674,0
stressed,136,32,13,0.10692146611382429,0
stressed,136,33,16,0.10874649128209857,0
stressed,136,34,13,0.07627575290768226,1
stressed,136,35,0,0.06707735452733848,1
stressed,136,36,0,0.19347683837382107,0
stressed,136,37,0,0.04764616101456018,1
stressed,136,38,0,0.053209642311042096,1
stressed,136,39,0,0.05758324936000298,1
stressed,137,30,14,0.06922068343962971,1
stressed,137,31,19,0.07681670771241318,1
stressed,137,32,16,0.07110691463047145,1
stressed,137,33,11,0.06860038547451308,1
stressed,137,34,14,0.04553129915881149,1
stressed,137,35,0,0.06723882934396523,1
stressed,137,36,0,0.1569176252523201,0
stressed,137,37,0,0.0667814062840116,1
stressed,137,38,0,0.12451079380741953,0
stressed,137,39,0,0.07843621723850876,1
stressed,138,30,15,0.07677985205187489,1
stressed,138,31,14,0.09539599168507913,0
stressed,138,32,14,0.08183888232281356,0
stressed,138,33,15,0.11626311398402117,0
stressed,138,34,14,0.084025822212764,0
stressed,138,35,0,0.11395145658198197,0
stressed,138,36,0,0.19569709816478306,0
stressed,138,37,0,0.15007597158856603,0
stressed,138,38,0,0.1802573862369169,0
stressed,138,39,0,0.06311786897620843,1
stressed,139,30,13,0.06807301045171335,1
stressed,139,31,17,0.09410497807862357,0
stressed,139,32,13,0.07763891743957622,1
stressed,139,33,13,0.06645672300119808,1
stressed,139,34,13,0.07402969703105233,1
stressed,139,35,0,0.06062249455156311,1
stressed,139,36,0,0.07000900791007247,1
stressed,139,37,0,0.0689931637238899,1
stressed,139,38,0,0.13227814874897362,0
stressed,139,39,0,0.14868818705366946,0
stressed,140,30,14,0.06833669289516844,1
stressed,140,31,10,0.12090325311735937,0
stressed,140,32,11,0.11181889090899393,0
stressed,140,33,14,0.07516986056197916,1
stressed,140,34,17,0.07274210091015881,1
stressed,140,35,0,0.0691417367094827,1
stressed,140,36,0,0.04099045035723199,1
stressed,140,37,0,0.19402057380002177,0
stressed,140,38,0,0.05105461062644518,1
stressed,140,39,0,0.14868717900000206,0
stressed,141,30,13,0.06693862940725565,1
stressed,141,31,17,0.10420607713145127,0
stressed,141,32,11,0.08658016463791841,0
stressed,141,33,15,0.07827768476415438,1
stressed,141,34,14,0.031082763604424038,1
stressed,141,35,0,0.0673703418956304,1
stressed,141,36,0,0.0698721148668123,1
stressed,141,37,0,0.07515474462934654,1
stressed,141,38,0,0.07545212845815746,1
stressed,141,39,0,0.06710164158243889,1
