ts,V_smooth,sigma_t
2020-02-24 13:30:00,3387.375000000002,0.0006489200474435146
2020-02-24 13:31:00,3389.814548964949,0.0006299781063021107
2020-02-24 13:32:00,3388.250061354276,0.0006387240637839434
2020-02-24 13:33:00,3388.3802411952024,0.000621887244044592
2020-02-24 13:34:00,3391.1522569224267,0.0006286751309304559
2020-02-24 13:35:00,3389.4091219540683,0.0006475517513704411
2020-02-24 13:36:00,3388.4079994464296,0.0006213446169239026
2020-02-24 13:37:00,3388.695700289627,0.0006616283276680156
2020-02-24 13:38:00,3388.764471852079,0.0006484660943052216
2020-02-24 13:39:00,3389.5903680170663,0.0006517743287288129
2020-02-24 13:40:00,3388.7153945829914,0.0006273242096884465
2020-02-24 13:41:00,3387.237166839371,0.0005997402069634211
2020-02-24 13:42:00,3386.0369644427074,0.0005892343665036255
2020-02-24 13:43:00,3383.8515912721878,0.0005789413361001925
2020-02-24 13:44:00,3385.3338467657018,0.0005947259149707775
2020-02-24 13:45:00,3385.5660595113554,0.0006111438312089638
2020-02-24 13:46:00,3384.6330273721956,0.0006166990504427714
2020-02-24 13:47:00,3389.4497316497436,0.0005939108234585004
2020-02-24 13:48:00,3387.492102344533,0.0005981456047900383
2020-02-24 13:49:00,3385.4320723862043,0.000597485873842597
2020-02-24 13:50:00,3383.099383505396,0.0006115532311949259
2020-02-24 13:51:00,3381.3317408056932,0.0006149608629977244
2020-02-24 13:52:00,3382.1377493020746,0.0006219328099209106
2020-02-24 13:53:00,3382.311271752889,0.0005938234432479001
2020-02-24 13:54:00,3379.5201289675547,0.0006218046134089842
2020-02-24 13:55:00,3380.394449046585,0.0005923643647607078
2020-02-24 13:56:00,3384.5644696390805,0.0005868139985724516
2020-02-24 13:57:00,3386.227765172904,0.0005941003059293173
2020-02-24 13:58:00,3387.7459274570515,0.0005817699373454414
2020-02-24 13:59:00,3388.4687852286,0.0006138696018957374
2020-02-24 14:00:00,3386.7448735407206,0.000599817573440255
2020-02-24 14:01:00,3391.351052394596,0.0006074366583519595
2020-02-24 14:02:00,3392.4079633442093,0.0005931366296952565
2020-02-24 14:03:00,3396.357191091574,0.0005629853727478818
2020-02-24 14:04:00,3398.0564151950916,0.0005755007573331026
2020-02-24 14:05:00,3400.6612083436667,0.0005563633325254679
2020-02-24 14:06:00,3401.35973301479,0.0005815901210712288
2020-02-24 14:07:00,3401.880419860719,0.0005923409753766756
2020-02-24 14:08:00,3398.356797151614,0.0005884178035225441
2020-02-24 14:09:00,3401.1374488084357,0.0005929856476038737
2020-02-24 14:10:00,3403.6007628179113,0.0006050358870666652
2020-02-24 14:11:00,3402.903977183961,0.0006001819296177958
2020-02-24 14:12:00,3403.2355763713354,0.0006161628640344665
2020-02-24 14:13:00,3403.679076773268,0.0006104956256119563
2020-02-24 14:14:00,3403.643408924794,0.0005973703502310997
2020-02-24 14:15:00,3403.5264300446306,0.000596110206469248
2020-02-24 14:16:00,3405.171380925333,0.0005814775821600786
2020-02-24 14:17:00,3404.8197969332637,0.0005674136965035761
2020-02-24 14:18:00,3405.91730202182,0.0005947316758327029
2020-02-24 14:19:00,3407.6265850017535,0.0005427163409242382
2020-02-24 14:20:00,3406.258602484232,0.0005256905691295033
2020-02-24 14:21:00,3407.3412591961032,0.0005235464179936792
2020-02-24 14:22:00,3407.9217856124474,0.0005366418247513751
2020-02-24 14:23:00,3409.180795464907,0.0005250292242319903
2020-02-24 14:24:00,3409.221136713055,0.0005019974306403908
2020-02-24 14:25:00,3408.097708167967,0.0005038803855752088
2020-02-24 14:26:00,3409.728772567615,0.0004915580815453704
2020-02-24 14:27:00,3407.1452324068173,0.0005082157427888238
2020-02-24 14:28:00,3403.906935708576,0.0004982457975886413
2020-02-24 14:29:00,3406.1450862758434,0.0004881849212375422
2020-02-24 14:30:00,3406.618144094184,0.0004759529916243304
2020-02-24 14:31:00,3404.2923305175277,0.00047030393566529664
2020-02-24 14:32:00,3401.9273648898948,0.00048652707396642196
2020-02-24 14:33:00,3401.190445785884,0.0004730331446228865
2020-02-24 14:34:00,3398.2009569010274,0.000478510916072752
2020-02-24 14:35:00,3399.925218790919,0.0005033631989523735
2020-02-24 14:36:00,3396.3173091842373,0.0005153179077649737
2020-02-24 14:37:00,3394.0665319672994,0.0005214148154556173
2020-02-24 14:38:00,3392.869180297388,0.0005069412125099972
2020-02-24 14:39:00,3392.4920934639576,0.0005012658064325661
2020-02-24 14:40:00,3388.6958456578554,0.0005009655056723582
2020-02-24 14:41:00,3384.917066716391,0.000519855944898605
2020-02-24 14:42:00,3385.78012039343,0.0005269598557456646
2020-02-24 14:43:00,3387.7954557676076,0.0005120534039332466
2020-02-24 14:44:00,3387.071093619173,0.000500755610444302
2020-02-24 14:45:00,3385.451151949858,0.0004732145706155273
2020-02-24 14:46:00,3387.4177505442517,0.0004860006944681482
2020-02-24 14:47:00,3391.1339640073516,0.0005195926947640616
2020-02-24 14:48:00,3391.8938432484533,0.000499628714080773
2020-02-24 14:49:00,3389.385680261128,0.00048720318906317177
2020-02-24 14:50:00,3388.573986354971,0.00048748111191348055
2020-02-24 14:51:00,3388.844196339387,0.0004903086716064143
2020-02-24 14:52:00,3386.620524902014,0.00046125700454033904
2020-02-24 14:53:00,3387.2755522242032,0.00046156070000222824
2020-02-24 14:54:00,3387.2791787638107,0.0004615802508860516
2020-02-24 14:55:00,3388.5300391625087,0.00044054280372699927
2020-02-24 14:56:00,3389.1653922848263,0.00046578066127345624
2020-02-24 14:57:00,3391.6855702620105,0.000449414205889514
2020-02-24 14:58:00,3393.9895312157905,0.00043427785430635315
2020-02-24 14:59:00,3392.868402673602,0.0004394736917034548
2020-02-24 15:00:00,3395.370147004235,0.0004601152911091792
2020-02-24 15:01:00,3396.259709411063,0.0004749281061343313
2020-02-24 15:02:00,3396.0456296157354,0.0005043701324374004
2020-02-24 15:03:00,3393.9104918020466,0.0005364080940881614
2020-02-24 15:04:00,3391.469074477648,0.0005616221176630939
2020-02-24 15:05:00,3391.6119589699483,0.0005856305056922934
2020-02-24 15:06:00,3394.118445918821,0.0005984327967217303
2020-02-24 15:07:00,3392.559315379586,0.0006136315250270778
2020-02-24 15:08:00,3390.3661614249822,0.0006393972924693922
2020-02-24 15:09:00,3386.0502487991225,0.0006394148326955222
2020-02-24 15:10:00,3389.11329197893,0.0006508224733965831
2020-02-24 15:11:00,3385.9462073595205,0.000660533701890526
2020-02-24 15:12:00,3384.6300952641404,0.0006882871163376496
2020-02-24 15:13:00,3384.164275296974,0.0006807042796152821
2020-02-24 15:14:00,3384.366756425651,0.0007269101727323471
2020-02-24 15:15:00,3384.8169396352464,0.0007028113041423142
2020-02-24 15:16:00,3387.169200568536,0.0007626296499799623
2020-02-24 15:17:00,3385.3815789848586,0.0007681412656717854
2020-02-24 15:18:00,3385.498856151127,0.0007794503202174873
2020-02-24 15:19:00,3387.0544237440085,0.0007631624044981858
2020-02-24 15:20:00,3387.409098184396,0.0007812455358380156
2020-02-24 15:21:00,3386.2064964535584,0.0007790047681164934
2020-02-24 15:22:00,3387.4125786979034,0.000837306481575487
2020-02-24 15:23:00,3388.3449227967585,0.0008566363027426591
2020-02-24 15:24:00,3386.5228270762805,0.0008331432950069909
2020-02-24 15:25:00,3385.8318157140316,0.000858071175719772
2020-02-24 15:26:00,3385.341894473711,0.0008228505473538293
2020-02-24 15:27:00,3385.1460452657266,0.0008431889789648991
2020-02-24 15:28:00,3390.2816537672866,0.0008040962950052744
2020-02-24 15:29:00,3386.1722756930867,0.0007778581485881285
2020-02-24 15:30:00,3390.122637944661,0.0007840433388096265
2020-02-24 15:31:00,3390.3688448454227,0.0007770729007755192
2020-02-24 15:32:00,3392.568504489728,0.0007560124173133565
2020-02-24 15:33:00,3392.556125394282,0.0007791917955352322
2020-02-24 15:34:00,3388.8512111490427,0.0007209873500961406
2020-02-24 15:35:00,3389.9725986301455,0.0007123239927152914
2020-02-24 15:36:00,3389.8489101122145,0.0007778329707938456
2020-02-24 15:37:00,3395.215603873985,0.0007641985665873963
2020-02-24 15:38:00,3389.622166434812,0.0007327708849403654
2020-02-24 15:39:00,3395.2682792378446,0.0007620095301395104
2020-02-24 15:40:00,3391.0638756981743,0.0007611024359989113
2020-02-24 15:41:00,3387.684119958369,0.0007628057758876488
2020-02-24 15:42:00,3386.556358588335,0.0007687404500211176
2020-02-24 15:43:00,3387.832561748796,0.0007736824428269122
2020-02-24 15:44:00,3391.175135955976,0.0007915301918927672
2020-02-24 15:45:00,3394.7719792047674,0.0008207691024862146
2020-02-24 15:46:00,3396.3481996814785,0.0008331428986889681
2020-02-24 15:47:00,3397.143823954933,0.0008450523887033662
2020-02-24 15:48:00,3393.782268793653,0.0008506803099065187
2020-02-24 15:49:00,3397.0863433928803,0.0008639892989678076
2020-02-24 15:50:00,3397.2696884166203,0.0008735144917248581
2020-02-24 15:51:00,3392.274788252879,0.0008689610852629355
2020-02-24 15:52:00,3387.0407790444083,0.0009043833307354128
2020-02-24 15:53:00,3392.1195857139915,0.0009217901129582025
2020-02-24 15:54:00,3388.412481530744,0.0008865994016518461
2020-02-24 15:55:00,3387.9208059401935,0.0008755114252255916
2020-02-24 15:56:00,3383.425724618747,0.0009124923921496268
2020-02-24 15:57:00,3385.222579499781,0.0009283663664885346
2020-02-24 15:58:00,3382.275160901568,0.0009430670879241878
2020-02-24 15:59:00,3382.910874718825,0.000930956073261511
2020-02-24 16:00:00,3383.3562203675833,0.0009194433410554317
2020-02-24 16:01:00,3386.0133216252866,0.0008827327310581165
2020-02-24 16:02:00,3384.5550225338334,0.0008972884809693038
2020-02-24 16:03:00,3380.6385402265496,0.000904708273875121
2020-02-24 16:04:00,3384.0873655522228,0.0008938361262977289
2020-02-24 16:05:00,3379.226641473084,0.0009582182031144213
2020-02-24 16:06:00,3379.646843760871,0.001005242977029435
2020-02-24 16:07:00,3379.9092458216023,0.0010114078160061105
2020-02-24 16:08:00,3379.022878701119,0.0010219472562682783
2020-02-24 16:09:00,3377.8629014250696,0.0010527691878221754
2020-02-24 16:10:00,3382.6949676387962,0.0010695360290754604
2020-02-24 16:11:00,3378.224114305964,0.0010492075420871824
2020-02-24 16:12:00,3378.4654207030585,0.00105706592612828
2020-02-24 16:13:00,3374.8913331788604,0.0010947236557668134
2020-02-24 16:14:00,3387.3662940889244,0.001113753836398621
2020-02-24 16:15:00,3388.5485180781066,0.0011074345382087103
2020-02-24 16:16:00,3390.224317912569,0.0011235216266057854
2020-02-24 16:17:00,3384.148635888341,0.0011566555489972436
2020-02-24 16:18:00,3378.2015554672803,0.0011771633435408572
2020-02-24 16:19:00,3372.796062397922,0.0011146835368198889
2020-02-24 16:20:00,3370.5259522499446,0.0010686762749620448
2020-02-24 16:21:00,3376.0486818081595,0.0010624897516085812
2020-02-24 16:22:00,3379.0946783070794,0.0010440940350339436
2020-02-24 16:23:00,3378.817755505794,0.0010965917291272684
2020-02-24 16:24:00,3377.244993935135,0.0010901922565819911
2020-02-24 16:25:00,3375.6594409897175,0.00113355285123054
2020-02-24 16:26:00,3378.4410850383188,0.0011318193338732301
2020-02-24 16:27:00,3378.2166811651036,0.0010869086284137895
2020-02-24 16:28:00,3381.5168259838997,0.0010758520929813017
2020-02-24 16:29:00,3382.8589341334523,0.0010932300981257442
2020-02-24 16:30:00,3381.7035847958955,0.0010690219360336398
2020-02-24 16:31:00,3382.416724177037,0.000981506610506472
2020-02-24 16:32:00,3381.668957814822,0.0009251791933099098
2020-02-24 16:33:00,3378.835825384855,0.0009529809223816385
2020-02-24 16:34:00,3374.708112493907,0.0009399226925457657
2020-02-24 16:35:00,3374.9586927049063,0.0009791173592227128
2020-02-24 16:36:00,3379.6912811275747,0.001014157249788327
2020-02-24 16:37:00,3378.738049654696,0.0009462316830736085
2020-02-24 16:38:00,3384.1179572686005,0.0009999365730576845
2020-02-24 16:39:00,3381.653456375586,0.0009663572012639113
2020-02-24 16:40:00,3380.2176331893625,0.0009858697456014407
2020-02-24 16:41:00,3384.4351297944013,0.0009487462556234907
2020-02-24 16:42:00,3384.1237121210793,0.0009704392339725373
2020-02-24 16:43:00,3383.4002060950224,0.0009434694820948153
2020-02-24 16:44:00,3384.712551272262,0.000982030574788464
2020-02-24 16:45:00,3384.806861723148,0.0009660771717782314
2020-02-24 16:46:00,3384.4887889442007,0.0009507722566283602
2020-02-24 16:47:00,3385.9309899911054,0.000975724252796805
2020-02-24 16:48:00,3389.657972908791,0.0010153237371218922
2020-02-24 16:49:00,3385.7608389720053,0.0009802685666156618
2020-02-24 16:50:00,3389.482571274211,0.0009656011601568232
2020-02-24 16:51:00,3383.9067205136016,0.000955542437995711
2020-02-24 16:52:00,3384.4760969208146,0.0009526989979037981
2020-02-24 16:53:00,3383.376259460513,0.0009679811202239353
2020-02-24 16:54:00,3385.557055713774,0.001009510642613776
2020-02-24 16:55:00,3391.024964525153,0.0009721144925508501
2020-02-24 16:56:00,3394.1174551132053,0.0009511075799489751
2020-02-24 16:57:00,3394.9042215973823,0.0009375137115215567
2020-02-24 16:58:00,3395.1086330235858,0.0008984536319081291
2020-02-24 16:59:00,3397.7365904271546,0.0009605250769521657
2020-02-24 17:00:00,3394.086872770055,0.000976428737832102
2020-02-24 17:01:00,3389.5557357673847,0.0009915841690614964
2020-02-24 17:02:00,3387.504719342181,0.001020342798025711
2020-02-24 17:03:00,3381.6877215799536,0.0010346363276564421
2020-02-24 17:04:00,3385.3910776669554,0.0010686805264444345
2020-02-24 17:05:00,3393.10680460958,0.0010662312669006135
2020-02-24 17:06:00,3393.6498038671702,0.001058565502517429
2020-02-24 17:07:00,3389.859991926108,0.0010755480473961265
2020-02-24 17:08:00,3387.399746054564,0.0010732282018116799
2020-02-24 17:09:00,3380.618559911702,0.0010767683465369223
2020-02-24 17:10:00,3378.397306958721,0.0010632527233191617
2020-02-24 17:11:00,3384.439513902058,0.0010738716682649778
2020-02-24 17:12:00,3388.431460889003,0.0010890127639904324
2020-02-24 17:13:00,3391.204018579571,0.001130724633121402
2020-02-24 17:14:00,3394.7107599551077,0.0011523374032960717
2020-02-24 17:15:00,3390.091100574882,0.0011957755418706157
2020-02-24 17:16:00,3387.812469566614,0.0011333315965529173
2020-02-24 17:17:00,3391.4601114234615,0.0010990879848140316
2020-02-24 17:18:00,3393.5753999506064,0.0010881511922355102
2020-02-24 17:19:00,3396.7130984399937,0.0010444094925710714
2020-02-24 17:20:00,3395.6577146477307,0.0010256343404328114
2020-02-24 17:21:00,3391.7306480349,0.0010254793232304317
2020-02-24 17:22:00,3396.0086670383876,0.0010083060138229485
2020-02-24 17:23:00,3395.5370106792116,0.0009416584529534517
2020-02-24 17:24:00,3391.5273153733046,0.0009798416038211985
2020-02-24 17:25:00,3397.4568280392637,0.0010189399227424757
2020-02-24 17:26:00,3394.7883571504076,0.0010440193944904251
2020-02-24 17:27:00,3393.689855159936,0.001049410213430416
2020-02-24 17:28:00,3399.38120433357,0.0009749922243699712
2020-02-24 17:29:00,3401.4368311020175,0.0009690592029910039
2020-02-24 17:30:00,3399.860642530895,0.0009785452801760709
2020-02-24 17:31:00,3399.673887604274,0.0009789671682050888
2020-02-24 17:32:00,3396.84729783393,0.000986929605409188
2020-02-24 17:33:00,3395.4725295314684,0.0010510525402809797
2020-02-24 17:34:00,3399.8227042279955,0.001087550749806926
2020-02-24 17:35:00,3389.431679711822,0.0010757529801487815
2020-02-24 17:36:00,3386.6585820182554,0.0010124119737830398
2020-02-24 17:37:00,3388.811989612916,0.0009786722989062293
2020-02-24 17:38:00,3381.7280456709864,0.0009831752158538153
2020-02-24 17:39:00,3380.4601658734523,0.0010092447082261447
2020-02-24 17:40:00,3387.2759877122926,0.0010345682957701692
2020-02-24 17:41:00,3394.0361157477773,0.0010173960789915581
2020-02-24 17:42:00,3391.922008996481,0.0009934590911755325
2020-02-24 17:43:00,3391.250967025133,0.0009579689115997784
2020-02-24 17:44:00,3392.9645454126435,0.0009059334361526327
2020-02-24 17:45:00,3387.6868692231424,0.0008795330706143479
2020-02-24 17:46:00,3383.6162450153456,0.0008318084816614514
2020-02-24 17:47:00,3378.9874244393586,0.0008494314048210962
2020-02-24 17:48:00,3379.5104953572386,0.000869279996941007
2020-02-24 17:49:00,3375.3282269414153,0.0008461990075889426
2020-02-24 17:50:00,3378.300910237886,0.000841469491233939
2020-02-24 17:51:00,3375.978283440237,0.0008893253177313168
2020-02-24 17:52:00,3372.9593846736093,0.0009229203218326121
2020-02-24 17:53:00,3374.273189076873,0.0009443688889486291
2020-02-24 17:54:00,3368.9679540602674,0.0010054514839919438
2020-02-24 17:55:00,3367.4352669607474,0.0010618162918476564
2020-02-24 17:56:00,3366.8199498724125,0.0011128858147429923
2020-02-24 17:57:00,3365.661257825865,0.0011137770826457627
2020-02-24 17:58:00,3371.6703704955885,0.00120764769554546
2020-02-24 17:59:00,3374.927418473747,0.001181698492497919
2020-02-24 18:00:00,3380.5784968090848,0.001176775715480371
2020-02-24 18:01:00,3379.4378742321046,0.0011429174180807957
2020-02-24 18:02:00,3372.410228273487,0.0012241863847078044
2020-02-24 18:03:00,3369.931966704407,0.0012151364710600268
2020-02-24 18:04:00,3373.007098969334,0.0011409653700801758
2020-02-24 18:05:00,3377.9825306449648,0.001247620867559632
2020-02-24 18:06:00,3376.131181504425,0.0011885597911217938
2020-02-24 18:07:00,3370.8262108513018,0.0012498929629755618
2020-02-24 18:08:00,3368.4561696958754,0.0011451106208823514
2020-02-24 18:09:00,3361.3856196937563,0.0011233611969113343
2020-02-24 18:10:00,3360.4245048813777,0.0011154037273716651
2020-02-24 18:11:00,3355.676175662681,0.0010745417860206373
2020-02-24 18:12:00,3348.9130649914496,0.0011025499662470962
2020-02-24 18:13:00,3341.0768092615294,0.001113978972369898
2020-02-24 18:14:00,3345.17268769491,0.001088089558666865
2020-02-24 18:15:00,3341.8474438676185,0.0011361300812535182
2020-02-24 18:16:00,3343.263193358149,0.0011579632339672962
2020-02-24 18:17:00,3345.1617531554643,0.001103939623326879
2020-02-24 18:18:00,3346.4315804056005,0.0010743267190046308
2020-02-24 18:19:00,3345.718846165235,0.0010972604155834818
2020-02-24 18:20:00,3336.309762253697,0.0011031001409758058
2020-02-24 18:21:00,3330.8397891835234,0.00112710377112711
2020-02-24 18:22:00,3324.8056303043504,0.0010891157163689979
2020-02-24 18:23:00,3327.2522940167623,0.0010191224852234098
2020-02-24 18:24:00,3329.314544532401,0.001003558041467058
2020-02-24 18:25:00,3329.934836293652,0.001018250446885044
2020-02-24 18:26:00,3328.1103904452666,0.0010314300515799077
2020-02-24 18:27:00,3331.1928169228727,0.000978450940413733
2020-02-24 18:28:00,3332.3583724615755,0.000983317338179338
2020-02-24 18:29:00,3334.7409441104933,0.000978911423262769
2020-02-24 18:30:00,3333.1088617245364,0.001034828651870344
2020-02-24 18:31:00,3331.3899283992123,0.0010785312745732092
2020-02-24 18:32:00,3328.8373203542933,0.0010694127886068372
2020-02-24 18:33:00,3326.4796933639786,0.0010361045650173276
2020-02-24 18:34:00,3321.270895961353,0.0010297434867592929
2020-02-24 18:35:00,3317.6934742987955,0.0010738633596328595
2020-02-24 18:36:00,3313.8850585368737,0.0010171281518681504
2020-02-24 18:37:00,3318.34023326257,0.0010304840333062461
2020-02-24 18:38:00,3321.515854670206,0.0010451766078053155
2020-02-24 18:39:00,3324.2325546757634,0.0010656531259379677
2020-02-24 18:40:00,3320.2849553942588,0.0010154222389952966
2020-02-24 18:41:00,3318.7255334473202,0.0010301126493144736
2020-02-24 18:42:00,3320.9501252679156,0.0009539748740370227
2020-02-24 18:43:00,3320.1466033673646,0.0009016314726890306
2020-02-24 18:44:00,3316.9897315239764,0.0009015960201306588
2020-02-24 18:45:00,3317.8228528247246,0.000941005325070927
2020-02-24 18:46:00,3320.3257232893584,0.0009531027339142682
2020-02-24 18:47:00,3324.4695572343867,0.0009055923721051245
2020-02-24 18:48:00,3326.1626554235877,0.0009420816153976225
2020-02-24 18:49:00,3323.8552794547654,0.00103479080366003
2020-02-24 18:50:00,3325.8268770417353,0.001070007979070532
2020-02-24 18:51:00,3327.0977364129035,0.0011307629465593038
2020-02-24 18:52:00,3317.2266019093627,0.001247280032287412
2020-02-24 18:53:00,3322.0617482438806,0.0012701664938344639
2020-02-24 18:54:00,3324.754217687211,0.0012930653013786771
2020-02-24 18:55:00,3325.627224924161,0.0013594982336542474
2020-02-24 18:56:00,3332.755276441537,0.001227743980113752
2020-02-24 18:57:00,3334.748620395152,0.00120270623970655
2020-02-24 18:58:00,3339.2985206048343,0.00123126208165765
2020-02-24 18:59:00,3342.232812674601,0.0012078039683617336
2020-02-24 19:00:00,3338.23058541646,0.0011890284291446733
2020-02-24 19:01:00,3337.42846449823,0.0012255338490290055
2020-02-24 19:02:00,3337.4803934662145,0.001175235107721312
2020-02-24 19:03:00,3336.9274842467435,0.0011337233073003053
2020-02-24 19:04:00,3342.4473081528813,0.0011851469583297517
2020-02-24 19:05:00,3335.4998243452624,0.0011955979595064553
2020-02-24 19:06:00,3335.6109395693156,0.0011454642339082065
2020-02-24 19:07:00,3329.2930780356587,0.001178592336253592
2020-02-24 19:08:00,3335.462890864387,0.0011461175524449757
2020-02-24 19:09:00,3338.2736723327826,0.001098235432261316
2020-02-24 19:10:00,3341.604903735897,0.0010605147161140151
2020-02-24 19:11:00,3335.500381309148,0.0010456070053114351
2020-02-24 19:12:00,3335.7461225276884,0.0010442746738656254
2020-02-24 19:13:00,3336.495364346757,0.0010608735977340987
2020-02-24 19:14:00,3330.71589221183,0.001041076488601776
2020-02-24 19:15:00,3335.5178524889443,0.0010292805930985176
2020-02-24 19:16:00,3343.180981835315,0.0009838765011821735
2020-02-24 19:17:00,3340.9544378238647,0.0009782685942290067
2020-02-24 19:18:00,3342.05810092402,0.0009727463688949337
2020-02-24 19:19:00,3336.890386889947,0.0009607022790503752
2020-02-24 19:20:00,3335.067061735827,0.0009314356226388092
2020-02-24 19:21:00,3337.036264429793,0.0009131923759133309
2020-02-24 19:22:00,3336.953025142851,0.000896488104105306
2020-02-24 19:23:00,3339.965020975386,0.0009503593818894069
2020-02-24 19:24:00,3338.051527999337,0.0009460186353050825
2020-02-24 19:25:00,3339.8616434568285,0.0009112425945902331
2020-02-24 19:26:00,3332.4679683944983,0.0008398797661084517
2020-02-24 19:27:00,3327.7627379173946,0.000843367181462009
2020-02-24 19:28:00,3325.951902755917,0.0008579017940446986
2020-02-24 19:29:00,3324.02758783262,0.0008493067408670881
2020-02-24 19:30:00,3327.9626655729653,0.0008320899235920768
2020-02-24 19:31:00,3330.6859791418897,0.0008439486901512907
2020-02-24 19:32:00,3329.569965137903,0.0008262565608033893
2020-02-24 19:33:00,3326.7662565560718,0.000814413097469575
2020-02-24 19:34:00,3323.742502702013,0.0007934343727563219
2020-02-24 19:35:00,3322.119391431135,0.000797035482236725
2020-02-24 19:36:00,3320.8075405873615,0.0008264715507967352
2020-02-24 19:37:00,3321.256793112669,0.0008124005609391142
2020-02-24 19:38:00,3319.163357559547,0.0008330414414363318
2020-02-24 19:39:00,3315.1869768309634,0.0008460822489629187
2020-02-24 19:40:00,3314.3666882960492,0.0008472669786244955
2020-02-24 19:41:00,3315.72018472678,0.0008182999398631477
2020-02-24 19:42:00,3315.0612465486515,0.0008022030091224888
2020-02-24 19:43:00,3315.687917706384,0.0007544910239306394
2020-02-24 19:44:00,3313.1043264308955,0.0007741292946664142
2020-02-24 19:45:00,3315.2178253793722,0.0007690438361438758
2020-02-24 19:46:00,3315.8864330052133,0.0007989739707643479
2020-02-24 19:47:00,3320.4907803075193,0.0007903241126114055
2020-02-24 19:48:00,3320.169848639503,0.0007961464859143331
2020-02-24 19:49:00,3323.380448628892,0.0008015648793253926
2020-02-24 19:50:00,3321.4743944023735,0.000842440545666113
2020-02-24 19:51:00,3323.145249863663,0.0008675076266978875
2020-02-24 19:52:00,3321.026225957232,0.0009158455819127943
2020-02-24 19:53:00,3316.3149063902415,0.0009352853085359712
2020-02-24 19:54:00,3314.5509640287673,0.0009218744135296878
2020-02-24 19:55:00,3311.657111307027,0.0009456620604000421
2020-02-24 19:56:00,3311.752325630259,0.0009231111954687636
2020-02-24 19:57:00,3312.149964120096,0.0009675234195416835
2020-02-24 19:58:00,3310.4719065881964,0.0010051115970448243
2020-02-24 19:59:00,3303.5388359565613,0.001055860001175366
2020-02-25 13:30:00,3249.3847978363947,0.0010012250185345902
2020-02-25 13:31:00,3251.6382170723673,0.001009168259406949
2020-02-25 13:32:00,3246.8277970678455,0.0010037418000399094
2020-02-25 13:33:00,3244.8220990360446,0.0010092725483249745
2020-02-25 13:34:00,3248.7062239842885,0.00107009081801061
2020-02-25 13:35:00,3248.114621580854,0.0010487271416656106
2020-02-25 13:36:00,3246.300661465847,0.0010447574112878455
2020-02-25 13:37:00,3251.2676309795106,0.0009879387201990099
2020-02-25 13:38:00,3250.912444586683,0.0009675668943694656
2020-02-25 13:39:00,3252.9080152364804,0.0009508376956843161
2020-02-25 13:40:00,3254.069568410323,0.0009449096577099367
2020-02-25 13:41:00,3253.585053802859,0.0009809832318420466
2020-02-25 13:42:00,3251.914913390023,0.000927570543446146
2020-02-25 13:43:00,3249.4376576142486,0.0009169568533440249
2020-02-25 13:44:00,3250.4343824143966,0.0009244637538405752
2020-02-25 13:45:00,3250.195210015689,0.0009642920957554026
2020-02-25 13:46:00,3250.107417245798,0.0009265444924129814
2020-02-25 13:47:00,3244.552131542722,0.0009568284568506063
2020-02-25 13:48:00,3242.377699816937,0.0009413550721361236
2020-02-25 13:49:00,3238.355653083049,0.0009075560308280785
2020-02-25 13:50:00,3239.739333006478,0.0009578951646034558
2020-02-25 13:51:00,3236.185254938685,0.0009536227875349443
2020-02-25 13:52:00,3232.087128339555,0.0009888483521719056
2020-02-25 13:53:00,3228.4837823880043,0.001015181728709344
2020-02-25 13:54:00,3230.564479145663,0.001007238830505283
2020-02-25 13:55:00,3232.0293921581556,0.0010177512145192926
2020-02-25 13:56:00,3232.3607572020683,0.0009905994439719892
2020-02-25 13:57:00,3232.631384754733,0.0009903895758560358
2020-02-25 13:58:00,3230.3766081067297,0.000986263089911429
2020-02-25 13:59:00,3227.468637606861,0.0009778947883636755
2020-02-25 14:00:00,3226.1002227357876,0.0010088867281814703
2020-02-25 14:01:00,3225.299190188254,0.000968838688256047
2020-02-25 14:02:00,3223.8572576708907,0.0009285742597248855
2020-02-25 14:03:00,3228.7128034851253,0.0008792281574547679
2020-02-25 14:04:00,3230.9493430019616,0.0008907869607227378
2020-02-25 14:05:00,3234.216741045546,0.0008580947904947599
2020-02-25 14:06:00,3234.7065582469368,0.0008720932141545924
2020-02-25 14:07:00,3234.152561217839,0.0008915119575864889
2020-02-25 14:08:00,3229.3136781113776,0.0009084997695944233
2020-02-25 14:09:00,3226.484881722319,0.0009019077063553188
2020-02-25 14:10:00,3228.273340160539,0.0009272789005463741
2020-02-25 14:11:00,3230.336373673143,0.0009743789810375967
2020-02-25 14:12:00,3231.8555723327686,0.0009399120198067658
2020-02-25 14:13:00,3232.1233008407667,0.0009396858661258302
2020-02-25 14:14:00,3239.291186512967,0.0009689321440026318
2020-02-25 14:15:00,3239.5600959448593,0.0009220845885119846
2020-02-25 14:16:00,3240.676676853595,0.0009239590607896846
2020-02-25 14:17:00,3248.9583511170363,0.0009003011138229447
2020-02-25 14:18:00,3246.2420871143977,0.0009399950020554861
2020-02-25 14:19:00,3242.86074104198,0.0009286601473746916
2020-02-25 14:20:00,3243.501612537273,0.0008652290055803393
2020-02-25 14:21:00,3245.7836944757564,0.0008400032095470054
2020-02-25 14:22:00,3240.633967890151,0.0007915796390442174
2020-02-25 14:23:00,3242.4493818428195,0.0007826256461071753
2020-02-25 14:24:00,3244.444903081025,0.0008019917655349275
2020-02-25 14:25:00,3248.349418780178,0.0008171109100956216
2020-02-25 14:26:00,3252.8077913549805,0.0008142995511997156
2020-02-25 14:27:00,3248.734156523988,0.0008229448152021018
2020-02-25 14:28:00,3245.616923458317,0.0008470756006135418
2020-02-25 14:29:00,3240.9847693007864,0.0008790477604293646
2020-02-25 14:30:00,3242.2019215535465,0.0008242268972268818
2020-02-25 14:31:00,3235.958665738013,0.0007815530300591523
2020-02-25 14:32:00,3237.759227771705,0.0008489975478224243
2020-02-25 14:33:00,3238.929569635211,0.0008281257639601284
2020-02-25 14:34:00,3236.8077764749155,0.0007573584825578916
2020-02-25 14:35:00,3235.454411426153,0.0007713496445905173
2020-02-25 14:36:00,3232.708911008535,0.0007199313046215456
2020-02-25 14:37:00,3229.7323521205576,0.0007568223349249708
2020-02-25 14:38:00,3229.1083227323606,0.0007844614751219873
2020-02-25 14:39:00,3231.041009696253,0.0008202769811489594
2020-02-25 14:40:00,3234.4314762355943,0.000814097551056073
2020-02-25 14:41:00,3237.8368754247313,0.000830304270047009
2020-02-25 14:42:00,3234.3593934209484,0.0008419412156527264
2020-02-25 14:43:00,3228.1375962039656,0.000852988796849894
2020-02-25 14:44:00,3228.7595744341734,0.0009000010018027074
2020-02-25 14:45:00,3229.8805699523664,0.0009023447129126414
2020-02-25 14:46:00,3227.17993645524,0.0008659183974213867
2020-02-25 14:47:00,3229.880890895122,0.000823787905785718
2020-02-25 14:48:00,3235.165311204722,0.0008021955660677506
2020-02-25 14:49:00,3232.3215561887187,0.0008037380997850311
2020-02-25 14:50:00,3230.6616951724745,0.0007979517936144116
2020-02-25 14:51:00,3229.6387970076576,0.000792695298783241
2020-02-25 14:52:00,3226.026361653557,0.0008076468562246052
2020-02-25 14:53:00,3227.8251140699167,0.0007975811030868122
2020-02-25 14:54:00,3226.1475037607875,0.0008078577249743456
2020-02-25 14:55:00,3231.0016911067955,0.0007914982060246033
2020-02-25 14:56:00,3235.7863098208677,0.0007989218070879269
2020-02-25 14:57:00,3232.911833779303,0.0008419026682399306
2020-02-25 14:58:00,3230.138115729943,0.0008184805176272215
2020-02-25 14:59:00,3229.9422253156476,0.0007876713050832861
2020-02-25 15:00:00,3235.4810259766095,0.0007725853389180884
2020-02-25 15:01:00,3235.20148159219,0.0007797323456281405
2020-02-25 15:02:00,3238.542496667029,0.0007989178534984117
2020-02-25 15:03:00,3239.9354520821507,0.0007443869231171916
2020-02-25 15:04:00,3240.3068333575725,0.0007495342714401338
2020-02-25 15:05:00,3242.9151468152127,0.0007269085397136667
2020-02-25 15:06:00,3245.927273156969,0.0007375747771194743
2020-02-25 15:07:00,3244.7214390019576,0.0007339885079658051
2020-02-25 15:08:00,3245.7399208836437,0.0007208865610271582
2020-02-25 15:09:00,3244.9140366299534,0.0007553694455428582
2020-02-25 15:10:00,3242.2985256607817,0.0007403774393494872
2020-02-25 15:11:00,3245.2702737290992,0.0007388815905066284
2020-02-25 15:12:00,3241.938105302672,0.0007373165987895891
2020-02-25 15:13:00,3241.474353246989,0.0007369896689460523
2020-02-25 15:14:00,3245.088735917271,0.0007048192817700752
2020-02-25 15:15:00,3249.4354656854825,0.0007184741993069968
2020-02-25 15:16:00,3248.3652289816805,0.0007242866639947409
2020-02-25 15:17:00,3249.1613569808414,0.0006974395027826294
2020-02-25 15:18:00,3247.6533471954103,0.0007203625799380907
2020-02-25 15:19:00,3244.4172446014127,0.0007349333382618712
2020-02-25 15:20:00,3242.941378797255,0.0007819771039221138
2020-02-25 15:21:00,3241.6347667258924,0.000798802950415593
2020-02-25 15:22:00,3245.4809610970156,0.0008326270284081486
2020-02-25 15:23:00,3246.9295445856396,0.0008211352703422724
2020-02-25 15:24:00,3245.64381805934,0.0008047825281834057
2020-02-25 15:25:00,3246.659521824394,0.0007974646508025137
2020-02-25 15:26:00,3248.0688229658695,0.0007643648749439936
2020-02-25 15:27:00,3251.412713828576,0.000784296638495521
2020-02-25 15:28:00,3250.943770403203,0.0007692261214029032
2020-02-25 15:29:00,3252.6308647301034,0.0007871715920393743
2020-02-25 15:30:00,3258.1652814739427,0.0008992047193508041
2020-02-25 15:31:00,3261.626643783827,0.0008794378096796594
2020-02-25 15:32:00,3263.667223360334,0.000902048712465246
2020-02-25 15:33:00,3260.6808721932416,0.0009527119038247972
2020-02-25 15:34:00,3263.1908072043652,0.0008947585409324253
2020-02-25 15:35:00,3260.0961154315805,0.0009217163788726633
2020-02-25 15:36:00,3255.922637420196,0.0008589389461380449
2020-02-25 15:37:00,3256.473260443898,0.0008355269735780324
2020-02-25 15:38:00,3257.3622680602957,0.0008412588649044642
2020-02-25 15:39:00,3258.143260015903,0.000816656264286549
2020-02-25 15:40:00,3257.461206979855,0.000827534937193298
2020-02-25 15:41:00,3253.8190553241143,0.000849870087939677
2020-02-25 15:42:00,3253.901390888061,0.000828389885254394
2020-02-25 15:43:00,3257.009381750319,0.0008304215679600282
2020-02-25 15:44:00,3260.625918724732,0.0008156933140702385
2020-02-25 15:45:00,3265.4840729866155,0.0007653200156616022
2020-02-25 15:46:00,3264.2846017930915,0.0007792474149391672
2020-02-25 15:47:00,3263.492530464549,0.0008433749918874483
2020-02-25 15:48:00,3258.597400608367,0.0008483347925341384
2020-02-25 15:49:00,3262.0185663777183,0.000852945556248434
2020-02-25 15:50:00,3262.1690834537153,0.0008560826009921833
2020-02-25 15:51:00,3266.1298795653606,0.0008510999304015963
2020-02-25 15:52:00,3265.7769275279625,0.0008101940307984218
2020-02-25 15:53:00,3265.1087655339174,0.0008228458971174403
2020-02-25 15:54:00,3268.0307414272,0.0008057536167677675
2020-02-25 15:55:00,3268.65402030414,0.0007916190603669809
2020-02-25 15:56:00,3264.8057745366755,0.0008442197165519135
2020-02-25 15:57:00,3268.7082426938114,0.0008371703234335275
2020-02-25 15:58:00,3275.2955865302283,0.0008312933733053185
2020-02-25 15:59:00,3274.5561232227633,0.0008341029321719643
2020-02-25 16:00:00,3270.1902829276846,0.0008753829831242182
2020-02-25 16:01:00,3272.4570532265348,0.0009120610337585721
2020-02-25 16:02:00,3270.865619469173,0.000962000667447128
2020-02-25 16:03:00,3272.753264631635,0.0010050499467683222
2020-02-25 16:04:00,3271.266047549091,0.0009511150748523348
2020-02-25 16:05:00,3270.2838630968467,0.000953462611588461
2020-02-25 16:06:00,3267.969171353041,0.0009273972772820431
2020-02-25 16:07:00,3266.5465044779144,0.0008469207413423091
2020-02-25 16:08:00,3263.0961316275657,0.00085875013011611
2020-02-25 16:09:00,3262.566216686344,0.000884162288707057
2020-02-25 16:10:00,3258.2791685203288,0.0008754060143429784
2020-02-25 16:11:00,3259.227111595892,0.0008743465443911857
2020-02-25 16:12:00,3263.276705960956,0.0008811067947001581
2020-02-25 16:13:00,3262.61295093782,0.0008392879663271942
2020-02-25 16:14:00,3260.2581645261776,0.0008730561152559802
2020-02-25 16:15:00,3254.596775344994,0.0008482755169329254
2020-02-25 16:16:00,3255.0285280766184,0.0008897338218333979
2020-02-25 16:17:00,3257.7633071680966,0.0008917262522856424
2020-02-25 16:18:00,3254.10727894672,0.0008932830781869876
2020-02-25 16:19:00,3257.7782493305176,0.0008919544127839893
2020-02-25 16:20:00,3255.556193591174,0.0009119846410798551
2020-02-25 16:21:00,3258.185668634991,0.0009226962049504954
2020-02-25 16:22:00,3254.4476269267193,0.00088999117189185
2020-02-25 16:23:00,3254.629031457369,0.0009012994235970951
2020-02-25 16:24:00,3257.9754554436577,0.0008872939699313918
2020-02-25 16:25:00,3257.133351325276,0.0009037580106879186
2020-02-25 16:26:00,3255.891604724612,0.0009122594688823273
2020-02-25 16:27:00,3253.3328479178826,0.0009650089804867266
2020-02-25 16:28:00,3254.2315595568566,0.0009816986679551808
2020-02-25 16:29:00,3248.99121044962,0.0009665997545121018
2020-02-25 16:30:00,3246.397340943401,0.0009429247332009936
2020-02-25 16:31:00,3242.6371728169916,0.000980665511026557
2020-02-25 16:32:00,3240.8282951091164,0.0009610147510447874
2020-02-25 16:33:00,3243.340085030132,0.0009589944616048721
2020-02-25 16:34:00,3239.44624551503,0.0009328137391854912
2020-02-25 16:35:00,3235.0548584903395,0.0009186937644203462
2020-02-25 16:36:00,3234.9642886320744,0.0009481246049161347
2020-02-25 16:37:00,3233.2661694177136,0.0009638277018369515
2020-02-25 16:38:00,3229.31142546926,0.0010070045864023866
2020-02-25 16:39:00,3228.609099457347,0.0010795800624093237
2020-02-25 16:40:00,3219.3656660112388,0.0010232096577316564
2020-02-25 16:41:00,3218.1496991018075,0.0010251996213418825
2020-02-25 16:42:00,3220.1797848315587,0.0010829852452023069
2020-02-25 16:43:00,3221.0184587700023,0.0010182465112090128
2020-02-25 16:44:00,3222.4813778864723,0.00098245160774181
2020-02-25 16:45:00,3221.727983147721,0.0009621453214095671
2020-02-25 16:46:00,3220.7573957440786,0.0009770782631180774
2020-02-25 16:47:00,3221.25570625664,0.0010071096705821998
2020-02-25 16:48:00,3217.173263853664,0.0010065828467577165
2020-02-25 16:49:00,3217.1927484832604,0.0009708996494936868
2020-02-25 16:50:00,3213.7414539523925,0.0009815205323067473
2020-02-25 16:51:00,3214.3395034893897,0.0009968398225011822
2020-02-25 16:52:00,3213.3069119034803,0.0009706359530691408
2020-02-25 16:53:00,3213.6559368216117,0.0009450973248160747
2020-02-25 16:54:00,3210.88499406934,0.0009046427219234517
2020-02-25 16:55:00,3207.357775673632,0.0009386871234695609
2020-02-25 16:56:00,3210.0167181513025,0.0009605192962471448
2020-02-25 16:57:00,3214.165153666377,0.0009920111566087604
2020-02-25 16:58:00,3211.5096999705083,0.0010166782717346526
2020-02-25 16:59:00,3209.0522087892045,0.001010709886093525
2020-02-25 17:00:00,3209.785131679522,0.0009413958578532554
2020-02-25 17:01:00,3210.91749237816,0.000969755105229691
2020-02-25 17:02:00,3215.4170222690186,0.0009399674620398166
2020-02-25 17:03:00,3214.748544221682,0.0009222763696165486
2020-02-25 17:04:00,3217.465464910501,0.0008898560541815762
2020-02-25 17:05:00,3215.139974974277,0.0008691018634577607
2020-02-25 17:06:00,3210.011146097261,0.0008410723744015032
2020-02-25 17:07:00,3210.5919200281687,0.0008800573603991812
2020-02-25 17:08:00,3207.1417548450427,0.0008834710088226276
2020-02-25 17:09:00,3209.088937286161,0.000917875252870261
2020-02-25 17:10:00,3213.247813364537,0.0009260131724149879
2020-02-25 17:11:00,3208.3741329429618,0.0009172045181020524
2020-02-25 17:12:00,3207.8891787555986,0.0009920714726931175
2020-02-25 17:13:00,3211.0045816070588,0.001019446350196799
2020-02-25 17:14:00,3208.226925577436,0.0009852970781774036
2020-02-25 17:15:00,3211.8459149606088,0.0009791561468657458
2020-02-25 17:16:00,3211.44541735236,0.0009795307356165479
2020-02-25 17:17:00,3211.7893229686892,0.0010005468842403287
2020-02-25 17:18:00,3208.446689913331,0.0009859350008192388
2020-02-25 17:19:00,3205.898528559656,0.0009616694986114149
2020-02-25 17:20:00,3207.0811350804092,0.0009894268526353443
2020-02-25 17:21:00,3209.4831341148033,0.001012416239548098
2020-02-25 17:22:00,3211.9740175304337,0.0009998352946707552
2020-02-25 17:23:00,3212.3103517815175,0.0010044887994040345
2020-02-25 17:24:00,3208.875304061493,0.0010064006375382452
2020-02-25 17:25:00,3210.6387576691454,0.0009985207337350145
2020-02-25 17:26:00,3221.2276157100623,0.0009909880006990968
2020-02-25 17:27:00,3221.154468249268,0.0009472304532211305
2020-02-25 17:28:00,3222.1991683006527,0.0008849862826818695
2020-02-25 17:29:00,3224.9488599757797,0.0009382112401131141
2020-02-25 17:30:00,3221.993293021419,0.0009560863867397043
2020-02-25 17:31:00,3218.4402820556807,0.0009769839187291501
2020-02-25 17:32:00,3219.5370613324894,0.0009381593117354484
2020-02-25 17:33:00,3214.5861603991993,0.000914131657062598
2020-02-25 17:34:00,3216.234174269565,0.0008890413998122588
2020-02-25 17:35:00,3221.536095573559,0.0008500664506968302
2020-02-25 17:36:00,3223.788640064808,0.0008919103020511764
2020-02-25 17:37:00,3222.7457983730237,0.0008793414448241933
2020-02-25 17:38:00,3222.003766161782,0.0009260474069460085
2020-02-25 17:39:00,3221.797603473442,0.0009121796927236605
2020-02-25 17:40:00,3220.067078424167,0.0009040749947299761
2020-02-25 17:41:00,3218.0642358419605,0.0009220422878633272
2020-02-25 17:42:00,3219.91667638485,0.0009511288517590352
2020-02-25 17:43:00,3221.1176552200473,0.0009411162347314498
2020-02-25 17:44:00,3220.126455510395,0.0009754212471201699
2020-02-25 17:45:00,3223.6039432678153,0.0009441844580493073
2020-02-25 17:46:00,3220.5370171155123,0.0009217572727323862
2020-02-25 17:47:00,3219.873318408938,0.0008771954952525651
2020-02-25 17:48:00,3218.039083232791,0.0009223849388531797
2020-02-25 17:49:00,3217.5297122390834,0.0008865675523263214
2020-02-25 17:50:00,3216.0243012426936,0.000905020633773791
2020-02-25 17:51:00,3216.360815852531,0.0008984109015921545
2020-02-25 17:52:00,3216.603619987209,0.0009028109075341038
2020-02-25 17:53:00,3213.032928718738,0.0009737743447152667
2020-02-25 17:54:00,3214.268024163104,0.0009909339808507746
2020-02-25 17:55:00,3213.6739416667024,0.001014424446936672
2020-02-25 17:56:00,3211.1725056178843,0.001004207964823745
2020-02-25 17:57:00,3212.839179174059,0.0010550158847642897
2020-02-25 17:58:00,3214.154097487984,0.000987352447088689
2020-02-25 17:59:00,3218.251790221003,0.0010631966555313384
2020-02-25 18:00:00,3209.4503007497146,0.0010299463213577333
2020-02-25 18:01:00,3209.1244240108485,0.0010597702825115834
2020-02-25 18:02:00,3208.166505756497,0.0010318771449426155
2020-02-25 18:03:00,3204.36901466468,0.000995936323074041
2020-02-25 18:04:00,3199.2802750702235,0.0009318627219611776
2020-02-25 18:05:00,3192.565263903526,0.0009255854713467352
2020-02-25 18:06:00,3194.7272855503998,0.0008995850866263197
2020-02-25 18:07:00,3192.575111203243,0.0008671709908110503
2020-02-25 18:08:00,3195.9263007397635,0.0009121964596816588
2020-02-25 18:09:00,3195.487940478422,0.0008931526730303327
2020-02-25 18:10:00,3198.5718167376267,0.0009228607060311437
2020-02-25 18:11:00,3197.896852746768,0.0009336370540977269
2020-02-25 18:12:00,3199.388066753779,0.0009370244778782876
2020-02-25 18:13:00,3198.3795163301616,0.0009327590307728683
2020-02-25 18:14:00,3195.517043778278,0.0009408775842247771
2020-02-25 18:15:00,3194.4291562764593,0.0009318209752871507
2020-02-25 18:16:00,3193.846217178829,0.0009474385752665184
2020-02-25 18:17:00,3194.4747594740666,0.0009971890756186644
2020-02-25 18:18:00,3198.863000716983,0.000977718542910797
2020-02-25 18:19:00,3200.2812690471033,0.0009852986524659282
2020-02-25 18:20:00,3203.471629209647,0.0009976849362501778
2020-02-25 18:21:00,3204.8892843403405,0.0010203572136962776
2020-02-25 18:22:00,3202.7613826698807,0.0010219313687907577
2020-02-25 18:23:00,3206.6199928040605,0.0009913282850218268
2020-02-25 18:24:00,3205.776970328806,0.0010142439424356499
2020-02-25 18:25:00,3211.415467044403,0.0009530436435786257
2020-02-25 18:26:00,3210.880772443364,0.0009297709136132895
2020-02-25 18:27:00,3216.1183115359095,0.0009092712928410978
2020-02-25 18:28:00,3213.434469455869,0.0008947893289226801
2020-02-25 18:29:00,3215.261864092185,0.0009439571338309753
2020-02-25 18:30:00,3214.9628919395386,0.0008992512693076201
2020-02-25 18:31:00,3213.705878938951,0.0008877470138779575
2020-02-25 18:32:00,3212.72068123699,0.0008480372231831309
2020-02-25 18:33:00,3212.0148238565325,0.0008347409040611398
2020-02-25 18:34:00,3212.6857467636933,0.0008446772009626561
2020-02-25 18:35:00,3211.708080360002,0.0008573289242233619
2020-02-25 18:36:00,3209.6289571555376,0.000859998603814234
2020-02-25 18:37:00,3205.584197502634,0.0008918790253317001
2020-02-25 18:38:00,3200.8928142382406,0.0009055384200512004
2020-02-25 18:39:00,3201.21670723927,0.0008873657230593528
2020-02-25 18:40:00,3201.936768578902,0.0008866073784822432
2020-02-25 18:41:00,3202.4468012137413,0.0009252167236309511
2020-02-25 18:42:00,3198.8879690976964,0.0009384580688050674
2020-02-25 18:43:00,3201.5789073136393,0.000961569217622225
2020-02-25 18:44:00,3201.612873322566,0.0009552604545744098
2020-02-25 18:45:00,3207.9472197524956,0.00096148560986945
2020-02-25 18:46:00,3209.631393476623,0.0010177248442807716
2020-02-25 18:47:00,3208.8978557131,0.0009793277280904225
2020-02-25 18:48:00,3210.358784676929,0.0010272599688753406
2020-02-25 18:49:00,3206.4613980173726,0.0010069045754209534
2020-02-25 18:50:00,3202.9729123300112,0.0010257935106691173
2020-02-25 18:51:00,3202.179948324074,0.0010722530911602458
2020-02-25 18:52:00,3201.1480785176036,0.0010786663720083918
2020-02-25 18:53:00,3199.372713262266,0.00101833309412
2020-02-25 18:54:00,3198.6938913293443,0.0010348283150070153
2020-02-25 18:55:00,3201.517618789045,0.0010202582668136625
2020-02-25 18:56:00,3204.6494110037283,0.0010773577841009204
2020-02-25 18:57:00,3209.981440245434,0.0010097231110145707
2020-02-25 18:58:00,3207.392775989795,0.0010534460893065146
2020-02-25 18:59:00,3206.8606487380575,0.0010746597995083555
2020-02-25 19:00:00,3206.602864063909,0.0011001165129325304
2020-02-25 19:01:00,3209.0138912815028,0.0010930790547921026
2020-02-25 19:02:00,3215.553498916817,0.0011553636461532864
2020-02-25 19:03:00,3213.9126358614935,0.0011804237962725862
2020-02-25 19:04:00,3212.9573964072133,0.0012135194408137997
2020-02-25 19:05:00,3208.427140590946,0.001135255843470241
2020-02-25 19:06:00,3208.2797427373694,0.0011037473021261273
2020-02-25 19:07:00,3205.5416088878437,0.0011343733382932369
2020-02-25 19:08:00,3199.8440195270327,0.001094599042309734
2020-02-25 19:09:00,3201.2188811076903,0.0011157297459638512
2020-02-25 19:10:00,3199.198872408229,0.0010659481018258892
2020-02-25 19:11:00,3201.916481871234,0.0010984938325679019
2020-02-25 19:12:00,3200.6847641402037,0.0011133752780124295
2020-02-25 19:13:00,3198.0107198749956,0.0010694942994376212
2020-02-25 19:14:00,3195.4022430618593,0.0010408704187700926
2020-02-25 19:15:00,3193.278772893341,0.0010652011399719873
2020-02-25 19:16:00,3190.4382067848587,0.0011498081536093206
2020-02-25 19:17:00,3182.9925832166596,0.0011633003592898877
2020-02-25 19:18:00,3181.760707854867,0.0011442364490628764
2020-02-25 19:19:00,3183.589534972174,0.0011574353999852357
2020-02-25 19:20:00,3192.6385287685066,0.0011224248034348186
2020-02-25 19:21:00,3197.799706010294,0.0011161566130020587
2020-02-25 19:22:00,3201.8341595198017,0.0011389611855596074
2020-02-25 19:23:00,3202.2361693395046,0.001146479538957607
2020-02-25 19:24:00,3198.1742810917335,0.0011537243120758123
2020-02-25 19:25:00,3199.8933028213933,0.0011632706220927893
2020-02-25 19:26:00,3196.8115975911674,0.0011559635600527146
2020-02-25 19:27:00,3193.0165273591742,0.0011234407927468316
2020-02-25 19:28:00,3194.648215258193,0.001076325326292816
2020-02-25 19:29:00,3194.1829948610725,0.0010871275986522233
2020-02-25 19:30:00,3188.6424320158058,0.001058132951048354
2020-02-25 19:31:00,3184.7685337455628,0.0010957872576437778
2020-02-25 19:32:00,3178.239101971761,0.0011455063558255566
2020-02-25 19:33:00,3178.8147383759388,0.0010818362511718837
2020-02-25 19:34:00,3174.6045268896455,0.001089282446496136
2020-02-25 19:35:00,3171.6437918378615,0.0010598493323440115
2020-02-25 19:36:00,3163.2530775600176,0.0010454593232273645
2020-02-25 19:37:00,3165.9581465455926,0.001063057458361033
2020-02-25 19:38:00,3160.281993115026,0.0010066537529106166
2020-02-25 19:39:00,3158.288836183123,0.0010753640681324874
2020-02-25 19:40:00,3160.7544602867,0.0010920296618876022
2020-02-25 19:41:00,3163.9097729081236,0.001121908330198566
2020-02-25 19:42:00,3168.31364128479,0.0011269262083032602
2020-02-25 19:43:00,3172.3176741151024,0.001109073753545879
2020-02-25 19:44:00,3171.9467471186954,0.00110556971334081
2020-02-25 19:45:00,3166.1852478351143,0.0011873028116654377
2020-02-25 19:46:00,3169.027523416339,0.0011181947865986227
2020-02-25 19:47:00,3177.04579033237,0.0010958111758857614
2020-02-25 19:48:00,3171.449993100702,0.0011839436170960685
2020-02-25 19:49:00,3169.1921584857805,0.0011569210609376507
2020-02-25 19:50:00,3171.2041385091106,0.0011347397844251965
2020-02-25 19:51:00,3171.40155169039,0.0011901585212106052
2020-02-25 19:52:00,3176.6686874047336,0.0011212681367645141
2020-02-25 19:53:00,3175.57992512127,0.00114029097507653
2020-02-25 19:54:00,3173.2324840153656,0.0011121584489554054
2020-02-25 19:55:00,3173.324678123835,0.0010942969018027768
2020-02-25 19:56:00,3168.5916693153185,0.0010688307131622968
2020-02-25 19:57:00,3165.148575379076,0.0011105200897023127
2020-02-25 19:58:00,3168.962027149325,0.0011109887791367604
2020-02-25 19:59:00,3166.6136576951835,0.001167746153107649
2020-02-26 13:30:00,3200.633933143991,0.0011555069404891652
2020-02-26 13:31:00,3203.778152063935,0.0011620231094205773
2020-02-26 13:32:00,3198.459457912186,0.00116184118315714
2020-02-26 13:33:00,3202.2187293714433,0.0011577313362467932
2020-02-26 13:34:00,3202.968979844029,0.001221523717868324
2020-02-26 13:35:00,3200.191228159359,0.0011339958926946275
2020-02-26 13:36:00,3210.05684067286,0.0011515719503255462
2020-02-26 13:37:00,3213.306273230605,0.0011725392444255193
2020-02-26 13:38:00,3208.3335848659517,0.0011928772570436565
2020-02-26 13:39:00,3209.3096960100024,0.0011960263858436836
2020-02-26 13:40:00,3209.6340365685032,0.0011728754328636556
2020-02-26 13:41:00,3213.626796139366,0.0012326863134002567
2020-02-26 13:42:00,3211.582361894465,0.0011512827167623758
2020-02-26 13:43:00,3206.633213388746,0.0011203295565533097
2020-02-26 13:44:00,3208.478856766416,0.00113819345508669
2020-02-26 13:45:00,3212.794619057007,0.0011056108086755596
2020-02-26 13:46:00,3207.968271915167,0.0011100011154234592
2020-02-26 13:47:00,3208.841934861295,0.0011004857599947319
2020-02-26 13:48:00,3210.666319673028,0.0011046584650112868
2020-02-26 13:49:00,3213.4154545478423,0.001119709465235966
2020-02-26 13:50:00,3208.547829852345,0.0010915410149757573
2020-02-26 13:51:00,3204.809614579161,0.0010742725153849067
2020-02-26 13:52:00,3206.3325948549577,0.0010046923026547255
2020-02-26 13:53:00,3205.988453088697,0.0009929184339342058
2020-02-26 13:54:00,3208.169867205362,0.0010097687198516755
2020-02-26 13:55:00,3207.969730407479,0.001005528165497885
2020-02-26 13:56:00,3211.205191589565,0.0010584527251352985
2020-02-26 13:57:00,3207.243653826539,0.0010482673064998648
2020-02-26 13:58:00,3203.538554604944,0.0010009303163264996
2020-02-26 13:59:00,3199.0224372281014,0.0009864100781123183
2020-02-26 14:00:00,3198.1891223670605,0.0009328709217721165
2020-02-26 14:01:00,3201.3944868981553,0.0009122551813347885
2020-02-26 14:02:00,3202.6633826313946,0.0009365636602228237
2020-02-26 14:03:00,3204.432831074815,0.000955552131779919
2020-02-26 14:04:00,3202.0375239384225,0.0009685935449358086
2020-02-26 14:05:00,3205.6562615342086,0.000982114850249829
2020-02-26 14:06:00,3209.128144812826,0.0010194829330555303
2020-02-26 14:07:00,3210.0165651136736,0.0010349853187034714
2020-02-26 14:08:00,3213.4232422662703,0.001028236267376372
2020-02-26 14:09:00,3208.4623297169587,0.0010448539039129142
2020-02-26 14:10:00,3200.9713406193637,0.0010638312668645599
2020-02-26 14:11:00,3195.972963949267,0.001011840213523079
2020-02-26 14:12:00,3190.205384906702,0.0009494938978804189
2020-02-26 14:13:00,3188.144170578774,0.0009922414214473582
2020-02-26 14:14:00,3192.5658705936703,0.000985541417041277
2020-02-26 14:15:00,3189.0156085560225,0.0009657177894420958
2020-02-26 14:16:00,3190.3104914251257,0.0009590295260544166
2020-02-26 14:17:00,3184.643009257918,0.0009376990997262438
2020-02-26 14:18:00,3176.894830902657,0.0009296675781065496
2020-02-26 14:19:00,3178.3897935876976,0.0009658978265650981
2020-02-26 14:20:00,3177.6106008329907,0.0010065509820082886
2020-02-26 14:21:00,3173.9153209925753,0.0009841805408729253
2020-02-26 14:22:00,3178.2323016898777,0.0009986731230985796
2020-02-26 14:23:00,3175.21867954141,0.0009743570972577716
2020-02-26 14:24:00,3175.2718398827546,0.000987502894220522
2020-02-26 14:25:00,3175.236960603968,0.0010093229104419662
2020-02-26 14:26:00,3177.112253442791,0.000964496632373344
2020-02-26 14:27:00,3176.8416305945534,0.0009359989483263708
2020-02-26 14:28:00,3178.6199357788637,0.0009112148185946526
2020-02-26 14:29:00,3180.067019078893,0.0009459197102919328
2020-02-26 14:30:00,3180.823626389486,0.0009752310924532388
2020-02-26 14:31:00,3181.5109514281494,0.0009523928135120872
2020-02-26 14:32:00,3186.034619186923,0.0009839443048348688
2020-02-26 14:33:00,3190.8896798698897,0.0009833231384971585
2020-02-26 14:34:00,3184.75595799348,0.000956517747738659
2020-02-26 14:35:00,3182.294102206924,0.0009156301511891149
2020-02-26 14:36:00,3182.1633042172784,0.0009054851866448187
2020-02-26 14:37:00,3180.745489512326,0.0008895771705731824
2020-02-26 14:38:00,3179.111292018056,0.0008911069771185211
2020-02-26 14:39:00,3182.293007569054,0.0008546494403473511
2020-02-26 14:40:00,3187.3706357418955,0.0008676684578950903
2020-02-26 14:41:00,3190.389222391214,0.0008596097766077908
2020-02-26 14:42:00,3189.717074472038,0.000820271898118348
2020-02-26 14:43:00,3187.2926825620984,0.000823559418172374
2020-02-26 14:44:00,3181.294296354193,0.0008492724078024002
2020-02-26 14:45:00,3174.10096958639,0.0008317397141264038
2020-02-26 14:46:00,3176.715549565613,0.0008288571907690426
2020-02-26 14:47:00,3175.4083662262774,0.0008237414916816081
2020-02-26 14:48:00,3171.1225151135864,0.0008059235181284954
2020-02-26 14:49:00,3167.2115606626,0.0008522245738667177
2020-02-26 14:50:00,3164.2854329713005,0.0008606570001268751
2020-02-26 14:51:00,3168.7393752771345,0.0008861986193313917
2020-02-26 14:52:00,3167.928068689262,0.0008834540216637849
2020-02-26 14:53:00,3167.7203917354286,0.0008182676298517092
2020-02-26 14:54:00,3169.8646152762585,0.0008466341962984006
2020-02-26 14:55:00,3165.5493255120027,0.0009163006585391974
2020-02-26 14:56:00,3167.3305932227554,0.0009308135993529904
2020-02-26 14:57:00,3171.387161251617,0.000924975125988032
2020-02-26 14:58:00,3170.799046303173,0.0009022435698428139
2020-02-26 14:59:00,3169.3895838311246,0.0009175016329418924
2020-02-26 15:00:00,3173.1844846601152,0.0009245681484983125
2020-02-26 15:01:00,3172.9050064101443,0.0009996616650863887
2020-02-26 15:02:00,3174.1362669789937,0.001015843876688364
2020-02-26 15:03:00,3172.5781151445703,0.0011149566081330806
2020-02-26 15:04:00,3169.4459270999755,0.0010936264819514483
2020-02-26 15:05:00,3169.9046775943634,0.001122334192421689
2020-02-26 15:06:00,3177.511764214093,0.001083456557956889
2020-02-26 15:07:00,3175.6001920403696,0.0011026924719351552
2020-02-26 15:08:00,3169.8821710567277,0.001097947102758053
2020-02-26 15:09:00,3167.487362427002,0.0011668922913257243
2020-02-26 15:10:00,3166.7848499534457,0.001146627554351364
2020-02-26 15:11:00,3168.9120893769887,0.0011778260352256562
2020-02-26 15:12:00,3166.511039865168,0.0011551381873800431
2020-02-26 15:13:00,3165.8257039202163,0.0011412815720433368
2020-02-26 15:14:00,3170.343924394809,0.0011380550912228175
2020-02-26 15:15:00,3174.258939808512,0.0012571025365290286
2020-02-26 15:16:00,3163.697032564337,0.0012543599637406336
2020-02-26 15:17:00,3162.5176767129074,0.0011961995517722132
2020-02-26 15:18:00,3155.77470475636,0.0012143402261048412
2020-02-26 15:19:00,3149.467670800276,0.0012067790503732462
2020-02-26 15:20:00,3153.6268400058552,0.0011955234398726294
2020-02-26 15:21:00,3145.256005971034,0.0012116998273856566
2020-02-26 15:22:00,3142.2108433334824,0.0011997247061099239
2020-02-26 15:23:00,3148.98742234036,0.0011771025954751182
2020-02-26 15:24:00,3141.5062845812313,0.0011633442419017397
2020-02-26 15:25:00,3140.8516959268795,0.0011690934004842356
2020-02-26 15:26:00,3134.085604242,0.0011815770197630671
2020-02-26 15:27:00,3129.6101357473003,0.001206221362296996
2020-02-26 15:28:00,3130.0494187051636,0.0012699302405211723
2020-02-26 15:29:00,3125.790332855751,0.0012199720675833538
2020-02-26 15:30:00,3127.1715272999177,0.0012258385869569459
2020-02-26 15:31:00,3117.9738911051386,0.001227670097173426
2020-02-26 15:32:00,3112.2148571819134,0.00123924921962454
2020-02-26 15:33:00,3113.5359054572364,0.0012195614856856296
2020-02-26 15:34:00,3114.8216617015905,0.0011469550564662725
2020-02-26 15:35:00,3120.423342295322,0.0012001265767979277
2020-02-26 15:36:00,3119.5927633109377,0.001215390135013049
2020-02-26 15:37:00,3113.0374101311436,0.0012000084532019428
2020-02-26 15:38:00,3110.612653245513,0.0011876731682038762
2020-02-26 15:39:00,3107.0023714280705,0.0012103267579888627
2020-02-26 15:40:00,3105.2409655743645,0.001285488747092906
2020-02-26 15:41:00,3111.0887573601754,0.0013189114151292733
2020-02-26 15:42:00,3113.00955395313,0.0012732615056577324
2020-02-26 15:43:00,3111.0109689229844,0.0013234705138833712
2020-02-26 15:44:00,3110.0070525479455,0.0013566511092854563
2020-02-26 15:45:00,3111.7754646319427,0.0013618067291447343
2020-02-26 15:46:00,3115.129102103257,0.0014210436293812067
2020-02-26 15:47:00,3113.2695101516165,0.001445357228695127
2020-02-26 15:48:00,3112.067932038442,0.001470421945204511
2020-02-26 15:49:00,3118.9357345318554,0.0015683554717230062
2020-02-26 15:50:00,3125.881131112263,0.001568802977611295
2020-02-26 15:51:00,3121.0264105415395,0.001648473583458903
2020-02-26 15:52:00,3120.730906671307,0.0015796856069027279
2020-02-26 15:53:00,3119.032046001026,0.001486402615406726
2020-02-26 15:54:00,3121.064888625107,0.0014801209076940832
2020-02-26 15:55:00,3114.5208156742574,0.0015424055202363967
2020-02-26 15:56:00,3113.4564684741067,0.0014750158509703362
2020-02-26 15:57:00,3111.600409404171,0.0014309671021395603
2020-02-26 15:58:00,3115.225381131833,0.0014658657835027503
2020-02-26 15:59:00,3113.5110728297323,0.0014727457626341179
2020-02-26 16:00:00,3116.439735217763,0.0014247691051025597
2020-02-26 16:01:00,3116.1548568488706,0.0013721342786271672
2020-02-26 16:02:00,3119.2741642769847,0.0013368291031496617
2020-02-26 16:03:00,3119.3889202392866,0.0012299291156940544
2020-02-26 16:04:00,3118.826976540539,0.0011965146934513195
2020-02-26 16:05:00,3121.3832564819186,0.0011882538089696693
2020-02-26 16:06:00,3125.6474542701976,0.00116484952835429
2020-02-26 16:07:00,3124.371241668061,0.0011672969023319001
2020-02-26 16:08:00,3116.6352017195923,0.0011736032605258729
2020-02-26 16:09:00,3117.215587480282,0.0012083630044439654
2020-02-26 16:10:00,3118.0457211332227,0.0011665850639753985
2020-02-26 16:11:00,3115.9810284224604,0.0011738956926210095
2020-02-26 16:12:00,3111.2901059751293,0.0010978329653430242
2020-02-26 16:13:00,3107.3323273708365,0.0010734016301397471
2020-02-26 16:14:00,3107.2130599865086,0.0010950575905720598
2020-02-26 16:15:00,3109.4627530822286,0.00113910774310253
2020-02-26 16:16:00,3112.865515008792,0.0010786006134884559
2020-02-26 16:17:00,3112.349071460838,0.0010767680965594905
2020-02-26 16:18:00,3115.5527972794075,0.001075234609337041
2020-02-26 16:19:00,3118.388898381612,0.001081580132939608
2020-02-26 16:20:00,3120.5353805641435,0.0010891954992732797
2020-02-26 16:21:00,3122.667564391396,0.0011409199145878313
2020-02-26 16:22:00,3122.299188827262,0.0011576022729878985
2020-02-26 16:23:00,3124.549333797668,0.001166251119689196
2020-02-26 16:24:00,3125.9829760032303,0.001178854070193917
2020-02-26 16:25:00,3126.7034284974297,0.0011381595616025489
2020-02-26 16:26:00,3135.174613223321,0.0011738840176573452
2020-02-26 16:27:00,3134.6204497558356,0.0011568140741951998
2020-02-26 16:28:00,3139.7984084255504,0.0011962808618704536
2020-02-26 16:29:00,3132.7179631323484,0.0011713856333309943
2020-02-26 16:30:00,3137.5611622008896,0.0011488227455049207
2020-02-26 16:31:00,3140.3205302907363,0.0011124581600705803
2020-02-26 16:32:00,3139.0208569507445,0.0010987522555690056
2020-02-26 16:33:00,3138.4029582982043,0.0011137331438827959
2020-02-26 16:34:00,3143.431186910896,0.0011905835721187407
2020-02-26 16:35:00,3145.6999695915197,0.001202125841138173
2020-02-26 16:36:00,3145.4895383231487,0.0011419163326834155
2020-02-26 16:37:00,3144.7109759064797,0.001106695436387004
2020-02-26 16:38:00,3144.8453280847098,0.001104001698455948
2020-02-26 16:39:00,3146.7747945061064,0.0011623262034362075
2020-02-26 16:40:00,3153.462984985221,0.001227309813945494
2020-02-26 16:41:00,3150.5192946395605,0.001123237206874957
2020-02-26 16:42:00,3150.6831552047033,0.0011400749086965664
2020-02-26 16:43:00,3153.707859507792,0.0011568571597461467
2020-02-26 16:44:00,3156.155444490235,0.0011308512678369854
2020-02-26 16:45:00,3153.765978552644,0.001143349767982266
2020-02-26 16:46:00,3155.612038905553,0.0012140332758270984
2020-02-26 16:47:00,3147.01957210276,0.0012008424368895416
2020-02-26 16:48:00,3149.1023227720457,0.0012430853030290154
2020-02-26 16:49:00,3148.6891842445675,0.0012271866527252804
2020-02-26 16:50:00,3144.8274145329347,0.001204029366831499
2020-02-26 16:51:00,3143.6731140068264,0.001148898518242528
2020-02-26 16:52:00,3139.1899319666586,0.0011420005477949901
2020-02-26 16:53:00,3140.955566959367,0.001154257410200272
2020-02-26 16:54:00,3140.7284875688806,0.0011376855121990606
2020-02-26 16:55:00,3140.0399064272933,0.0011568478608172718
2020-02-26 16:56:00,3144.4607430758006,0.001187211842925913
2020-02-26 16:57:00,3140.2728217904228,0.001198063770667315
2020-02-26 16:58:00,3138.562815958455,0.001152501434437645
2020-02-26 16:59:00,3140.807460834434,0.0012150639559213648
2020-02-26 17:00:00,3144.5479901927474,0.0012517293609423917
2020-02-26 17:01:00,3150.392070353188,0.001259866968478758
2020-02-26 17:02:00,3144.148168411941,0.001254218435193217
2020-02-26 17:03:00,3145.7507920770386,0.0012584286150735466
2020-02-26 17:04:00,3146.2958346186906,0.001142053856766542
2020-02-26 17:05:00,3148.9558686744426,0.001119152228854
2020-02-26 17:06:00,3148.191333019425,0.0010769109947571535
2020-02-26 17:07:00,3143.6077619833213,0.0010704384242542107
2020-02-26 17:08:00,3143.910965955834,0.0010236733259486556
2020-02-26 17:09:00,3139.2473668333305,0.0010045895954174542
2020-02-26 17:10:00,3133.5068439336274,0.0009604019350732809
2020-02-26 17:11:00,3132.633316155217,0.0009584429865487771
2020-02-26 17:12:00,3135.2452096561005,0.0009748532481572234
2020-02-26 17:13:00,3141.990984265521,0.0009655620529687802
2020-02-26 17:14:00,3140.1244630063916,0.0009544436909212113
2020-02-26 17:15:00,3139.4333143843137,0.000938297303266736
2020-02-26 17:16:00,3139.7621298842246,0.0009200462141790356
2020-02-26 17:17:00,3141.435914875934,0.0009406714248262396
2020-02-26 17:18:00,3146.060781576037,0.0009497846109527001
2020-02-26 17:19:00,3148.7104636811437,0.0009774352203006027
2020-02-26 17:20:00,3149.1621423879587,0.0009931773972074941
2020-02-26 17:21:00,3150.288150366193,0.0009563798323986478
2020-02-26 17:22:00,3150.370683819403,0.0009835352687335187
2020-02-26 17:23:00,3148.7872315586874,0.0009781870265108176
2020-02-26 17:24:00,3148.6314014425857,0.001022708481379695
2020-02-26 17:25:00,3143.481344475721,0.0010025460387689594
2020-02-26 17:26:00,3151.0811190023096,0.0009263900764934673
2020-02-26 17:27:00,3153.4715600509344,0.000889967242340718
2020-02-26 17:28:00,3155.6714758123417,0.0009580565741635721
2020-02-26 17:29:00,3158.9277354181295,0.0009247338734862438
2020-02-26 17:30:00,3157.9149468385936,0.0009137596131208127
2020-02-26 17:31:00,3158.2667174508274,0.0009231671857077597
2020-02-26 17:32:00,3160.0773969566653,0.0009006458785867896
2020-02-26 17:33:00,3165.08066810488,0.0009116916192440498
2020-02-26 17:34:00,3168.1631335964844,0.0008815903028416141
2020-02-26 17:35:00,3164.8737302424415,0.0008850367540436683
2020-02-26 17:36:00,3164.0282761567187,0.0008865440349448071
2020-02-26 17:37:00,3163.4178085744543,0.0009156099218597991
2020-02-26 17:38:00,3162.9976748915246,0.0008511337452198968
2020-02-26 17:39:00,3166.3319610016288,0.0008127705512080355
2020-02-26 17:40:00,3166.092978570276,0.0008212966825508283
2020-02-26 17:41:00,3163.8283484319745,0.0008561200381894439
2020-02-26 17:42:00,3163.7105737068428,0.0008673414735260929
2020-02-26 17:43:00,3165.645305426205,0.0008687159476969197
2020-02-26 17:44:00,3164.85383072181,0.0008985762350605315
2020-02-26 17:45:00,3165.3033408556803,0.0008852615511228752
2020-02-26 17:46:00,3165.023753067786,0.00085127670612494
2020-02-26 17:47:00,3169.199262857086,0.0008873582369442892
2020-02-26 17:48:00,3170.3847717180433,0.0008811779173802148
2020-02-26 17:49:00,3174.130671325488,0.0009203056138590499
2020-02-26 17:50:00,3172.088568584459,0.0009258356639163342
2020-02-26 17:51:00,3169.168840076109,0.0009654936147240099
2020-02-26 17:52:00,3169.3911199136155,0.0009015872392455119
2020-02-26 17:53:00,3168.189510383525,0.0008766970683952928
2020-02-26 17:54:00,3167.8001541435424,0.0008993885510545612
2020-02-26 17:55:00,3166.3678857416317,0.0009287588617207383
2020-02-26 17:56:00,3166.9969177247854,0.0009659289847755517
2020-02-26 17:57:00,3167.013758201555,0.000999699714301113
2020-02-26 17:58:00,3162.8265255768524,0.0010061379520387216
2020-02-26 17:59:00,3163.51157435536,0.0009661113177045367
2020-02-26 18:00:00,3160.312295393907,0.0009441896756648429
2020-02-26 18:01:00,3161.78739341599,0.0009983879614654234
2020-02-26 18:02:00,3166.7880924163687,0.0010291939741763688
2020-02-26 18:03:00,3170.566569511586,0.0010293533863154807
2020-02-26 18:04:00,3168.980971239373,0.0010278902722609395
2020-02-26 18:05:00,3162.8968088440433,0.000995165423177733
2020-02-26 18:06:00,3169.755048631609,0.001021262603615023
2020-02-26 18:07:00,3171.347718653937,0.0010052891401768425
2020-02-26 18:08:00,3168.8672528724114,0.0009739734272447563
2020-02-26 18:09:00,3163.0101835637533,0.0010259873306132188
2020-02-26 18:10:00,3162.595134691632,0.0010481171928016975
2020-02-26 18:11:00,3165.107162161046,0.00105399671730167
2020-02-26 18:12:00,3165.9514277945864,0.0010068896461237283
2020-02-26 18:13:00,3167.896139418647,0.000973012918737992
2020-02-26 18:14:00,3172.8961065867184,0.0010068969188580836
2020-02-26 18:15:00,3169.1716674509516,0.00103359702159687
2020-02-26 18:16:00,3167.1118002407516,0.001066549688663425
2020-02-26 18:17:00,3167.001119295566,0.0010194142853842591
2020-02-26 18:18:00,3168.4186478652878,0.001005843739010929
2020-02-26 18:19:00,3167.9434215452534,0.0010524077859463533
2020-02-26 18:20:00,3168.7600239511453,0.00106534054660465
2020-02-26 18:21:00,3169.892561416968,0.001055057176060135
2020-02-26 18:22:00,3172.311715580797,0.0010706955219689596
2020-02-26 18:23:00,3168.722204606482,0.0010152100934254311
2020-02-26 18:24:00,3165.3560577112535,0.0010672458458388261
2020-02-26 18:25:00,3162.6092753340677,0.0010869623696441169
2020-02-26 18:26:00,3159.8806554944217,0.0010191282018032993
2020-02-26 18:27:00,3165.983581293582,0.0009830154191172945
2020-02-26 18:28:00,3164.7758968625076,0.0010468396829351005
2020-02-26 18:29:00,3166.450466494983,0.001021414593385404
2020-02-26 18:30:00,3165.2202738516785,0.0010294813987884591
2020-02-26 18:31:00,3164.503371876888,0.0010338104259196568
2020-02-26 18:32:00,3165.7342931767516,0.000984661952593144
2020-02-26 18:33:00,3169.9141732274556,0.0009842160559261088
2020-02-26 18:34:00,3171.471219256995,0.0009626532271114959
2020-02-26 18:35:00,3169.071063906026,0.000985239251122802
2020-02-26 18:36:00,3163.7440333924737,0.000945575812355464
2020-02-26 18:37:00,3163.933012547517,0.0009443103657881042
2020-02-26 18:38:00,3161.5732667046555,0.0008958022711661525
2020-02-26 18:39:00,3159.8347898671777,0.0008855357087168594
2020-02-26 18:40:00,3159.070599548658,0.0008957682004557941
2020-02-26 18:41:00,3157.272720473623,0.0009050840998927358
2020-02-26 18:42:00,3156.0776435744747,0.0009421255053707262
2020-02-26 18:43:00,3154.1820621410584,0.000920943240799153
2020-02-26 18:44:00,3153.319181395459,0.0009789669823423042
2020-02-26 18:45:00,3154.0224102419875,0.0009502566603661943
2020-02-26 18:46:00,3148.4000270175475,0.000925932218995859
2020-02-26 18:47:00,3142.957161294468,0.0009488746523171158
2020-02-26 18:48:00,3146.7561596323585,0.0009679438705248563
2020-02-26 18:49:00,3150.417843503048,0.0010115032433115727
2020-02-26 18:50:00,3149.7862532045147,0.001070297002072417
2020-02-26 18:51:00,3154.2381561823718,0.0010131996147341499
2020-02-26 18:52:00,3157.828883069727,0.001031639568312668
2020-02-26 18:53:00,3159.6546876796606,0.0010008793220307435
2020-02-26 18:54:00,3163.663614074996,0.0010059378029523096
2020-02-26 18:55:00,3159.871458614528,0.0009477561449949203
2020-02-26 18:56:00,3158.667078159588,0.00097250524521226
2020-02-26 18:57:00,3152.9915060501025,0.0010319471929638331
2020-02-26 18:58:00,3151.8043303365516,0.0010571697598131598
2020-02-26 18:59:00,3151.2460164025247,0.001050008217519072
2020-02-26 19:00:00,3153.510814883123,0.0010618920102311608
2020-02-26 19:01:00,3154.7264157394616,0.0010449656442314175
2020-02-26 19:02:00,3153.573317067362,0.0010708848425093507
2020-02-26 19:03:00,3156.511472455527,0.0010942775222372992
2020-02-26 19:04:00,3153.281446918379,0.001091183257912888
2020-02-26 19:05:00,3149.5953728622108,0.0010958274469596149
2020-02-26 19:06:00,3150.7388987075115,0.0010904218179103673
2020-02-26 19:07:00,3152.595468055443,0.001076226729192698
2020-02-26 19:08:00,3150.262812815903,0.0010923791417300152
2020-02-26 19:09:00,3149.6959584015667,0.001089560824046075
2020-02-26 19:10:00,3152.359647904152,0.0010940408159217456
2020-02-26 19:11:00,3154.3343236711517,0.0011137623076300641
2020-02-26 19:12:00,3148.629891299329,0.0011074114148836467
2020-02-26 19:13:00,3146.9358688337984,0.0011205941554487948
2020-02-26 19:14:00,3142.2418536738423,0.0010895099756597576
2020-02-26 19:15:00,3140.5833859264176,0.0010541568271815781
2020-02-26 19:16:00,3139.574827548065,0.0011124988359139949
2020-02-26 19:17:00,3140.209367705785,0.0011823499764580985
2020-02-26 19:18:00,3147.948971031135,0.001162720010604158
2020-02-26 19:19:00,3141.1929447448065,0.0012100393182833168
2020-02-26 19:20:00,3133.985245429464,0.0011455880739012466
2020-02-26 19:21:00,3128.7020794506293,0.0011431666092240496
2020-02-26 19:22:00,3130.161811978549,0.001185529909301598
2020-02-26 19:23:00,3129.588479928815,0.0011976249873435743
2020-02-26 19:24:00,3129.5861437395142,0.001298943357019324
2020-02-26 19:25:00,3134.5947252723277,0.001382862862538146
2020-02-26 19:26:00,3134.044301061671,0.0014011734258536433
2020-02-26 19:27:00,3127.0244584479265,0.0014457457537943891
2020-02-26 19:28:00,3123.150035836775,0.0014848434336452545
2020-02-26 19:29:00,3119.8984893099573,0.0015322604859531214
2020-02-26 19:30:00,3119.1113443144927,0.0015013903761825118
2020-02-26 19:31:00,3114.709703895166,0.0015569324812612939
2020-02-26 19:32:00,3107.5982951642995,0.0015729772421118069
2020-02-26 19:33:00,3099.540159842444,0.0016468345044007686
2020-02-26 19:34:00,3093.3504257560476,0.001662365174882852
2020-02-26 19:35:00,3094.9416729991553,0.001684432460003916
2020-02-26 19:36:00,3088.9122184776897,0.0016731487711010725
2020-02-26 19:37:00,3081.2443427058456,0.0016324507534432682
2020-02-26 19:38:00,3088.9757885682725,0.0016063721375264152
2020-02-26 19:39:00,3087.48933716508,0.00166461342044201
2020-02-26 19:40:00,3084.42328272954,0.0017201749552236882
2020-02-26 19:41:00,3088.4010693382984,0.0017275112300879306
2020-02-26 19:42:00,3099.5925352986624,0.0017131805668064235
2020-02-26 19:43:00,3091.6616112544725,0.0016815114120471582
2020-02-26 19:44:00,3098.043374764117,0.0017253843183652696
2020-02-26 19:45:00,3097.833959809688,0.0017632859221382103
2020-02-26 19:46:00,3092.7068428487873,0.001815901697253796
2020-02-26 19:47:00,3093.717593105844,0.0018114154459010353
2020-02-26 19:48:00,3087.867614542518,0.0017824828513331988
2020-02-26 19:49:00,3079.100803632655,0.0017950029551936418
2020-02-26 19:50:00,3078.250088877025,0.0017527359279571064
2020-02-26 19:51:00,3085.8794685628945,0.0018362670724376435
2020-02-26 19:52:00,3081.3362184662324,0.001751571882694941
2020-02-26 19:53:00,3073.196784475584,0.001718898071586282
2020-02-26 19:54:00,3066.6762460686564,0.0017553974922183933
2020-02-26 19:55:00,3072.8975196554325,0.001764119165977209
2020-02-26 19:56:00,3072.9452149205786,0.0017399010228425229
2020-02-26 19:57:00,3082.233233178166,0.0018331594843891234
2020-02-26 19:58:00,3079.2939761970124,0.0018624479305567874
2020-02-26 19:59:00,3077.9779874873498,0.0018064345662435865
