date,symbol,OPrice,DPrice,Ret_mkt_t,BuyVol_LR1,SellVol_LR1,BuyVol_LRi,SellVol_LRi,IVol_t_m,IVol_q_m,VarianceRatio1,VarianceRatio2,TSignSqrtDVol1,TSignSqrtDVol2,NObsUsed1
2013-01-02,SPY,145.11,146.09,0.0071414161,106569231,92772391,93438640,82908917,3.5254624E-9,1.4227094E-9,0.0115825872,0.1521698703,-4.03147E-10,-5.941388E-9,78
2013-01-03,SPY,145.99,145.77,-0.001782532,77172297,71559382,74056568,57924985,6.0840058E-9,1.0935542E-9,0.0872743365,0.2011942656,-1.443766E-8,-1.546046E-8,78
2013-01-04,SPY,145.97,146.38,0.0032829521,63905397,56031558,54652375,50430309,5.3246556E-9,9.774341E-10,0.0552729811,0.0838629069,8.19719E-9,7.5854024E-9,78
2013-01-07,SPY,145.85,145.965,0.00047983,61985192,52534198,56854041,42810523,4.0230845E-9,6.886995E-10,0.0423621323,0.0576080441,-5.728945E-9,-6.94809E-9,78
2013-01-08,SPY,145.71,145.54,-0.001236094,68150530,56459208,61310428,47586283,1.1257637E-8,7.646086E-10,0.0005938897,0.1853712558,-1.018011E-8,-1.133768E-8,78
2013-01-09,SPY,145.86,145.95,0.0008908687,46699485,47080465,43345157,40346560,5.2429374E-9,7.320232E-10,0.012549871,0.0182398146,1.3680047E-8,1.4259789E-8,78
2013-01-10,SPY,146.73,147.07,0.0023145007,57794386,75423700,47379810,65642559,3.1012E-9,9.206054E-10,0.072921386,0.0627063325,-1.48719E-8,-1.458123E-8,78
2013-01-11,SPY,147.04,147.11,0.0002040053,60827694,60906837,56227652,52509034,2.6988684E-9,6.132328E-10,0.0332516246,0.0406381328,-1.307881E-8,-1.309536E-8,78
2013-01-14,SPY,146.89,146.96,0.0004764336,45353705,47094632,38321331,35177683,2.8567486E-9,7.722112E-10,0.0217171573,0.0441329987,-2.315195E-8,-2.323794E-8,78
2013-01-15,SPY,146.29,147.04,0.0053177109,50611120,46103427,45529487,38574583,4.8195721E-9,7.64773E-10,0.0448001525,0.079368708,-9.893694E-9,-1.329248E-8,78
2013-01-16,SPY,146.77,147.04,0.0019059294,59877656,46761555,54261950,38713875,2.7541769E-9,5.6346E-10,0.0218826173,0.1591334525,-4.873016E-9,-5.79814E-9,78
2013-01-17,SPY,147.7,147.92,0.001826361,68432205,69669670,60314050,61459506,1.5676966E-8,8.05356E-10,0.1546550075,0.0218699232,-2.738348E-9,-3.403919E-9,78
2013-01-18,SPY,147.98,148.33,0.0023623918,97508871,76103313,92316203,60219632,4.937585E-9,6.353123E-10,0.0062317604,0.0587548933,7.2818586E-9,7.1854846E-9,78
2013-01-22,SPY,148.34,149.0901,0.0051102855,57356473,60204387,52980590,52949050,7.5818738E-9,5.827538E-10,0.0493026045,0.1732926809,4.442603E-9,3.3365416E-9,78
2013-01-23,SPY,149.13,149.37,0.0016080405,59399056,50881034,50330419,45275593,2.2195303E-9,4.497208E-10,0.0750131997,0.0537944961,2.9503199E-9,2.5521919E-9,78
2013-01-24,SPY,149.15,149.38,0.0018086216,65145606,83306768,52915904,69613294,7.1596709E-9,8.700717E-10,0.01670067,0.0445859269,-7.517388E-9,-7.18963E-9,78
2013-01-25,SPY,149.88,150.2,0.0024655995,73924330,75446149,68145584,68684674,6.4559994E-9,7.654443E-10,0.0200582944,0.2094262268,-4.189154E-9,-4.209425E-9,78
2013-01-28,SPY,150.29,150.04,-0.001464909,68135930,46364733,62936998,40056257,3.4973409E-9,7.444056E-10,0.0367124402,0.0807011139,-1.122754E-8,-1.10377E-8,78
2013-01-29,SPY,149.77,150.67,0.0059248584,55522170,54732942,46628135,48348794,5.5490743E-9,7.736587E-10,0.0416361714,0.0191741611,-6.167536E-9,-3.9752E-9,78
2013-01-30,SPY,150.65,150.1,-0.00379078,73729448,64845682,66359313,53606421,5.9506559E-9,1.0221345E-9,0.0143198382,0.0654765736,-8.336663E-9,-7.721197E-9,78
2013-01-31,SPY,149.89,149.81,-0.0012684,54912302,55318616,48050520,48129361,3.4548505E-9,8.224849E-10,0.022125266,0.1546254414,1.6191229E-9,1.9810544E-9,78
2013-02-01,SPY,150.65,151.22,0.0041731588,73732048,61661530,61346143,53145044,2.694324E-9,9.061175E-10,0.1687253441,0.1463261969,-7.177608E-9,-8.629201E-9,78
2013-02-04,SPY,150.32,149.54,-0.005269314,81871943,81935873,75926017,70499555,4.3265069E-8,1.0142612E-9,0.0031057431,0.1042104492,9.6732681E-9,1.2294587E-8,78
2013-02-05,SPY,150.35,151.06,0.0048435884,58374448,58231269,50809449,50442898,2.8010903E-9,7.895459E-10,0.0268619566,0.057436275,-2.145666E-8,-2.062708E-8,78
2013-02-06,SPY,150.5,151.17,0.0045080957,73173638,66529926,66159051,57199794,2.9152768E-9,9.081919E-10,0.0867863401,0.0547852561,-2.606897E-9,-4.46366E-9,78
2013-02-07,SPY,151.205,150.94,-0.001621631,90360335,76457071,80522635,62709668,3.2098846E-9,1.2639964E-9,0.0599924236,0.0659661867,-1.053862E-8,-1.073483E-8,78
2013-02-08,SPY,151.22,151.78,0.0038281348,50558584,56075501,42077097,49556536,2.6273436E-9,5.925581E-10,0.0590136491,0.105444261,7.1209366E-9,6.5040011E-9,78
2013-02-11,SPY,151.75,151.76,0.000131787,50168151,31536518,47064485,26174926,2.6797486E-9,6.54111E-10,0.1104907063,0.0126410254,2.8905925E-9,2.9964319E-9,78
2013-02-12,SPY,151.78,152.01,0.0014484169,29525302,37081227,25695551,32669944,2.6751759E-9,5.051227E-10,0.1227584899,0.0053091093,-1.46035E-8,-1.42229E-8,78
2013-02-13,SPY,152.33,152.16,-0.001182344,41186695,43220431,36573119,37653560,2.9333033E-9,5.183317E-10,0.000086657,0.0156441293,2.7391777E-9,2.6864915E-9,78
2013-02-14,SPY,151.69,152.29,0.004078953,42907306,39748492,35052910,38268327,2.2290637E-9,5.170178E-10,0.0520849062,0.204525756,-8.08375E-10,-7.77167E-10,78
2013-02-15,SPY,152.44,152.149,-0.001772759,157543403,60023816,153193786,51811772,5.0407157E-9,6.688281E-10,0.0213353114,0.1824370285,-8.185551E-9,-8.309627E-9,78
2013-02-19,SPY,152.37,153.22,0.0054324838,40462257,58419303,40146269,49721926,9.7003525E-9,5.100855E-10,0.0394769054,0.0622389834,-1.499379E-8,-1.439929E-8,78
2013-02-20,SPY,153.14,151.31,-0.012352325,76754187,90124973,71663353,76631131,5.985311E-9,1.1204975E-9,0.0477989091,0.0146165832,-6.743826E-9,-5.998878E-9,78
2013-02-21,SPY,150.96,150.41,-0.00371649,84508187,105898050,76015045,88141905,5.8747435E-9,1.5999619E-9,0.03231199,0.0076331137,1.4252166E-8,1.3541134E-8,78
2013-02-22,SPY,151.15,151.84,0.0048838534,62944998,48950272,53334755,46014797,3.3337532E-9,9.656419E-10,0.0999463249,0.0319604676,-2.324928E-9,-3.738222E-9,78
2013-02-25,SPY,152.63,149.01,-0.024003274,136551953,112378940,120479706,93684377,5.2665953E-9,2.54542E-9,0.0049541444,0.0746660586,-4.507378E-8,-4.365757E-8,78
2013-02-26,SPY,149.74,150.01,0.0018681617,89811644,99024528,77612626,87087663,1.1047974E-8,2.9381605E-9,0.0292635131,0.0883514766,-1.230358E-8,-1.229109E-8,78
2013-02-27,SPY,149.89,151.91,0.0133865485,65928565,86955389,56581700,79440983,6.1894737E-9,1.6525888E-9,0.044194177,0.1202577314,-2.138876E-8,-1.657542E-8,78
2013-02-28,SPY,151.89,151.61,-0.00237295,63966839,67275049,60505360,49549009,3.8132957E-9,1.3996368E-9,0.038205608,0.0428807327,-3.377562E-8,-3.395275E-8,78
2013-03-01,SPY,151.09,152.13,0.0067282576,78074142,97273242,72058206,79128662,8.167171E-9,2.172019E-9,0.0558581062,0.0824420385,-6.463013E-9,-7.992267E-9,78
2013-03-04,SPY,151.76,152.87,0.0076145832,52476974,49952872,45617694,43799580,4.3472327E-9,1.2306522E-9,0.0379844504,0.0481613248,-1.04965E-8,-1.54629E-8,78
2013-03-05,SPY,153.66,154.31,0.004091579,60293000,64052178,56353798,52967958,4.5632364E-9,1.0851975E-9,0.0407835612,0.0116803763,-2.244312E-8,-2.158046E-8,78
2013-03-06,SPY,154.85,154.51,-0.00226281,46667273,48810430,42230492,41869791,3.3909358E-9,9.82654E-10,0.0079236109,0.1252231875,-1.564312E-8,-1.514042E-8,78
2013-03-07,SPY,154.7,154.79,0.0007753942,46522888,44877009,37705647,38515976,2.9275041E-9,8.351488E-10,0.0607554298,0.0450398103,-3.172183E-8,-3.215579E-8,78
2013-03-08,SPY,155.46,155.44,-0.000128659,68993838,61080441,59531552,53652106,3.2287972E-9,1.0807633E-9,0.1307324368,0.0257737099,3.9610531E-9,4.0076676E-9,78
2013-03-11,SPY,155.32,156,0.0045607916,45169160,43313840,40942346,38214525,3.2267858E-9,5.342976E-10,0.1557263405,0.0146483965,4.6586203E-9,2.061221E-9,78
2013-03-12,SPY,155.92,155.7,-0.001797407,51597043,58063207,47005059,44324652,5.3001107E-9,8.139933E-10,0.0418094462,0.1291307232,-1.670309E-8,-1.657666E-8,78
2013-03-13,SPY,155.75,155.88,0.0005776822,39622913,54669978,36071997,48623036,2.7891813E-9,7.737765E-10,0.0530581703,0.1445279672,-1.540288E-8,-1.543811E-8,78
2013-03-14,SPY,156.3,156.73,0.0027473422,50343158,80010727,50176354,66873189,1.2118163E-8,4.869591E-10,0.0775926724,0.0315095374,-4.477328E-9,-3.424827E-9,78
2013-03-15,SPY,155.85,155.84,0.0001924743,97140512,55258394,84766831,47548306,5.6903837E-9,6.10398E-10,0.0595937475,0.0336192774,8.3405083E-9,8.9024568E-9,78
2013-03-18,SPY,154.34,154.95,0.0040735888,66257939,62749202,58124121,51251026,1.1201406E-8,1.0992942E-9,0.1095087782,0.0234067995,-9.339125E-9,-9.35129E-9,78
2013-03-19,SPY,155.3,154.64,-0.004452913,86624134,81719346,74924020,66647385,6.4191075E-9,2.0893655E-9,0.0872563175,0.1217508492,-2.972693E-8,-2.899774E-8,78
2013-03-20,SPY,155.52,155.65,0.0007070545,59209048,55829213,52031953,46725372,3.4583612E-9,1.1843254E-9,0.0731417494,0.0772484149,-1.009714E-8,-1.050479E-8,78
2013-03-21,SPY,154.76,154.36,-0.002717569,65768145,64299329,57696125,51147680,4.0438358E-9,1.4669467E-9,0.0650444547,0.040487496,-2.776562E-8,-2.819686E-8,78
2013-03-22,SPY,154.85,155.51,0.0048317053,68487404,51670455,52506133,45325744,3.995686E-9,1.0263961E-9,0.0240928022,0.0335589406,-1.394146E-8,-1.246301E-8,78
2013-03-25,SPY,156.01,155,-0.00604348,84666294,69751703,74177046,58918683,6.7069427E-9,1.8637339E-9,0.0241733278,0.0084273421,-1.399198E-8,-1.191318E-8,78
2013-03-26,SPY,155.59,156.14,0.0035927414,43703645,44851938,37574201,38659952,2.8296902E-9,1.0106515E-9,0.0192034115,0.0425218732,5.92329E-10,9.002389E-10,78
2013-03-27,SPY,155.26,156.13,0.0057799917,55547192,45139430,47685503,39422384,4.5486046E-9,1.1055319E-9,0.0121420784,0.092152301,-1.569192E-8,-1.833091E-8,78
2013-03-28,SPY,156.09,156.58,0.0029426838,47942653,56579394,41795281,46005257,4.4214636E-9,1.0278827E-9,0.1183846436,0.1003386718,-6.202991E-9,-5.73286E-9,78
2013-04-01,SPY,156.59,156.06,-0.003454456,52334627,52430300,45521096,44020734,6.9021424E-9,1.1392054E-9,0.0700856226,0.0247197179,-1.435716E-8,-1.289524E-8,78
2013-04-02,SPY,156.61,156.8,0.0013400123,52732144,51449660,45165934,44713460,2.7685346E-9,8.374264E-10,0.0646244759,0.0170538902,-1.156243E-8,-1.146226E-8,78
2013-04-03,SPY,156.91,155.26,-0.011280002,80321649,75561550,71041331,64616534,3.5333991E-9,1.4557023E-9,0.0270229792,0.0835795875,-1.494935E-8,-1.319159E-8,78
2013-04-04,SPY,155.43,155.851,0.0026985367,64378636,69482184,54313671,61528129,3.5968602E-9,1.5134837E-9,0.0865149408,0.0949971719,-2.322932E-8,-2.297559E-8,78
2013-04-05,SPY,153.95,155.19,0.0079578591,84746099,76496977,74981461,63701851,3.4559783E-9,1.4105058E-9,0.0124809033,0.0520468059,-1.704626E-8,-2.283303E-8,78
2013-04-08,SPY,155.27,156.19,0.0060357188,47166140,42073988,40802781,37201374,3.0347853E-9,1.0402975E-9,0.0363401561,0.056406661,2.449473E-10,1.086349E-9,78
2013-04-09,SPY,156.5,156.74,0.0015961695,51779716,51277049,45634769,42915314,3.5667889E-9,1.0796741E-9,0.0353474326,0.0428733711,-2.058711E-8,-2.048906E-8,78
2013-04-10,SPY,157.17,158.7,0.0098766235,69262653,69968981,57216522,63407179,3.1573043E-8,9.27222E-10,0.0313779398,0.1212558471,-1.732747E-8,-1.374862E-8,78
2013-04-11,SPY,158.71,159.21,0.0032082561,57404287,56847680,47007790,49278362,6.2522907E-9,9.28532E-10,0.0025228055,0.115818416,1.0261545E-8,1.0092712E-8,78
2013-04-12,SPY,158.68,158.798,0.0006300007,62741118,54738068,54056672,47333808,6.5386617E-9,1.1846252E-9,0.0227190383,0.0440729295,-2.577453E-8,-2.708808E-8,78
2013-04-15,SPY,158.01,155.1,-0.018137032,106836889,113724495,91917964,87998444,2.385677E-8,2.5786259E-9,0.084302588,0.0851493517,-3.971517E-8,-3.127554E-8,78
2013-04-16,SPY,156.3,157.39,0.0071401553,79150361,72029338,66629272,64424942,1.5940336E-8,1.6074163E-9,0.0335113431,0.0731815579,-3.455806E-8,-3.301047E-8,78
2013-04-17,SPY,156.29,155.06,-0.008030108,125707982,103325662,114158504,85908052,1.0637583E-7,3.1148571E-9,0.0316706372,0.0156451648,-1.197302E-8,-9.231148E-9,78
2013-04-18,SPY,155.37,154.17,-0.007948089,86628269,82242819,76554428,70003948,8.8543093E-9,3.0383935E-9,0.0490730213,0.0061936095,-3.580458E-9,-1.913805E-9,78
2013-04-19,SPY,154.5,155.45,0.0063230096,81476403,72479820,75508279,60808986,4.2547227E-9,1.8293319E-9,0.0225654678,0.0910645053,-1.76073E-8,-1.709628E-8,78
2013-04-22,SPY,155.78,156.18,0.0026924819,63592420,49239115,52845587,42036707,4.9211255E-9,1.6811182E-9,0.0208135308,0.1599526806,-2.730893E-8,-2.708827E-8,78
2013-04-23,SPY,156.94,157.82,0.0054014683,74303479,95750243,65950474,77629054,1.811992E-8,2.7592794E-9,0.1243174626,0.5295184282,-8.268244E-8,-8.283053E-8,78
2013-04-24,SPY,157.83,157.88,0.0004434169,49507913,48100075,44983404,40921922,4.5990464E-9,1.1805702E-9,0.0750808983,0.0022021453,-2.436081E-8,-2.450653E-8,78
2013-04-25,SPY,158.33,158.55,0.0017668964,67430833,67137705,54234277,61561958,1.144231E-8,1.0511851E-9,0.07384543,0.0886244281,-8.441892E-9,-8.277146E-9,78
2013-04-26,SPY,158.33,158.24,-0.000442212,55197984,42246096,48296837,36542062,3.1153404E-9,1.2237329E-9,0.0108148451,0.0692969552,-3.31851E-10,-1.26617E-10,78
2013-04-29,SPY,158.67,159.33,0.0039626432,44769295,45821601,41375338,35372418,3.4607279E-9,7.800961E-10,0.0962869117,0.0036898253,-8.400564E-9,-8.556484E-9,78
2013-04-30,SPY,159.27,159.7,0.0025709373,54934296,63631443,53470350,52197469,5.028194E-9,1.0906416E-9,0.0645628091,0.0060086398,-6.29933E-10,-2.31812E-11,78
2013-05-01,SPY,159.33,158.2725,-0.006359222,78883229,63101816,71755685,52234799,3.7839101E-9,1.4611052E-9,0.1066223796,0.0446839895,-1.799324E-8,-1.734786E-8,78
2013-05-02,SPY,158.68,159.72,0.006470075,50100831,47691453,42115410,44430289,4.2809087E-9,1.0533543E-9,0.0309118411,0.0364483362,-1.94441E-8,-1.738911E-8,78
2013-05-03,SPY,161.14,161.38,0.0011164177,67343807,78956479,62192410,68525621,2.4192096E-9,7.305106E-10,0.0714616959,0.0543621393,-4.88359E-9,-4.250208E-9,78
2013-05-06,SPY,161.49,161.79,0.0017941663,31583839,39473668,26990170,37330192,3.4478951E-9,5.096055E-10,0.1225963866,0.0974791501,6.908821E-10,1.4113786E-9,78
2013-05-07,SPY,162.12,162.59,0.0031408802,43239207,48376604,37855385,43298807,7.9800672E-9,6.299024E-10,0.0210930488,0.0175664694,-9.445218E-9,-7.97207E-9,78
2013-05-08,SPY,162.42,163.34,0.0056483451,45335031,56577034,38810308,49865022,2.3443329E-9,5.97297E-10,0.055613501,0.1565928928,2.7152548E-9,6.7527905E-9,78
2013-05-09,SPY,163.27,162.88,-0.002084611,56144826,51413943,48604781,47117834,3.8831982E-9,9.482079E-10,0.1237392285,0.2082897332,-1.751602E-8,-1.80386E-8,78
2013-05-10,SPY,162.99,163.45,0.0025735308,49160492,56055213,45230808,49231004,4.4156943E-9,1.1575372E-9,0.0001869902,0.1091019099,8.1189334E-9,8.3421752E-9,78
2013-05-13,SPY,163.2,163.54,0.0020811662,41526824,42211189,39297540,36164310,3.6340258E-9,7.548586E-10,0.0013369082,0.034894686,-1.325372E-8,-1.583621E-8,78
2013-05-14,SPY,163.67,165.27,0.0097887999,57818881,64457274,48296847,60566746,1.0546371E-8,8.642011E-10,0.1661364709,0.0103531784,-4.66409E-10,1.8025475E-9,78
2013-05-15,SPY,164.96,166.1,0.0071879745,62928288,60395165,51401478,56103317,5.5062877E-9,1.085655E-9,0.0252078997,0.0705718869,1.9628081E-8,2.3546767E-8,78
2013-05-16,SPY,165.77,165.31,-0.002597326,60245518,51805466,49375247,47865124,8.4156903E-9,1.1694619E-9,0.0650843148,0.0033577059,-1.82445E-8,-1.769134E-8,78
2013-05-17,SPY,165.95,166.97,0.0061276174,63442535,67777151,56042017,55792995,2.7542313E-9,8.88479E-10,0.0628096743,0.0481141294,3.7939244E-9,2.7191437E-9,78
2013-05-20,SPY,166.78,166.93,0.0011385769,43283158,42585954,38267772,37324371,3.1151991E-9,8.432393E-10,0.0452170849,0.0469132227,-2.09856E-10,-4.93724E-10,78
2013-05-21,SPY,167.08,167.19,0.0001795386,45164629,53868969,39359956,48274420,2.8739002E-9,1.0523799E-9,0.0718224422,0.0011840532,-1.12282E-8,-1.118139E-8,78
2013-05-22,SPY,167.34,165.85,-0.008521926,133267591,114901151,108738538,102797069,2.8981046E-8,4.0930422E-9,0.0864768454,0.0485538091,-1.672761E-8,-1.506666E-8,78
2013-05-23,SPY,164.17,165.43,0.0077665581,119255315,95642202,96440700,87890596,6.0484286E-9,2.6399845E-9,0.0117958977,0.1045426846,6.0433915E-9,1.1722202E-9,78
2013-05-24,SPY,164.46,165.32,0.005276097,71493292,80948833,62098368,69744664,7.4863304E-9,1.693086E-9,0.0503572308,0.0617447971,-1.247994E-8,-1.553122E-8,78
2013-05-28,SPY,167.04,166.3,-0.004439918,74365643,71092461,64847246,59262852,6.4541887E-9,1.692716E-9,0.0538997275,0.0270288503,-3.897908E-8,-3.846152E-8,78
2013-05-29,SPY,165.42,165.22,-0.001209775,79256540,85592889,68626258,68182725,4.6680615E-9,2.3789171E-9,0.0056751068,0.0639000675,-1.030272E-9,-7.21594E-10,78
2013-05-30,SPY,165.35,165.82,0.0032604787,54150850,55153440,46804279,46893779,7.7860747E-9,1.5684436E-9,0.002520377,0.0523588446,5.7813429E-9,5.5785611E-9,78
2013-05-31,SPY,165.37,163.44,-0.012963877,86166872,94895453,77730378,75629446,8.9685573E-9,2.1588543E-9,0.0156578548,0.1233130952,-2.503126E-8,-2.317041E-8,78
2013-06-03,SPY,163.83,164.38,0.0033515159,79047746,96447565,79146399,71461783,6.450939E-9,3.3880181E-9,0.1212550143,0.0690990393,-1.622606E-8,-1.543528E-8,78
2013-06-04,SPY,164.44,163.505,-0.005365867,83668304,75371235,70543793,64391847,1.3569503E-8,2.8118823E-9,0.0190093386,0.0203205344,-4.891667E-8,-4.805404E-8,78
2013-06-05,SPY,163.09,161.26,-0.011780443,115131255,99305839,103180298,80029856,4.1971697E-8,3.7256348E-9,0.0386583577,0.0204656774,-1.145288E-8,-6.396959E-9,78
2013-06-07,SPY,163.85,164.81,0.0058419201,94693447,97709045,81188761,86102990,4.3468662E-9,2.1391031E-9,0.0304710011,0.092469116,-1.070594E-8,-9.7182E-9,78
2013-06-10,SPY,165.3,164.76,-0.003029387,54640990,52817447,45754561,45323340,4.3137048E-9,1.9183955E-9,0.0045239347,0.0052132137,-2.39102E-8,-2.281973E-8,78
2013-06-11,SPY,163.26,163.12,-0.000857896,81283397,81744618,68376699,70338597,4.8339863E-9,2.4037953E-9,0.018555998,0.0037905261,-5.581866E-8,-5.6516E-8,78
2013-06-12,SPY,164.22,161.77,-0.015155059,92158878,90199081,81963487,71362921,1.1299123E-8,2.9704592E-9,0.0259605478,0.075041947,-4.400311E-8,-3.956882E-8,78
2013-06-13,SPY,161.65,164.21,0.0157734881,76964129,89808656,62352807,84197238,4.3669068E-9,2.0113529E-9,0.0103715507,0.0012627034,4.84379E-10,1.5687504E-8,78
2013-06-14,SPY,164.05,163.18,-0.005378657,77589260,66949545,75645470,52005154,8.7978496E-9,2.324256E-9,0.057231691,0.0080992488,-1.556917E-8,-1.233759E-8,78
2013-06-17,SPY,164.29,164.45,0.0012774113,74128581,67643138,59528719,60935660,2.6696582E-8,1.9328043E-9,0.0583392924,0.1051074211,-3.159719E-8,-3.158119E-8,78
2013-06-18,SPY,164.52,165.74,0.0070864292,47495920,72611125,46888787,60775639,6.2413123E-9,1.3459733E-9,0.0284290812,0.0904905497,-1.892437E-8,-1.568256E-8,78
2013-06-19,SPY,165.61,163.46,-0.012578018,118873922,90876009,103323293,80432091,7.3146858E-9,4.0404028E-9,0.0074457565,0.0266311137,-6.588293E-8,-6.3992E-8,78
2013-06-20,SPY,161.86,159.38,-0.016130889,162733436,166027821,142838951,136014760,1.0155176E-8,4.0888539E-9,0.0691047467,0.0136789181,-2.347535E-8,-2.001114E-8,78
2013-06-21,SPY,159.63,158.985,-0.003640019,138839929,136074732,123655225,113568966,1.2631124E-8,4.2196391E-9,0.1209363682,0.0964390576,-2.897528E-8,-2.907287E-8,78
2013-06-24,SPY,157.42,157.03,-0.002735284,109801520,117759267,93630664,97791641,1.0344497E-8,4.8077224E-9,0.0998988379,0.0301068508,-5.903646E-8,-5.906177E-8,78
2013-06-25,SPY,158.48,158.59,0.0010721156,83826077,83134170,70827834,71597800,1.4917219E-8,3.1827891E-9,0.0962624073,0.2251823678,-3.690581E-8,-3.689853E-8,78
2013-06-26,SPY,159.87,160.14,0.0018747662,69443057,67850651,60625153,58084695,4.1564522E-9,1.9070345E-9,0.0342423922,0.0234316863,-3.262204E-8,-3.273375E-8,78
2013-06-27,SPY,161.1,161.13,0.0001862024,65071783,66189065,58876522,56269513,1.2242683E-8,1.5320729E-9,0.029275476,0.123104965,-2.927184E-8,-2.927043E-8,78
2013-06-28,SPY,160.62,160.2,-0.003805013,82848994,80881763,76546832,64853342,5.6618058E-9,2.2553035E-9,0.0377247449,0.0044747418,-5.080707E-8,-5.222543E-8,78
2013-07-01,SPY,161.25,161.35,0.0009298002,76692818,63814518,66552715,55664759,3.1169977E-9,1.5560295E-9,0.0536481437,0.0230740072,-4.118756E-8,-4.121277E-8,78
2013-07-02,SPY,161.12,161.16,0.0002482314,98526808,63280428,87661646,55303413,5.0655862E-9,1.8938906E-9,0.0191920121,0.0193986905,-2.051332E-8,-2.131018E-8,78
2013-07-03,SPY,160.46,161.35,0.0050972946,35106542,45067790,29204345,31825819,6.1262856E-9,2.6974903E-9,0.0369293057,0.0157180418,-2.438954E-8,-2.360352E-8,42
2013-07-05,SPY,162.47,163,0.0035635329,63538506,60793969,49462225,51090812,4.7652223E-9,2.1937156E-9,0.0528887533,0.1172733994,-4.908158E-8,-5.014555E-8,78
2013-07-08,SPY,163.86,163.91,0.0004881025,55798979,55315233,46677516,48461960,2.8568561E-9,1.3283813E-9,0.0470336526,0.0207100593,-1.016407E-8,-1.018309E-8,78
2013-07-09,SPY,164.98,165.09,0.0006059505,55905253,64771245,49920382,56972932,9.3525879E-9,1.042627E-9,0.1016608588,0.0626996784,-5.328809E-9,-5.470049E-9,78
2013-07-10,SPY,164.98,165.16,0.0013931375,61685277,61559229,52015391,54454891,4.561206E-9,2.1674496E-9,0.0570926282,0.0999900837,-5.933453E-8,-6.196961E-8,78
2013-07-11,SPY,167.11,167.43,0.0023907728,67234567,71796650,57145654,66843912,2.7753321E-8,9.951579E-10,0.1325672106,0.0429218775,9.7363658E-9,9.9310726E-9,78
2013-07-12,SPY,167.39,167.7,0.0007166319,50502133,58009717,47807373,47810916,2.7258167E-9,9.389848E-10,0.0231285197,0.16469358,-1.836518E-8,-2.247657E-8,78
2013-07-15,SPY,167.97,168.19,0.0014872545,35593338,34812651,30155764,32177491,1.9422398E-9,6.276551E-10,0.1159490117,0.2426755333,1.7615844E-9,1.5441802E-9,78
2013-07-16,SPY,168.26,167.52,-0.004527051,46664881,44323259,42384624,39600859,6.6636105E-9,7.69207E-10,0.0910384588,0.0016510291,-8.063654E-9,-6.061726E-9,78
2013-07-17,SPY,168.16,167.96,-0.001130515,45240218,48658316,39927792,42977570,7.2434456E-9,1.1467108E-9,0.1571723889,0.08098574,-2.131573E-8,-2.125661E-8,78
2013-07-18,SPY,168.31,168.89,0.0033808864,49153891,57131354,45620244,48222079,7.7095502E-9,8.209594E-10,0.1278909908,0.0999351446,7.7353096E-9,9.1866352E-9,78
2013-07-19,SPY,168.52,169.17,0.0042042993,53590204,51318355,46449587,48905302,2.6837584E-9,8.119826E-10,0.1277522936,0.0613461638,-9.655953E-9,-9.113592E-9,78
2013-07-22,SPY,169.41,169.5,0.0005311145,46027267,38500651,39697717,34676603,1.9972691E-9,5.749167E-10,0.0511967753,0.1217770512,-1.484832E-8,-1.488195E-8,78
2013-07-23,SPY,169.8,169.23,-0.0038945,41906699,40110248,37162728,36030653,2.1478249E-9,5.821867E-10,0.0267984837,0.0776115774,-2.254111E-8,-2.256007E-8,78
2013-07-24,SPY,169.79,168.53,-0.007329938,61454902,54801309,49825267,53491189,2.9638221E-9,9.430205E-10,0.0730646631,0.1480316182,-1.962244E-8,-1.768469E-8,78
2013-07-25,SPY,168.22,168.95,0.0042117814,56020364,60840265,54441463,46092957,4.4782958E-9,9.758839E-10,0.0063838929,0.0718188048,-8.459177E-9,-8.113973E-9,78
2013-07-26,SPY,168.22,169.13,0.0052767442,55444668,53923352,50374182,45590427,3.0001055E-9,9.493141E-10,0.0395777662,0.0251977394,-2.277094E-8,-2.721997E-8,78
2013-07-29,SPY,168.68,168.57,-0.000889653,39666587,41556267,37087479,34844463,5.6632666E-9,8.062879E-10,0.0319476595,0.0134870577,-2.298723E-8,-2.557734E-8,78
2013-07-30,SPY,169.1,168.58,-0.00296121,41273737,44812478,35872555,39642139,4.2460203E-9,8.054664E-10,0.0315375347,0.0055581619,-3.987496E-8,-3.983499E-8,78
2013-07-31,SPY,168.96,168.61,-0.001777146,70568868,75038881,58642111,64525564,1.0849181E-8,1.6204425E-9,0.005085388,0.1917076449,-4.858253E-8,-4.96723E-8,78
2013-08-01,SPY,169.99,170.66,0.0038750636,62962320,53267919,58518950,45751256,2.3500338E-9,7.875184E-10,0.0261070671,0.0815260212,8.2793447E-9,6.5789335E-9,78
2013-08-02,SPY,170.28,170.93,0.0039269751,56083015,41889841,49886211,37835151,2.9283063E-9,7.878649E-10,0.1166145215,0.0897589952,-2.020717E-9,-3.342413E-9,78
2013-08-05,SPY,170.57,170.73,0.0013475117,31326875,24032642,29949352,21512914,3.1966264E-9,5.193795E-10,0.0338057623,0.1230502966,4.2209008E-9,3.7008921E-9,78
2013-08-06,SPY,170.37,169.75,-0.003763603,37108511,52678844,34879228,45970813,7.0961721E-9,6.18802E-10,0.0179456792,0.0699715722,7.3943538E-9,6.7626621E-9,78
2013-08-07,SPY,169.19,169.2,-0.000059107,42667117,44120465,39104149,38510589,7.0647594E-9,8.12429E-10,0.0158220885,0.0770669725,-1.393597E-8,-1.532681E-8,78
2013-08-08,SPY,169.98,169.79,-0.001000618,44405957,60033070,40087714,55917810,3.2173771E-9,7.679905E-10,0.0795199086,0.0583115673,-8.745284E-9,-8.893325E-9,78
2013-08-09,SPY,169.58,169.3,-0.001652503,46835547,46710365,42440607,39722780,3.0438472E-9,1.0696903E-9,0.0199559979,0.1406287128,-3.449103E-8,-3.57715E-8,78
2013-08-12,SPY,168.46,169.11,0.003791923,35221949,34146496,32787085,29481362,4.1731218E-9,8.737487E-10,0.0190507338,0.0056039502,-1.082594E-8,-1.069224E-8,78
2013-08-13,SPY,169.41,169.61,0.0016514306,41972604,40405026,38497070,35370055,4.2182391E-9,9.576197E-10,0.0328787609,0.0267305444,-3.280632E-8,-3.41914E-8,78
2013-08-14,SPY,169.53,168.74,-0.004670834,41079325,40157960,38843638,36159678,6.0844859E-9,1.1246409E-9,0.056316928,0.120598762,1.3160329E-9,3.0195177E-9,78
2013-08-15,SPY,167.42,166.35,-0.006892652,82932406,74649795,74944265,61982873,4.6602779E-8,1.5897463E-9,0.0219913957,0.1641184688,-8.184577E-9,-5.197261E-9,78
2013-08-16,SPY,166.06,165.88,-0.00114482,66576983,67939712,60719041,60890714,3.347631E-9,1.2340745E-9,0.0107298332,0.080253142,-1.109201E-8,-1.100962E-8,78
2013-08-19,SPY,165.64,164.77,-0.005326889,51010902,46753853,46239161,42001309,4.5059648E-9,1.0743603E-9,0.0349178453,0.0726939829,-7.581948E-9,-7.409799E-9,78
2013-08-20,SPY,165.04,165.58,0.0033269849,44362074,47026080,38885188,43633523,4.0013412E-9,9.857503E-10,0.0641341136,0.0767176577,1.2907873E-9,1.4263847E-9,78
2013-08-21,SPY,165.14,164.58,-0.003518354,88035340,72646556,81217273,62488113,7.0319072E-9,2.351132E-9,0.0579079574,0.0789674366,-3.606016E-8,-3.796184E-8,78
2013-08-22,SPY,164.9,165.99,0.0070099393,51312883,54869906,40959625,48313813,9.8169374E-9,9.978528E-10,0.0315004936,0.0040866867,8.0221367E-9,1.0846866E-8,78
2013-08-23,SPY,166.55,166.59,0.0007202449,40060435,52266986,35696779,46530354,4.8970416E-9,1.0628887E-9,0.0030674975,0.0884098262,-1.841487E-8,-1.853562E-8,78
2013-08-26,SPY,166.79,165.98,-0.004928487,42893465,52510159,38196447,45196965,8.0704409E-9,1.033231E-9,0.1351802593,0.0848602881,-1.933586E-8,-2.146927E-8,78
2013-08-27,SPY,164.36,163.32,-0.006531383,83627156,78699064,76694195,67424762,2.7992811E-8,1.771222E-9,0.0274384404,0.0112858864,-1.24418E-8,-1.058616E-8,78
2013-08-28,SPY,163.26,163.92,0.0039734747,47709493,65911892,46717100,50721728,1.0802882E-8,1.1032729E-9,0.0406711277,0.1599663402,-3.447257E-8,-3.367853E-8,78
2013-08-29,SPY,163.55,164.17,0.0040882383,51227308,70199700,45588895,62650871,4.24761E-9,1.2110588E-9,0.018522846,0.1037243296,-2.875408E-9,-2.670461E-9,78
2013-08-30,SPY,164.51,163.57,-0.005241358,76823539,61874970,64201110,54162596,5.2621691E-9,1.706701E-9,0.0920234389,0.0284751168,-4.771073E-8,-4.678158E-8,78
2013-09-03,SPY,165.26,164.38,-0.005339171,74940809,75951873,65999316,68484067,1.577344E-8,1.8588568E-9,0.0231650274,0.0517647014,-2.645852E-8,-2.673701E-8,78
2013-09-04,SPY,164.43,165.76,0.008417915,50698886,49183405,45459094,44873451,3.2302513E-9,9.38733E-10,0.0051027608,0.0970991977,-2.976977E-8,-2.923549E-8,78
2013-09-05,SPY,165.85,165.915,0.0000602936,30826270,33163231,28199221,28466027,2.6031616E-9,9.02809E-10,0.0588344982,0.0892289754,1.0609823E-8,1.0610229E-8,78
2013-09-06,SPY,166.51,165.98,-0.002826644,78780595,83663465,71905925,71644806,5.1980295E-9,1.9999666E-9,0.0345299036,0.1303598697,-6.333499E-8,-6.315527E-8,78
2013-09-09,SPY,166.44,167.64,0.0073628778,54357993,39831523,48792175,36933951,2.3159256E-9,8.304772E-10,0.0241589562,0.0663238983,-2.655239E-8,-2.601723E-8,78
2013-09-10,SPY,168.64,168.89,0.0011852556,49989384,60389859,43676544,51734566,3.3085135E-9,9.086395E-10,0.0281888928,0.2000635373,-8.322873E-9,-8.324504E-9,78
2013-09-11,SPY,168.64,169.4,0.0043194056,40478679,58139321,36487061,49621375,2.4772275E-9,7.550585E-10,0.0759939899,0.0843300561,-1.548484E-9,7.675496E-10,78
2013-09-12,SPY,169.35,168.95,-0.001832206,45733737,38892377,40948904,32887502,4.5424626E-9,8.061211E-10,0.0646655638,0.0020426396,-5.762336E-9,-4.566141E-9,78
2013-09-13,SPY,169.14,169.34,0.0011226993,33202615,40207041,30482619,32843780,3.8478139E-9,6.593131E-10,0.1252619358,0.0527865346,7.7471716E-9,7.6920689E-9,78
2013-09-16,SPY,171.16,170.31,-0.004567555,61023210,72175743,51747651,66369553,1.1377065E-8,9.314425E-10,0.0485549038,0.0051225183,-5.24144E-9,-6.389857E-9,78
2013-09-17,SPY,170.46,171.04,0.0035721644,38567156,45540472,33330533,43623090,1.8368086E-9,4.379988E-10,0.046840858,0.1848537807,-1.559612E-9,-4.91605E-10,78
2013-09-18,SPY,171.01,173.1,0.0123784815,99197875,110630833,81159810,101506360,5.6709905E-9,2.0413755E-9,0.3342895499,0.709640258,-2.900371E-8,-2.559311E-8,78
2013-09-19,SPY,173.52,172.81,-0.004100141,83392937,64366763,71613489,57357195,3.767317E-9,7.04996E-10,0.0716482016,0.1096081022,-3.541813E-9,-2.390276E-9,78
2013-09-20,SPY,172.33,170.71,-0.009972382,64995278,75421010,66629792,57550012,3.5687236E-9,8.244257E-10,0.0612268592,0.2138809268,7.0246057E-9,1.3409079E-8,78
2013-09-23,SPY,170.5,169.93,-0.003289863,57825066,48099085,52682076,43561870,3.7879844E-9,8.357351E-10,0.0508584327,0.0855067681,-3.086105E-9,-2.379593E-9,78
2013-09-24,SPY,169.91,169.53,-0.002003064,52435689,54906740,46122763,51919801,4.8678629E-9,7.565074E-10,0.0446635803,0.0686489509,-2.437581E-9,-2.564483E-9,78
2013-09-25,SPY,169.63,169.08,-0.003070204,69721346,55339739,52650424,55215707,3.839529E-9,1.6357187E-9,0.0713399647,0.0725873198,-1.845781E-8,-1.746927E-8,78
2013-09-26,SPY,169.32,169.65,0.0021828273,41023796,38301962,35168511,35770901,3.0715496E-9,9.542102E-10,0.1118559044,0.0261539048,-3.798906E-8,-3.798469E-8,78
2013-09-27,SPY,168.83,168.94,0.0007105217,57561416,46390405,42769049,49310362,5.1088907E-9,1.0546128E-9,0.034352444,0.0510816935,-1.417849E-8,-1.52812E-8,78
2013-09-30,SPY,167.48,168.01,0.0036950993,78037706,69905690,61955376,65791958,4.1944155E-9,1.6847055E-9,0.008644481,0.1106450298,-2.325728E-8,-2.638727E-8,78
2013-10-01,SPY,168.14,169.33,0.0074658165,58767191,70149406,52728977,62434263,9.5208604E-9,1.2221311E-9,0.0578222265,0.0889798656,-9.57598E-9,-1.00707E-8,78
2013-10-02,SPY,168.35,169.15,0.0045633765,67287381,46747310,62493896,40033664,3.2254916E-9,1.1736205E-9,0.0571733889,0.0574850808,-4.080039E-9,-8.509625E-9,78
2013-10-03,SPY,168.79,167.67,-0.006955826,90522617,93514090,88043648,66763980,4.8507011E-8,2.4142702E-9,0.0289794585,0.0060859055,-2.157447E-8,-1.956285E-8,78
2013-10-04,SPY,167.75,168.86,0.0067728396,48446618,49694390,40618086,46364561,2.5686283E-8,1.0600243E-9,0.0287829063,0.0893105558,-1.859186E-8,-1.594575E-8,78
2013-10-07,SPY,167.41,167.45,0.0000597318,48799322,50928250,47147071,41448993,4.2250785E-9,1.2999051E-9,0.0316871003,0.0206068883,-3.179305E-8,-3.212334E-8,78
2013-10-08,SPY,167.4,165.48,-0.011535816,102066526,78996891,89115278,69808678,4.6166591E-9,2.3503407E-9,0.0288352473,0.100866968,-4.594101E-9,-2.705746E-9,78
2013-10-09,SPY,165.81,165.58,-0.001448488,87373165,88177931,82057358,71599340,5.5695255E-9,2.897281E-9,0.0083526708,0.0083703278,6.521784E-10,9.440922E-10,78
2013-10-10,SPY,167.29,169.16,0.0115889925,102752131,97595107,82675304,88195907,8.9461229E-8,1.5823245E-9,0.0322479696,0.0430229158,8.6497575E-9,6.9568198E-9,78
2013-10-11,SPY,168.9,170.24,0.0082547639,58385431,51084447,49906801,46805781,2.7201255E-9,9.511467E-10,0.0253603324,0.0735468334,-6.9202E-10,-7.56637E-10,78
2013-10-14,SPY,169.21,170.97,0.0107569002,58100067,56926779,51816114,50944730,4.1080899E-9,1.3473732E-9,0.0065026559,0.0496787834,-3.908904E-9,-9.4352E-10,78
2013-10-15,SPY,170.52,169.71,-0.004702572,82033714,74812250,76162122,65369811,9.0751523E-9,2.4557985E-9,0.0192053103,0.188253742,-4.464341E-8,-4.564566E-8,78
2013-10-16,SPY,170.72,172.07,0.0077603447,71967134,94850957,64501425,89422099,3.3942686E-8,1.5904102E-9,0.1150046589,0.0493268791,-2.414537E-8,-2.150435E-8,78
2013-10-17,SPY,171.36,173.22,0.0107958562,67767627,63699175,60473357,60471417,1.2053633E-8,8.07713E-10,0.0500905008,0.0456438711,-3.481831E-9,-4.604345E-9,78
2013-10-18,SPY,173.86,174.37,0.0028717497,74031853,66908836,67788381,56595922,7.1336369E-9,8.24174E-10,0.0554424534,0.0158296456,3.0541523E-9,1.4704084E-9,78
2013-10-21,SPY,174.43,174.4,0.0001146526,68415362,39899429,59468767,36778583,2.7783516E-9,6.995877E-10,0.0769520079,0.0424659885,-3.34597E-9,-3.452687E-9,78
2013-10-22,SPY,174.91,175.43,0.0025124207,57065756,74191469,50492645,65963033,5.2786908E-9,1.1822302E-9,0.0023817111,0.0885373689,-1.539254E-8,-1.490813E-8,78
2013-10-23,SPY,174.81,174.62,-0.001087485,50727837,58281915,50539535,48901228,5.5028321E-9,1.201007E-9,0.0770029769,0.2793965707,-2.190169E-8,-2.204362E-8,78
2013-10-24,SPY,174.92,175.15,0.0018277364,35046626,36189823,32052455,32673191,2.9455598E-9,9.499395E-10,0.0039647278,0.0240237775,-1.185391E-8,-1.181044E-8,78
2013-10-25,SPY,175.51,175.93,0.0023901673,49565373,46113852,43969042,42326280,2.3648867E-9,8.624137E-10,0.0316198709,0.0237372953,1.0102812E-8,9.8758145E-9,78
2013-10-28,SPY,175.89,176.21,0.0019879028,48181595,41367268,38444835,38189989,3.3025358E-9,6.738998E-10,0.0610594685,0.0719775382,1.3303104E-9,2.2269216E-9,78
2013-10-29,SPY,176.63,177.22,0.0033347495,38455393,52584574,36277663,48089105,5.1115955E-9,7.313689E-10,0.0173466484,0.0998052854,-1.334314E-8,-1.533786E-8,78
2013-10-30,SPY,177.38,176.345,-0.005937085,71884820,69793594,67121252,62357366,4.223477E-9,1.7277955E-9,0.1189466684,0.0393915027,-1.950209E-8,-1.72979E-8,78
2013-10-31,SPY,176.15,175.72,-0.002387179,75544010,60443243,67145249,56264668,5.1846587E-9,1.2408776E-9,0.0890762638,0.0781997538,-2.008367E-8,-1.977437E-8,78
2013-11-01,SPY,176.03,176.15,0.0006246983,67028281,79370315,65966969,66437026,4.8632247E-9,1.2364018E-9,0.0689301095,0.0442206099,-1.566394E-9,-2.598449E-9,78
2013-11-04,SPY,176.69,176.82,0.0009616745,39049318,49983649,31532554,50415741,4.3404159E-9,6.029032E-10,0.0705235178,0.0690081546,-7.059542E-9,-7.023663E-9,78
2013-11-05,SPY,176.14,176.32,0.0007945066,46399690,40778756,43995966,36223774,9.4494911E-9,9.054534E-10,0.0094051373,0.1215667903,-9.030575E-9,-1.069582E-8,78
2013-11-06,SPY,177.03,177.15,0.0008469552,45295009,43549051,41851801,41256250,4.8110226E-9,8.222391E-10,0.0020485297,0.0858994456,-1.758196E-8,-1.815351E-8,78
2013-11-07,SPY,177.5,174.94,-0.014356078,81405717,77581300,72379799,70479658,1.3008586E-8,1.7023386E-9,0.0866947694,0.0127295769,-2.398167E-8,-1.73147E-8,78
2013-11-08,SPY,174.86,177.23,0.0139139593,72937180,65899467,64008049,61522039,3.4002776E-9,1.508006E-9,0.0019085768,0.0345651628,-3.506301E-8,-3.280102E-8,78
2013-11-11,SPY,177.13,177.3,0.0009028836,29277289,34230682,28712240,25727284,3.1917882E-9,6.477279E-10,0.0288282949,0.0951536671,-1.078961E-8,-1.332191E-8,78
2013-11-12,SPY,176.94,176.98,0.0001130263,41684398,43353682,40764214,37282019,4.358595E-9,9.680681E-10,0.0140040632,0.1037733725,-4.085328E-8,-4.215754E-8,78
2013-11-13,SPY,176.09,178.36,0.0125844611,48682979,56606874,43723609,52630961,8.3784444E-9,8.407938E-10,0.0595339946,0.1080801922,-2.164187E-8,-2.264442E-8,78
2013-11-14,SPY,178.54,179.31,0.0043592535,51348312,53171636,47169960,49911287,2.7870769E-9,1.0291913E-9,0.0916476007,0.0046218466,-8.124488E-9,-7.558673E-9,78
2013-11-15,SPY,179.57,180.06,0.0030581914,52244027,53686941,50300563,50168716,2.0970944E-9,5.317329E-10,0.1228207321,0.0621721381,-2.732701E-9,-2.939342E-9,78
2013-11-18,SPY,180.35,179.47,-0.004724199,57223067,52438964,52383826,49569424,2.7378705E-9,7.811202E-10,0.0333879927,0.0649753003,-6.820941E-9,-1.052454E-8,78
2013-11-19,SPY,179.32,179.04,-0.00161853,48488610,46670277,42903467,43846689,3.585021E-9,1.2564615E-9,0.0713832201,0.2008219773,-1.593431E-8,-1.580914E-8,78
2013-11-20,SPY,179.41,178.44,-0.005029067,62310275,63335898,56036495,58743195,5.4875327E-9,1.9875513E-9,0.0333510704,0.1137008324,-2.540043E-8,-2.673703E-8,78
2013-11-21,SPY,178.97,179.88,0.0055719763,55262662,44873001,45115355,42944640,1.1247268E-8,7.680301E-10,0.015342681,0.0546607857,-9.745563E-9,-8.19441E-9,78
2013-11-22,SPY,179.97,180.76,0.0046565858,45251377,40221915,40280532,38576504,3.8813311E-9,5.695788E-10,0.051662924,0.0841912,-6.103239E-9,-2.801218E-9,78
2013-11-25,SPY,181.13,180.655,-0.002321469,48205566,34575246,41857269,35787678,2.0908331E-9,4.891501E-10,0.0524365856,0.1114286385,4.0186651E-9,5.3080706E-9,78
2013-11-26,SPY,180.73,180.69,-0.000498104,37943979,51750511,33802673,46522675,6.4813356E-9,4.575569E-10,0.0679220016,0.0676781616,-5.469849E-9,-5.821604E-9,78
2013-11-27,SPY,180.88,181.14,0.001325967,27703596,32178112,28064910,27772016,3.1154083E-9,4.1571E-10,0.068675498,0.1210573599,-7.738811E-9,-8.648596E-9,78
2013-11-29,SPY,181.32,180.91,-0.001766395,32898623,26543738,27463641,23529751,3.8500268E-9,5.914122E-10,0.0035801575,0.0147423993,6.828874E-10,-3.45134E-10,42
2013-12-02,SPY,181.09,180.53,-0.003041785,55235107,45761574,52304561,43183804,3.2008508E-9,7.044173E-10,0.1418111421,0.0052720932,-1.98816E-9,-2.0376E-9,78
2013-12-03,SPY,179.94,179.88,-0.000500292,63615685,61193985,65609288,43804157,1.8920015E-8,9.752626E-10,0.017148895,0.0356894985,-2.191334E-8,-2.290855E-8,78
2013-12-04,SPY,179.1,179.7,0.0031775259,64978296,60891587,60056599,52090772,1.2447973E-8,1.4862847E-9,0.1107358411,0.0716083131,-6.372526E-8,-7.072216E-8,78
2013-12-05,SPY,179.41,178.99,-0.002232019,65622800,46035583,58444100,41745156,3.9920232E-9,1.4711632E-9,0.0055217475,0.0109152023,-3.402074E-8,-3.48385E-8,78
2013-12-06,SPY,180.66,180.93,0.0016039383,62312382,67094843,50525551,64889715,5.0665657E-8,9.560266E-10,0.0265311616,0.029581904,-5.448826E-9,-5.13516E-9,78
2013-12-09,SPY,181.47,181.38,-0.000385813,32584597,38689110,28609982,34602810,6.9819946E-9,4.866067E-10,0.049935037,0.098455442,-1.956272E-8,-1.98985E-8,78
2013-12-10,SPY,180.98,180.77,-0.001271667,38445246,43496973,34608062,38626180,2.7152253E-9,6.210102E-10,0.0597786391,0.0390241395,-1.043819E-8,-1.073584E-8,78
2013-12-11,SPY,180.81,178.68,-0.011626421,80151891,54553844,70083844,47734527,2.2648598E-8,1.0559494E-9,0.0368534422,0.1105167546,-3.371887E-8,-2.890613E-8,78
2013-12-12,SPY,178.63,178.18,-0.002803007,60469424,56595490,54201676,47426687,3.0748716E-9,1.053196E-9,0.0365251652,0.0763099907,-1.211584E-8,-1.168587E-8,78
2013-12-13,SPY,178.5,178.11,-0.002187264,63227104,46468464,53853626,41058132,2.4873364E-9,9.207144E-10,0.0060283188,0.072513568,-2.987913E-8,-2.985239E-8,78
2013-12-16,SPY,178.94,179.2,0.0015635473,50732220,50295743,43567354,45992908,9.1779792E-9,8.658643E-10,0.007057011,0.0800332311,-4.074432E-8,-4.067278E-8,78
2013-12-17,SPY,179.36,178.63,-0.004582294,48734270,43419275,43678908,38104543,3.7340045E-9,8.602947E-10,0.0020809691,0.0164657385,-2.676727E-9,-7.88228E-10,78
2013-12-18,SPY,178.92,181.7,0.0154181968,120049156,120279507,106854946,114010878,6.7685185E-9,3.4354051E-9,0.1691212215,0.0247365658,-6.026681E-8,-5.815322E-8,78
2013-12-19,SPY,181.19,181.525,0.0017094493,78164642,60870257,73048413,53285389,3.6356567E-9,8.97807E-10,0.0251117633,0.1004857367,8.5445594E-9,8.3070807E-9,78
2013-12-20,SPY,180.67,181.55,0.0050241652,89944465,116901673,80469186,112349747,3.7910245E-9,6.167311E-10,0.0000149867,0.1286680735,-9.069089E-9,-8.115966E-9,78
2013-12-23,SPY,182.41,182.46,0.0007124264,50712337,42468912,42067383,40670944,6.2323631E-9,4.883093E-10,0.0870417229,0.1035861941,-9.136123E-9,-9.167648E-9,78
2013-12-24,SPY,182.54,182.96,0.0021342389,20334032,26245959,17440809,25627788,4.8407243E-9,3.033248E-10,0.0094839293,0.1836366307,1.0602522E-9,1.9570442E-9,42
2013-12-26,SPY,183.33,183.87,0.0027780065,29617629,34816187,26812782,32701647,1.528626E-9,3.411507E-10,0.0449211959,0.1183608193,-1.313248E-8,-1.220307E-8,78
2013-12-27,SPY,184.1,183.83,-0.001413274,32028309,30754041,29578067,28392447,2.0678198E-9,3.544757E-10,0.1562881185,0.1481760624,-1.460003E-8,-1.448663E-8,78
2013-12-30,SPY,183.87,183.81,-0.000271968,33610529,24184393,32291190,21512598,1.6689736E-9,3.393373E-10,0.1006303238,0.1405210998,-7.787679E-9,-8.594576E-9,78
2013-12-31,SPY,184.07,184.56,0.0032543284,40335897,48304455,34476227,47132735,2.5229436E-9,3.158279E-10,0.156953172,0.316617671,-6.283352E-9,-5.114928E-9,78
2014-01-02,SPY,183.98,182.95,-0.005778157,68818369,52556866,67045835,46504463,8.1999417E-9,1.146078E-9,0.0165845851,0.0432358125,-8.666724E-9,-6.802665E-9,78
2014-01-03,SPY,183.21,182.8,-0.001802836,44780227,37688202,41694865,33253460,4.3060771E-9,6.739249E-10,0.0200261744,0.0720728643,-1.792546E-8,-1.766383E-8,78
2014-01-06,SPY,183.47,182.4,-0.006068411,58054243,51737392,54905221,45965838,5.8297949E-9,1.111263E-9,0.0064243614,0.0018841745,-2.647014E-8,-2.72547E-8,78
2014-01-07,SPY,183.09,183.44,0.0018552881,36413336,51481774,33288060,49327375,6.3516415E-9,6.414602E-10,0.0980610075,0.0964595252,-1.679414E-8,-1.659589E-8,78
2014-01-08,SPY,183.45,183.53,0.0003815026,51891275,45670482,47973330,42257617,2.8372679E-9,1.2133052E-9,0.021086284,0.0475195547,-1.488028E-8,-1.602895E-8,78
2014-01-09,SPY,184.1,183.63,-0.002501769,46469568,45843246,42168370,43504621,3.9249297E-9,9.729331E-10,0.0201309613,0.0632045801,-6.65741E-10,-2.61598E-10,78
2014-01-10,SPY,183.97,184.07,0.000923637,50943277,52746523,45307306,48659089,3.3423927E-9,1.0859744E-9,0.0339762273,0.1543080081,-2.10118E-8,-2.110168E-8,78
2014-01-13,SPY,183.71,181.72,-0.011221619,75857766,77452897,72133225,64616206,3.2574521E-9,1.2623879E-9,0.0511521155,0.0813722817,-2.157375E-8,-1.515317E-8,78
2014-01-14,SPY,182.28,183.68,0.0078688931,57953541,49567963,52420472,47350953,5.7889757E-9,9.387305E-10,0.0209519562,0.1638509185,-1.698012E-8,-1.188569E-8,78
2014-01-15,SPY,184.1,184.67,0.0031996556,46754830,53039518,44267813,48384718,6.6354114E-9,8.140652E-10,0.0277514475,0.0609266004,-7.28981E-10,-1.35775E-10,78
2014-01-16,SPY,184.26,184.4,0.000705276,38738790,36457702,35729051,31754417,6.079327E-9,7.270387E-10,0.0398632238,0.0300481267,-1.347068E-8,-1.608033E-8,78
2014-01-17,SPY,184.1,183.61,-0.002447316,68033784,42845617,64631675,38298010,2.6777659E-9,6.884071E-10,0.0267413542,0.0019955945,-8.635673E-9,-7.955901E-9,78
2014-01-21,SPY,184.7,184.19,-0.002819347,45937113,44100698,44482293,38979926,4.872059E-9,9.626668E-10,0.1041887841,0.0307869245,-2.922446E-8,-2.928097E-8,78
2014-01-22,SPY,184.49,184.35,-0.001030397,30023862,32199006,29593444,28214551,2.6617571E-9,7.167418E-10,0.0556934919,0.1402833217,-1.944299E-8,-2.309569E-8,78
2014-01-23,SPY,183.36,182.78,-0.003113481,76431989,57604905,69435854,54579448,1.3353007E-7,1.3722111E-9,0.0282559278,0.0478021443,-1.221824E-8,-1.240106E-8,78
2014-01-24,SPY,181.6,178.89,-0.015370832,111833219,99615295,107087324,85526695,5.420703E-8,2.1052904E-9,0.0287460556,0.1822273532,1.3133764E-8,2.8848938E-8,78
2014-01-27,SPY,179.06,178.01,-0.005881217,95014506,87423048,83118548,80820853,6.3267839E-9,2.8754698E-9,0.0246406346,0.0509917052,-6.447654E-9,-1.026881E-8,78
2014-01-28,SPY,178.16,179.07,0.0052622861,55357568,57972295,47031908,52756260,4.0688911E-9,1.4992087E-9,0.0184224426,0.0188445456,-1.021848E-8,-1.170039E-8,78
2014-01-29,SPY,177.56,177.32,-0.001578176,115081005,103411549,105503581,88426511,2.0263738E-8,4.2187545E-9,0.072187488,0.0858084556,-4.474247E-8,-5.293695E-8,78
2014-01-30,SPY,178.86,179.32,0.0020665203,59300648,62320256,51935921,57172028,2.944515E-9,1.5021746E-9,0.0532521318,0.0464240623,-2.070451E-8,-2.029254E-8,78
2014-01-31,SPY,177.02,178.1,0.0065315548,113736275,84193964,101524456,78230207,2.5691374E-8,2.1309056E-9,0.0892784219,0.1065836274,-2.390029E-8,-3.550795E-8,78
2014-02-03,SPY,177.95,174.17,-0.021585615,135381928,124128693,125984160,104718637,5.779061E-9,3.1367655E-9,0.0283202942,0.1742805788,-2.999811E-8,-2.164729E-8,78
2014-02-04,SPY,174.96,175.39,0.0022836274,72303976,96605347,68324911,85574072,1.0787349E-8,2.3414948E-9,0.0118200098,0.0349161646,-1.60275E-8,-1.584961E-8,78
2014-02-05,SPY,174.79,175.14,0.0021716776,87775975,77866252,81671460,71205336,4.8765703E-9,2.7139131E-9,0.0672988435,0.1967982499,-3.692188E-8,-3.992442E-8,78
2014-02-06,SPY,175.58,177.42,0.010763147,64439290,70784708,58787866,65410229,2.4362877E-8,1.289788E-9,0.0240212348,0.1193903307,-1.806939E-8,-1.362238E-8,78
2014-02-07,SPY,178.31,179.69,0.0079877537,77678380,95205593,71774379,85798850,1.2776951E-8,1.560582E-9,0.0429086602,0.0044431738,-2.002177E-8,-1.928434E-8,78
2014-02-10,SPY,179.7,180,0.0017236111,44317819,49133766,42993457,44201893,3.5814648E-9,1.1979575E-9,0.1232034385,0.1044054047,-8.938824E-9,-9.589244E-9,78
2014-02-11,SPY,180.16,181.95,0.010051446,60299714,59221756,54034267,55637004,2.8142044E-9,1.1811385E-9,0.0686779467,0.0987659705,-2.12655E-8,-1.884874E-8,78
2014-02-12,SPY,182.22,182.08,-0.000329327,48486779,47428523,43644163,43611823,3.6044772E-9,1.1188278E-9,0.0310674333,0.0662215016,-8.554057E-9,-8.530665E-9,78
2014-02-13,SPY,180.85,183.05,0.0118181944,49814726,51673251,42725326,45188174,2.8961712E-9,9.783019E-10,0.0618953165,0.0386341451,-8.242988E-9,-1.020361E-8,78
2014-02-14,SPY,182.84,184.01,0.0063786505,49807413,48259316,43144762,42683213,8.081159E-9,8.66533E-10,0.0008583925,0.0814123289,5.9645172E-9,7.3081613E-9,78
2014-02-18,SPY,184.19,184.2401,0.0003799701,38340288,44165250,30724304,39218983,3.52637E-9,7.801759E-10,0.0207544974,0.0847000042,-8.810162E-9,-8.894704E-9,78
2014-02-19,SPY,183.76,183.02,-0.003871219,68964536,59072242,61030618,49516005,6.1618625E-9,1.505775E-9,0.0683508906,0.0798590645,-2.54184E-8,-2.573153E-8,78
2014-02-20,SPY,183.27,184.16,0.0045186129,49591298,57624701,45258393,46608535,4.3456227E-9,1.3243395E-9,0.0212938636,0.1520212449,-2.231704E-8,-2.295614E-8,78
2014-02-21,SPY,184.49,183.91,-0.002876919,61518573,61380873,49494297,54098692,5.2586683E-9,1.0768578E-9,0.0583576784,0.0689115585,5.2862515E-9,4.6895684E-9,78
2014-02-24,SPY,184.28,184.98,0.0034128802,49902947,65889363,41010846,54598563,7.7947956E-9,9.275002E-10,0.0560944413,0.1060010156,-4.254005E-9,-2.329168E-9,78
2014-02-25,SPY,185.03,184.8,-0.001027388,59834653,60182966,47181247,51866497,3.8554788E-9,1.4226622E-9,0.0069137541,0.1157467478,-2.849392E-8,-2.865896E-8,78
2014-02-26,SPY,185.12,184.83,-0.001459578,49553499,50836391,39057777,42143468,5.0446224E-9,1.4530177E-9,0.0433573861,0.0549097642,-7.588111E-9,-8.236659E-9,78
2014-02-27,SPY,184.58,185.84,0.0069645308,47158043,48249829,37964242,42253071,3.7979321E-9,1.4022672E-9,0.0289605271,0.0084232317,-3.837185E-9,4.371002E-10,78
2014-02-28,SPY,185.78,186.33,0.0027950996,77854498,77809832,54202942,66766284,5.4181631E-9,1.4923816E-9,0.04486299,0.1683784514,-1.070369E-8,-9.821609E-9,78
2014-03-03,SPY,184.69,184.93,0.0015689672,96641359,74230707,78212537,58190378,1.0982695E-8,2.6999473E-9,0.1056711384,0.0712771165,-2.901819E-9,-5.032199E-9,78
2014-03-04,SPY,186.75,187.69,0.0044345971,83980329,87782377,72966537,68870751,2.7528436E-9,1.2533276E-9,0.0403151133,0.0156379375,-4.833986E-9,-3.413902E-9,78
2014-03-05,SPY,187.72,187.73,-0.000586151,42880251,48251601,39389513,38997458,2.6914466E-9,1.0605732E-9,0.0838045111,0.0775027281,-8.503112E-9,-8.905024E-9,78
2014-03-06,SPY,188.21,188.18,0,42169798,41582017,32900374,36671021,2.3951602E-9,7.197357E-10,0.0743499046,0.1603253441,-5.10902E-10,-7.13315E-10,78
2014-03-07,SPY,188.86,188.21,-0.003182014,66651465,54812074,56804839,46443240,3.2067633E-9,1.469947E-9,0.0388308706,0.0538675019,-2.847097E-8,-2.865868E-8,78
2014-03-10,SPY,187.94,188.18,0.0014355977,42501265,34429092,37230513,29105034,3.8076374E-9,1.0708005E-9,0.0565998967,0.0104388837,-7.63733E-9,-8.820138E-9,78
2014-03-11,SPY,188.44,187.2,-0.006441846,53176430,47810260,44136321,40533513,2.8374278E-9,1.2822624E-9,0.0196376356,0.0994242961,-5.443007E-9,-7.849881E-9,78
2014-03-12,SPY,186.31,187.26,0.0051928702,54892368,51368727,43570487,45158031,4.5047639E-9,1.4137567E-9,0.0288792838,0.0023157506,2.3443705E-8,2.3606781E-8,78
2014-03-13,SPY,187.84,185.19,-0.014262212,81861802,75608343,69768686,61529977,4.3932468E-9,2.0582498E-9,0.0311966583,0.0202949251,-5.544224E-9,8.661012E-10,78
2014-03-14,SPY,184.79,184.61,-0.000703749,82182685,72811132,67926023,58565543,4.9318736E-9,2.4614953E-9,0.1157295587,0.1340372377,-1.002306E-8,-9.92965E-9,78
2014-03-17,SPY,185.59,186.34,0.0039793556,51214560,48413159,46134717,42504247,3.2521091E-9,1.2586021E-9,0.030920954,0.0654213925,-4.480185E-8,-4.409815E-8,78
2014-03-18,SPY,186.68,187.69,0.0052358938,48454600,54640884,41670338,49470414,4.494876E-9,1.0913229E-9,0.0497282338,0.0438068229,-5.188272E-9,-3.44302E-9,78
2014-03-19,SPY,187.7,186.68,-0.005556163,106541465,71976741,100860540,59477775,6.6198267E-9,2.2311486E-9,0.0048193352,0.0750583255,-3.50112E-8,-3.646214E-8,78
2014-03-20,SPY,186.25,187.76,0.0080214334,52491414,67260654,45881957,59649547,6.5843485E-9,1.1873059E-9,0.0633537632,0.1205912175,-1.220439E-8,-7.466062E-9,78
2014-03-21,SPY,187.72,186.21,-0.008183833,83437799,81497110,77236754,70568009,2.892336E-9,1.3647547E-9,0.1008460873,0.1481792836,1.6103976E-9,-8.08865E-10,78
2014-03-24,SPY,186.81,185.41,-0.007576404,58937681,63263743,52149922,54086359,3.8879652E-9,1.8811993E-9,0.0744188427,0.1773496596,2.2401638E-8,2.8452094E-8,78
2014-03-25,SPY,186.37,186.34,-0.000321992,49691470,56337875,45088086,49561207,5.3251265E-9,1.5421492E-9,0.0576459,0.0868277023,1.8428642E-8,1.8532434E-8,78
2014-03-26,SPY,187.03,184.96,-0.011075382,64738705,56390923,58028730,48739354,3.6372687E-9,2.0817732E-9,0.0404992099,0.0237203591,-2.291275E-8,-1.823608E-8,78
2014-03-27,SPY,184.77,184.62,-0.001028835,72391598,74468070,65031895,65247342,5.3351123E-9,2.5638762E-9,0.0260964588,0.0568458815,-1.409969E-8,-1.40847E-8,78
2014-03-28,SPY,185.11,185.48,0.0021046391,48731512,54095537,43247404,49083718,1.4043126E-8,1.407126E-9,0.0659473529,0.1256896017,-1.223631E-8,-1.224506E-8,78
2014-03-31,SPY,186.65,187.02,0.0020872924,54178960,47618011,47900791,44876991,2.5843713E-9,1.1462947E-9,0.0184399704,0.1034556987,-1.35291E-8,-1.345292E-8,78
2014-04-01,SPY,187.62,188.25,0.003458462,43024093,47592470,39275566,42795763,5.6283552E-9,8.099949E-10,0.0664475067,0.1182318802,-1.266157E-8,-1.234947E-8,78
2014-04-02,SPY,188.5,188.88,0.0019079929,38188502,41437515,33482305,38989051,2.994328E-9,9.137404E-10,0.0068601355,0.0775048589,1.7520694E-8,1.8605261E-8,78
2014-04-03,SPY,189.17,188.63,-0.003017711,36811192,42059039,34496857,36833579,2.2976303E-9,9.705023E-10,0.0282076804,0.0809667314,2.2749689E-9,2.4936653E-9,78
2014-04-04,SPY,189.64,186.39,-0.017339938,84652933,87017714,78199734,77178021,1.5866528E-8,2.3441918E-9,0.063851071,0.1911348332,-1.710777E-8,-1.224666E-8,78
2014-04-07,SPY,185.9,184.31,-0.008427016,80832932,64229959,75035593,58815461,3.432265E-9,2.0113478E-9,0.0270082927,0.0687495749,-2.074955E-8,-1.800198E-8,78
2014-04-08,SPY,184.21,185.11,0.0049818698,57965918,56291488,52295156,53191120,3.2438925E-9,1.7683364E-9,0.0570519764,0.0774273543,-3.484576E-8,-3.668338E-8,78
2014-04-09,SPY,185.6,187.12,0.008316614,50900734,50849456,44457377,47978266,4.272184E-9,1.4382243E-9,0.0446911485,0.0273011166,-2.213575E-8,-2.106292E-8,78
2014-04-10,SPY,187.09,183.15,-0.021175101,91136455,83108994,84169077,75326686,4.0645443E-8,2.3598653E-9,0.1064633361,0.0352001116,-1.556814E-8,-3.863017E-9,78
2014-04-11,SPY,182.17,181.48,-0.003794862,84428240,84471645,77786002,76466210,7.9895412E-9,3.0079527E-9,0.0122805443,0.0993260021,-3.317737E-8,-3.273215E-8,78
2014-04-14,SPY,182.93,182.95,0.0000546642,60570052,74404158,53656254,66186884,2.3996516E-8,2.0943828E-9,0.0122713807,0.0599919155,-2.126866E-8,-2.190129E-8,78
2014-04-15,SPY,183.32,184.23,0.0050059959,79011841,79257818,70824629,73828289,5.9186054E-9,3.7507707E-9,0.0261630001,0.0521282128,-3.042095E-8,-2.989028E-8,78
2014-04-16,SPY,185.47,186.13,0.0036059349,56710982,51572509,47385316,48313042,3.3608036E-9,1.9921853E-9,0.0874472415,0.0238720419,-3.949108E-9,-4.70746E-9,78
2014-04-17,SPY,185.88,186.39,0.0027399485,51084514,55207497,46722010,51124722,4.8141223E-9,1.3602322E-9,0.0871414016,0.0393106815,-1.127809E-8,-1.092439E-8,78
2014-04-21,SPY,186.44,187.05,0.0032130262,30914593,46009468,28254280,38899658,2.578876E-9,7.016619E-10,0.1080636214,0.0489050018,2.8287569E-9,5.4246144E-9,78
2014-04-22,SPY,187.23,187.86,0.0035188776,44481340,43161732,36635640,43602037,1.7350571E-9,6.454765E-10,0.0755008349,0.0737300886,-9.486537E-9,-9.748341E-9,78
2014-04-23,SPY,187.81,187.46,-0.001972019,38199960,37662945,34776291,31993057,2.5786262E-9,8.108199E-10,0.0317698187,0.0028674931,2.39396E-10,1.816212E-9,78
2014-04-24,SPY,188.37,187.82,-0.0029773,41430771,48101998,37885951,44147179,8.3682815E-9,1.5058103E-9,0.0186119968,0.0017653257,2.6890113E-8,2.6320328E-8,78
2014-04-25,SPY,187.21,186.31,-0.004926382,49999975,51445527,48645149,45227407,4.9806321E-9,1.3818055E-9,0.014199285,0.0059900467,8.732934E-10,4.418704E-9,78
2014-04-28,SPY,187.05,186.9,-0.000909261,60237376,78277174,60638145,66370099,5.968859E-9,1.9572097E-9,0.0008538201,0.1646683456,-3.339152E-8,-3.340232E-8,78
2014-04-29,SPY,187.48,187.73,0.0011727705,41410905,45264154,39181498,40621696,2.7528421E-9,1.1661557E-9,0.0057327859,0.0331458268,-1.876378E-8,-1.98756E-8,78
2014-04-30,SPY,187.44,188.39,0.0052677909,51775475,52525203,46952626,47551266,4.4102565E-9,1.4984895E-9,0.0800659952,0.0302394277,-3.795457E-8,-4.375713E-8,78
2014-05-01,SPY,188.22,188.32,0.0003718361,43687177,51499123,43854247,45052816,2.4125652E-9,9.386894E-10,0.1024708277,0.0376969629,1.2332398E-9,1.0268903E-9,78
2014-05-02,SPY,188.31,188.07,-0.00132848,53633427,45344426,49461296,41385833,4.4022143E-9,1.7354332E-9,0.0559166131,0.0325844872,-9.505208E-9,-9.348765E-9,78
2014-05-05,SPY,187.14,188.44,0.006922654,44285848,35483042,36529306,33515991,2.7544829E-9,9.178273E-10,0.0306594266,0.0709015207,6.0966902E-9,2.272986E-11,78
2014-05-06,SPY,188,186.82,-0.006349905,47646728,38831291,45790203,36050735,6.2553907E-9,1.1479704E-9,0.0264133171,0.0656142327,1.3383457E-8,1.8368408E-8,78
2014-05-07,SPY,187.43,187.9,0.0024512428,51487945,55989825,47914115,50662412,4.7692342E-9,1.793506E-9,0.0533667744,0.0496091729,4.430567E-9,4.0664641E-9,78
2014-05-08,SPY,187.67,187.69,0.0001598423,47225922,47156566,42957248,44604987,4.4602897E-9,1.5213656E-9,0.0375878872,0.1016385506,-1.382996E-8,-1.38325E-8,78
2014-05-09,SPY,187.69,188.02,0.0016502972,40936144,43763570,37061421,41262394,2.7174463E-9,1.5185634E-9,0.0297288795,0.0773441927,-3.448484E-9,-3.165526E-9,78
2014-05-12,SPY,188.76,189.78,0.005547205,40044225,49001953,36151071,47066209,7.7701664E-9,6.677352E-10,0.0555710555,0.1068005583,-1.374288E-8,-1.240844E-8,78
2014-05-13,SPY,190.01,189.95,-0.000263179,31711824,35337671,29093901,33267338,2.3188968E-9,8.031366E-10,0.0161980073,0.068384031,-8.247738E-9,-8.238922E-9,78
2014-05-14,SPY,189.79,189.05,-0.003959565,37377576,36633548,36307212,32579514,2.5863291E-9,8.765369E-10,0.0420348212,0.0756507813,5.0369453E-9,8.1460021E-9,78
2014-05-15,SPY,188.67,187.39,-0.006754087,83031912,72887642,78577898,66813683,4.8647009E-8,1.622923E-9,0.0452779456,0.14983753,-1.342133E-8,-1.052113E-8,78
2014-05-16,SPY,187.51,188.08,0.0031947208,46638486,51806844,45591699,46876992,2.5729617E-9,1.148291E-9,0.0322890055,0.1238881032,-1.213533E-8,-1.263422E-8,78
2014-05-19,SPY,187.69,188.74,0.0053667867,27116467,38208709,26806232,34923629,3.4608038E-9,7.430571E-10,0.0060055659,0.0377428305,3.4108151E-9,1.6111814E-9,78
2014-05-20,SPY,188.645,187.53,-0.005821465,70108053,46576892,60980740,44277841,8.266111E-9,1.2039543E-9,0.0035143884,0.0357724944,-1.947531E-8,-1.757854E-8,78
2014-05-21,SPY,188.1,189.12,0.005460873,49849391,43033887,40540639,44700148,2.7829083E-9,9.134965E-10,0.0331597036,0.0525083078,-3.241886E-9,-3.139256E-9,78
2014-05-22,SPY,189.18,189.595,0.002217647,30213452,32139096,26802088,31631947,2.4946803E-9,5.854257E-10,0.0048371224,0.0979004844,-2.449956E-9,-1.804165E-9,78
2014-05-23,SPY,189.75,190.37,0.0033146585,32690755,28190265,30455623,26601876,3.5430733E-9,4.093191E-10,0.0187746105,0.2155272923,-4.676279E-9,-2.988814E-9,78
2014-05-27,SPY,191.05,191.54,0.0027181032,43131759,32006617,40362344,30258967,1.52034E-9,4.207759E-10,0.0793486982,0.0960851323,-7.901429E-9,-7.887706E-9,78
2014-05-28,SPY,191.52,191.35,-0.000731261,31639655,36262127,28035610,34470491,2.3308472E-9,5.481006E-10,0.0168269719,0.0045353906,-1.583573E-8,-1.806794E-8,78
2014-05-29,SPY,191.82,192.38,0.0030191059,32910747,32594313,29107906,32605686,1.5143382E-9,4.517146E-10,0.0733289185,0.0010693737,-8.90738E-10,2.0052668E-9,78
2014-05-30,SPY,192.18,192.65,0.0023388176,40338346,37358194,39577208,32835993,1.9776588E-9,5.10606E-10,0.1277106236,0.054122857,-1.773414E-8,-1.751675E-8,78
2014-06-02,SPY,192.95,192.9,-0.000207329,30947575,34994337,28408598,32011271,2.1665771E-9,5.718318E-10,0.0120845214,0.0693431951,-3.12303E-8,-3.140627E-8,78
2014-06-03,SPY,192.4,192.81,0.0021287098,39282855,26853425,36714870,24506768,4.0938096E-9,3.834361E-10,0.0089346796,0.0894715891,4.135832E-10,-1.47439E-9,78
2014-06-04,SPY,192.46,193.17,0.0037858207,24904572,31426772,21557785,31254198,3.4144053E-9,3.746127E-10,0.0069781565,0.0610172943,5.1629562E-9,7.2418478E-9,78
2014-06-05,SPY,193.41,194.45,0.0054141984,53873347,43872251,50967719,40774374,2.236824E-9,7.699654E-10,0.0299471253,0.0075698098,5.1458555E-9,3.7564797E-9,78
2014-06-06,SPY,194.87,195.38,0.0027672458,36223427,43726196,33016594,41876993,4.0575482E-9,3.928331E-10,0.0647244359,0.1042935413,2.3172798E-8,2.4655229E-8,78
2014-06-09,SPY,195.35,195.58,0.0011255501,29562210,36547299,29124095,33308324,1.7353284E-9,3.633102E-10,0.0443525956,0.0301067559,2.6430112E-9,2.4418202E-9,78
2014-06-10,SPY,195.33,195.6,0.0013301956,27855537,29971853,26731133,27607238,3.5299729E-9,3.951127E-10,0.0245237172,0.0377518722,-3.833736E-9,-4.417498E-9,78
2014-06-11,SPY,194.9,194.94,0.0001026115,38818910,32228005,38010058,28421686,9.9052132E-9,4.499291E-10,0.0079758225,0.2287799903,6.1631366E-9,6.2438145E-9,78
2014-06-12,SPY,194.65,193.53,-0.005718865,64614483,46092708,54862239,42158016,5.5995424E-9,6.893513E-10,0.0280543164,0.029230068,-1.228863E-8,-9.92098E-9,78
2014-06-13,SPY,193.9,194.14,0.0013399992,42568402,40856403,39682352,38868517,3.191327E-9,6.674012E-10,0.0598809108,0.132073618,7.9064359E-9,8.1874446E-9,78
2014-06-16,SPY,193.89,194.3,0.0020609003,34228969,55713172,33410834,52701259,4.396561E-9,6.051974E-10,0.0210244166,0.0629854063,-8.000153E-9,-7.529609E-9,78
2014-06-17,SPY,194.02,194.82,0.0041661369,42493729,47658970,34955409,46858442,4.1006937E-9,6.698284E-10,0.0091667991,0.0304592196,-7.986559E-9,-5.520345E-9,78
2014-06-18,SPY,194.83,196.25,0.0073129273,49814212,56404343,46218558,53806970,6.255898E-9,1.06026E-9,0.100614181,0.1450558911,-1.313964E-8,-1.087401E-8,78
2014-06-19,SPY,196.43,196.49,0.0002545112,43478430,43194530,42864531,37294733,2.1677824E-9,5.46891E-10,0.0597628698,0.10266773,-2.461049E-9,-3.026355E-9,78
2014-06-20,SPY,196.03,195.95,-0.000459219,48562856,54756637,47364815,48993644,4.9351669E-9,3.497664E-10,0.1331759208,0.0491242108,-5.437662E-9,-5.432112E-9,78
2014-06-23,SPY,195.97,195.89,-0.000459359,40812193,32956299,39825275,29970627,1.8731114E-9,4.261675E-10,0.0198615242,0.0706938925,-1.077636E-8,-1.09245E-8,78
2014-06-24,SPY,195.53,194.7,-0.004202548,48888553,48462277,45657905,45081425,3.0768342E-9,6.238182E-10,0.0973993831,0.1380043854,-2.596144E-8,-2.510466E-8,78
2014-06-25,SPY,194.25,195.56,0.0068235136,41642419,42770372,38150827,40515681,8.8005545E-9,7.896988E-10,0.0248417508,0.086612761,-1.31138E-8,-1.10955E-8,78
2014-06-26,SPY,195.61,195.44,-0.000818289,40798587,44139467,38984059,40720593,2.1485213E-9,8.941023E-10,0.0334365534,0.1163964655,-3.198714E-8,-3.219387E-8,78
2014-06-27,SPY,194.98,195.8,0.0041456671,40036541,32809265,36208759,32107282,1.8559882E-9,5.587627E-10,0.1032149203,0.0044596589,-3.291404E-8,-3.650321E-8,78
2014-06-30,SPY,195.7,195.71,0.000102192,35354862,36551964,33032348,34715290,1.9992923E-9,5.62062E-10,0.0203257121,0.1207846996,1.2744039E-8,1.2957898E-8,78
2014-07-01,SPY,196.19,197.06,0.0044246735,44821085,47606185,40876014,42950105,8.3212414E-9,5.593181E-10,0.0822935825,0.153951923,-1.284395E-8,-1.192947E-8,78
2014-07-02,SPY,197.05,197.24,0.0008623533,24294065,29742827,22603216,27719557,1.6586974E-9,4.7204E-10,0.0153610033,0.1499810407,-6.634373E-9,-6.558707E-9,78
2014-07-03,SPY,197.79,198.24,0.0023229987,31133152,22923428,27338696,21471100,1.7513876E-9,5.392653E-10,0.0751551504,0.0267950125,4.8320163E-9,4.402926E-9,42
2014-07-07,SPY,197.82,197.54,-0.00156831,28008825,39171084,26832163,27361634,1.7398742E-9,4.781603E-10,0.0238333521,0.0769883063,2.73839E-10,6.210351E-10,78
2014-07-08,SPY,197.15,196.27,-0.004422649,53403179,57051253,47232114,54054021,1.0764018E-8,8.215125E-10,0.00033932,0.0227425565,-1.556153E-8,-1.502692E-8,78
2014-07-09,SPY,196.73,197.13,0.0019804501,34585691,39273530,31609050,37527469,2.2206908E-9,8.119104E-10,0.0525343198,0.0052972613,-2.995025E-8,-2.972408E-8,78
2014-07-10,SPY,195.22,196.335,0.0057716533,53325451,47105433,49495114,43816952,3.1139187E-9,9.25168E-10,0.0161060232,0.0616295198,-1.465728E-8,-1.521867E-8,78
2014-07-11,SPY,196.21,196.59,0.0019856935,29357384,35763229,27251745,33623539,2.7416575E-9,7.040494E-10,0.0015818908,0.195064624,4.9228809E-9,5.3160548E-9,78
2014-07-14,SPY,197.61,197.59,-0.000050606,28428561,31935750,25745661,30298021,1.4170091E-9,3.704274E-10,0.0599488405,0.0808689166,3.3729543E-9,3.3963195E-9,78
2014-07-15,SPY,197.72,197.23,-0.002481328,58204224,54977892,55377148,47373844,9.1388153E-9,1.1354102E-9,0.0223305589,0.0327048158,-2.07695E-8,-2.084385E-8,78
2014-07-16,SPY,198.11,197.97,-0.000757442,38158686,44190077,38418135,40199255,1.6040934E-9,5.252826E-10,0.0522789347,0.0855265605,-9.5236E-10,-1.097469E-9,78
2014-07-17,SPY,197.35,195.72,-0.00834483,72199228,77165031,75164411,61492425,7.2672094E-9,1.3426699E-9,0.0492397645,0.1081396035,-2.599701E-8,-2.60079E-8,78
2014-07-18,SPY,196.35,197.72,0.0070542554,70475123,56188540,65998043,54369486,1.5011032E-8,6.804793E-10,0.0150178875,0.0791589864,-1.241501E-8,-1.166845E-8,78
2014-07-21,SPY,197.09,197.3,0.0012676522,34566595,34246910,32282476,29745758,2.2631131E-9,6.621708E-10,0.0088884799,0.0323818279,-1.00522E-8,-1.031235E-8,78
2014-07-22,SPY,198.01,198.19,0.0009590874,31948304,36830339,29555654,33586070,2.2435284E-8,4.893971E-10,0.0173074854,0.0852441634,-3.547244E-9,-3.404243E-9,78
2014-07-23,SPY,198.5,198.65,0.0007050411,30042002,39852371,28442410,38196659,2.0978316E-9,4.593724E-10,0.0471303684,0.0245692235,-5.368093E-9,-5.212137E-9,78
2014-07-24,SPY,198.835,198.65,-0.000930853,28666214,29176665,27734072,27179790,1.5425691E-9,4.904877E-10,0.023114539,0.0523285939,-2.222223E-8,-2.240986E-8,78
2014-07-25,SPY,198.09,197.71,-0.001768436,44413445,34671496,38547524,32530454,6.8745835E-9,5.710301E-10,0.048766432,0.0021330558,-2.557429E-8,-2.55153E-8,78
2014-07-28,SPY,197.76,197.79,0.0002022449,35154780,35477148,33470106,33006256,2.301185E-9,7.003574E-10,0.0098478561,0.2419067527,-1.045641E-8,-1.081787E-8,78
2014-07-29,SPY,198.17,196.95,-0.006276913,40757857,40667090,39263274,35674536,2.8892693E-9,7.646544E-10,0.062311223,0.1844579962,-2.456408E-8,-2.310524E-8,78
2014-07-30,SPY,197.65,196.99,-0.003395589,52443300,52615584,47466527,48403236,4.3498025E-9,1.5736901E-9,0.0010102786,0.0492178335,-2.925966E-8,-3.12276E-8,78
2014-07-31,SPY,195.61,193.05,-0.01296648,101381082,86253186,89389401,76429471,4.3700291E-8,1.7460822E-9,0.0398120189,0.1302080321,-2.019544E-8,-1.458225E-8,78
2014-08-01,SPY,192.57,192.49,-0.000467472,99007197,92213922,88080625,82115053,4.5094764E-9,2.2880011E-9,0.0800670605,0.0363379673,-3.207795E-8,-3.247491E-8,78
2014-08-04,SPY,192.87,193.88,0.0052230242,46879955,46279895,45970459,39991587,6.3089302E-9,1.1534873E-9,0.0371365784,0.0063343006,-3.576499E-8,-3.467804E-8,78
2014-08-05,SPY,193.1,191.98,-0.005660735,90399130,64745416,80626738,59190535,5.6423161E-8,2.4987521E-9,0.0424047394,0.279011141,-4.004435E-8,-4.452324E-8,78
2014-08-06,SPY,191.11,192.05,0.0050107104,49115069,46610264,42166045,44454731,3.2704751E-9,1.5396567E-9,0.0075897306,0.0226923762,-2.951671E-8,-2.813535E-8,78
2014-08-07,SPY,192.935,191.01,-0.010132274,70097292,67105334,66441540,59858197,9.2978904E-9,2.0602044E-9,0.0326041523,0.0110677883,-4.297072E-8,-4.11505E-8,78
2014-08-08,SPY,191.46,193.24,0.0092540302,57565860,60850085,51710791,56944328,4.1381198E-9,1.6684214E-9,0.0175243088,0.1610260048,-1.175302E-8,-7.365971E-9,78
2014-08-11,SPY,193.965,193.79,-0.000851031,39288422,36656108,34556959,34945726,4.8445281E-9,7.804748E-10,0.001145074,0.0850085751,-9.332018E-9,-9.3632E-9,78
2014-08-12,SPY,193.61,193.54,-0.000361617,37344426,38206352,35558421,33246745,4.2512871E-9,1.2224295E-9,0.0183617667,0.0096819422,-1.982965E-8,-2.001815E-8,78
2014-08-13,SPY,194.29,194.91,0.0030834086,31241113,39276062,27999707,35616317,1.2608957E-8,7.530186E-10,0.0529160536,0.0926601871,-4.041633E-9,-3.481218E-9,78
2014-08-14,SPY,195.17,195.74,0.0030184455,29521577,28910714,26736547,27682472,3.0613453E-9,5.562907E-10,0.1054136481,0.0983054892,-7.367217E-9,-5.680731E-9,78
2014-08-15,SPY,196.47,195.73,-0.003875776,71328241,69849575,67904609,61997348,6.7540509E-9,2.0472554E-9,0.0360327064,0.039363079,-2.748193E-8,-2.712015E-8,78
2014-08-18,SPY,196.8,197.36,0.0026387917,35307500,44450025,31325738,44173118,1.3866929E-9,4.117778E-10,0.0021533168,0.2982834363,4.16621E-9,3.3335028E-9,78
2014-08-19,SPY,197.83,198.39,0.0028267143,31372928,28737166,29139845,27371816,9.1700015E-9,3.387871E-10,0.1700925171,0.1121630735,-7.981893E-9,-6.980485E-9,78
2014-08-20,SPY,198.13,198.91,0.0039793529,39935365,33969811,35264529,31302983,2.2343715E-9,5.507368E-10,0.0672961593,0.0528144986,-6.900855E-9,-7.710772E-9,78
2014-08-21,SPY,199.09,199.49,0.0020572525,39143340,32934810,37045123,31516330,1.2590436E-9,3.815899E-10,0.0832257638,0.1085424058,-1.493757E-9,-1.346985E-9,78
2014-08-22,SPY,199.33,199.16,-0.0007026,39745725,37279570,36491528,34566045,2.8621E-9,8.669142E-10,0.0132378458,0.0310388617,8.4368056E-9,9.1848483E-9,78
2014-08-25,SPY,200.14,200.17,0.0002997452,33112491,31761755,31461836,30724888,2.1065453E-8,3.786235E-10,0.0294336004,0.0584442074,-5.012272E-9,-5.104791E-9,78
2014-08-26,SPY,200.33,200.34,0,21691138,26473596,19111108,23220643,1.5432194E-9,3.275728E-10,0.0259640161,0.2000358657,-5.356835E-9,-5.646659E-9,78
2014-08-27,SPY,200.44,200.27,-0.000948364,24695685,24840707,23783896,21433196,1.2506467E-9,2.997768E-10,0.0077942844,0.0645161102,-1.424148E-8,-1.415247E-8,78
2014-08-28,SPY,199.59,200.14,0.0027518592,28014737,32345069,24865980,28581201,3.4542065E-9,4.907135E-10,0.0625991713,0.114995395,-1.270469E-8,-1.166443E-8,78
2014-08-29,SPY,200.45,200.7,0.0012962411,41759040,26398075,34914295,25008335,1.9729624E-9,4.721136E-10,0.036609215,0.0010881573,4.8709217E-9,4.3735454E-9,78
2014-09-02,SPY,200.97,200.59,-0.001792918,43450357,30799184,37775424,28817701,2.4495353E-9,6.311933E-10,0.0492996777,0.0566404082,-1.193731E-8,-1.170566E-8,78
2014-09-03,SPY,201.39,200.51,-0.00442908,28079932,30247300,26565215,27556742,2.0293144E-9,5.346185E-10,0.0706389157,0.0749816198,-2.456876E-9,-3.038472E-9,78
2014-09-04,SPY,200.84,200.22,-0.003091809,43658174,42498102,40150846,39967057,3.2401283E-9,7.484789E-10,0.0516505228,0.232313807,1.4720195E-8,1.6154343E-8,78
2014-09-05,SPY,200.16,201.13,0.0047349753,46296287,57933381,41386254,51085076,9.8125852E-9,9.062937E-10,0.0286915596,0.1337490615,-1.595358E-8,-1.462582E-8,78
2014-09-08,SPY,200.92,200.6,-0.001643795,35789283,32238678,34304484,25967805,5.8155332E-9,6.402256E-10,0.014678721,0.0309112674,-1.492181E-8,-1.703506E-8,78
2014-09-09,SPY,200.41,199.33,-0.005453695,47820387,42416959,45289669,36694156,1.5991569E-8,1.0577156E-9,0.0234463432,0.1454160922,-2.810151E-8,-2.693295E-8,78
2014-09-10,SPY,199.43,200.08,0.0032040077,31973964,36650722,29428610,32533054,7.079626E-9,7.665639E-10,0.0980096471,0.2592951751,-3.03382E-8,-2.978881E-8,78
2014-09-11,SPY,199.27,200.28,0.0051555536,36052181,32213326,31284465,29960169,4.2969443E-9,8.070203E-10,0.0629481379,0.0927912325,6.7939996E-9,6.8336772E-9,78
2014-09-12,SPY,200.1,199.1299,-0.004909584,62684314,64942358,60042083,59744246,2.3022101E-8,1.0593453E-9,0.078638845,0.1114437502,-1.155762E-8,-9.732867E-9,78
2014-09-15,SPY,199.16,198.99,-0.0007032,42725281,36083102,35428319,34555153,4.1142296E-9,9.676259E-10,0.0320729316,0.0287987333,-7.5196E-9,-7.692909E-9,78
2014-09-16,SPY,198.61,200.49,0.0095708896,51538221,68060860,40354082,64976547,6.4791808E-8,8.662267E-10,0.0267391873,0.0730318083,-2.151585E-8,-2.04799E-8,78
2014-09-17,SPY,200.77,200.72,-0.000099621,67163101,85447244,59179317,78919710,3.1910774E-9,1.6391143E-9,0.044565963,0.0896563193,-4.054542E-8,-4.074883E-8,78
2014-09-18,SPY,201.36,201.77,0.0022818602,55238828,48967409,33114146,45857019,3.5530329E-9,6.186786E-10,0.0061660703,0.2425080468,-1.317145E-8,-1.295234E-8,78
2014-09-19,SPY,201.52,200.73,-0.004077376,58320856,68385989,55511415,53115677,4.2699579E-9,7.83295E-10,0.0130830858,0.0226246069,-1.086217E-8,-1.08582E-8,78
2014-09-22,SPY,200.35,199.14,-0.006007527,76646856,50481390,74448382,44870539,2.4609912E-9,1.0449935E-9,0.0018582174,0.0496022067,-6.246771E-9,-6.106785E-9,78
2014-09-23,SPY,198.43,198,-0.002118859,58452013,54405551,56056575,48314762,3.2423438E-9,9.495601E-10,0.0858409457,0.0093907891,-1.643315E-8,-1.635972E-8,78
2014-09-24,SPY,198.05,199.57,0.0076455279,50088276,59298007,42525358,56430534,1.243125E-8,9.873346E-10,0.0341773823,0.1042695361,-1.205869E-8,-8.451654E-9,78
2014-09-25,SPY,199.04,196.32,-0.013708893,79679703,73592072,72974309,62887015,1.391628E-7,1.8911328E-9,0.030085287,0.0277464442,-2.585121E-8,-1.805522E-8,78
2014-09-26,SPY,196.69,197.9499,0.0061329673,48438973,56421373,43320675,52122327,1.3052722E-8,1.3163844E-9,0.0435491485,0.0224369217,-3.881076E-8,-3.733407E-8,78
2014-09-29,SPY,196.2,197.52,0.006553403,51208848,45332919,46945194,39003883,9.5480924E-9,1.4368525E-9,0.0017179738,0.0336984573,-1.706755E-8,-2.113619E-8,78
2014-09-30,SPY,197.69,197,-0.003394901,77294380,55845895,69915194,49936471,3.1510125E-9,1.5132661E-9,0.029487383,0.2729254465,-2.463911E-8,-2.434199E-8,78
2014-10-01,SPY,196.7,194.34,-0.011916166,88099520,93110986,78806091,77626100,1.2632702E-8,2.1528894E-9,0.0150611228,0.035145159,-1.138564E-8,-1.113715E-8,78
2014-10-02,SPY,194.17,194.39,0.0012867034,78132938,80575637,71501336,73139750,3.4104456E-9,2.2734738E-9,0.016914096,0.0612655897,-3.135975E-8,-3.216074E-8,78
2014-10-03,SPY,195.68,196.53,0.0042835354,60649494,62624151,50357319,57334826,4.8317895E-8,1.1222841E-9,0.0267681311,0.0800012756,-3.658447E-8,-3.618109E-8,78
2014-10-06,SPY,197.34,196.26,-0.005284028,57615848,48409775,53094861,43519517,3.8259395E-9,1.9894429E-9,0.043820705,0.065102004,-3.065027E-8,-2.94975E-8,78
2014-10-07,SPY,195.28,193.26,-0.01019104,87686705,63164137,78043205,56762473,1.1357538E-8,2.2631516E-9,0.0022639522,0.019696772,-2.352936E-8,-1.899463E-8,78
2014-10-08,SPY,193.38,196.64,0.0165649061,89758493,99428114,80545813,87784627,5.2483154E-9,2.7199405E-9,0.006631928,0.1778987071,-4.86656E-8,-4.401034E-8,78
2014-10-09,SPY,196.33,192.68,-0.018662341,117064527,97837550,101180419,89729248,1.0480829E-7,4.5064868E-9,0.1036250634,0.1850939931,-4.26864E-8,-3.593105E-8,78
2014-10-10,SPY,192.69,190.52,-0.011220534,118611493,106307795,103119886,94791998,9.3444654E-9,5.0259899E-9,0.0969703352,0.1207262116,-5.443034E-8,-5.24192E-8,78
2014-10-13,SPY,190.46,187.38,-0.015930056,126279112,109157916,108057522,96727113,8.9237032E-9,5.8519057E-9,0.0079826637,0.0283986465,-3.623961E-8,-3.522187E-8,78
2014-10-14,SPY,188.42,187.75,-0.003136215,105413039,112362520,90085857,103982854,1.9938368E-8,5.3839776E-9,0.0276461519,0.0777846657,-3.438476E-8,-3.975788E-8,78
2014-10-15,SPY,185.16,186.29,0.0068355173,211338629,171665633,194679532,153913025,1.2964976E-7,1.21082E-8,0.0910827866,0.0283778923,-5.083371E-8,-7.50389E-8,78
2014-10-16,SPY,183.06,186.24,0.0173832661,139695424,133256914,123984893,121651616,3.0234825E-8,1.17633E-8,0.0339378334,0.2306482835,-4.695968E-8,-4.52099E-8,78
2014-10-17,SPY,188.42,188.54,0.0002653294,97786474,118696668,88548721,107973196,3.8584309E-8,4.0155464E-9,0.0355247839,0.0174780194,-5.126163E-9,-5.274652E-9,78
2014-10-20,SPY,188.13,190.32,0.0114685611,56006156,85638127,51474078,57663279,1.4610041E-8,2.768509E-9,0.0150007305,0.0046310807,-1.178322E-8,-1.05441E-8,78
2014-10-21,SPY,191.68,194.05,0.0123916038,78519773,77902563,68128407,70775796,2.3104738E-8,1.7258316E-9,0.0918959233,0.0964541901,-1.563801E-8,-1.630519E-8,78
2014-10-22,SPY,194.41,192.71,-0.008886651,80774895,72504997,75063137,63282867,7.8038875E-9,2.462101E-9,0.0005073791,0.0196430123,-5.285221E-9,-3.581307E-9,78
2014-10-23,SPY,194.62,194.95,0.0015915804,72397838,85069270,64991494,79573822,9.4691539E-8,2.2964857E-9,0.0456290364,0.0222398653,-2.180549E-8,-2.248789E-8,78
2014-10-24,SPY,195.22,196.38,0.006179006,62612463,59064743,57025105,53545702,4.894186E-9,1.9671005E-9,0.008682293,0.0798805214,1.4402536E-8,1.475358E-8,78
2014-10-27,SPY,195.73,196.11,0.0021944942,44107599,41372195,40080198,37451111,4.6133035E-9,1.8045702E-9,0.0256989758,0.0834131961,-3.680571E-8,-3.904409E-8,78
2014-10-28,SPY,196.82,198.37,0.0080459913,57607207,51973909,51355763,48915388,1.2081047E-8,1.1450414E-9,0.0612343783,0.0650653334,-4.648204E-9,-2.972249E-9,78
2014-10-29,SPY,198.55,198.14,-0.002218526,74104511,69655873,66325839,60783631,5.454376E-9,2.5675173E-9,0.086205178,0.0650683231,-2.484762E-8,-2.500638E-8,78
2014-10-30,SPY,197.58,199.45,0.009068986,52961004,63013475,47131981,51849939,1.4771316E-8,1.7762856E-9,0.0095625704,0.0640266359,-2.722595E-8,-2.539676E-8,72
2014-10-31,SPY,201.78,201.66,-0.000594884,70824269,80757722,59615704,68124215,4.5845617E-8,1.3776361E-9,0.0604512863,0.1328955089,-1.032777E-8,-1.344181E-8,78
2014-11-03,SPY,201.92,201.75,-0.000743145,50648040,44448981,46331965,40915110,3.5387643E-9,1.1513022E-9,0.0104385939,0.0382819799,2.134072E-8,2.1356539E-8,78
2014-11-04,SPY,201.23,201.11,-0.000795426,50612061,43858330,45777170,38814551,5.8030618E-9,1.246429E-9,0.0808993981,0.13356608,-2.472116E-8,-2.547132E-8,78
2014-11-05,SPY,202.53,202.37,-0.000938573,43067634,50513851,38555147,42330350,7.2683947E-9,1.1868019E-9,0.0245804086,0.1150916614,1.3522948E-9,8.199584E-10,78
2014-11-06,SPY,202.39,203.18,0.0037480934,44715274,70989456,40084846,67946513,6.5587235E-9,1.1759899E-9,0.009630598,0.0035006349,-4.056944E-9,-2.940144E-9,78
2014-11-07,SPY,203.18,203.37,0.0007871692,44189466,50788301,39977661,36263799,2.3365167E-9,9.244404E-10,0.036952125,0.0233221393,-2.689393E-9,-2.723146E-9,78
2014-11-10,SPY,203.38,203.97,0.0029457995,34432772,34261891,27759917,31613758,2.8134991E-9,6.839832E-10,0.1355271928,0.1745208529,-1.339747E-9,-2.66021E-10,78
2014-11-11,SPY,204.06,204.17,0.0004899319,26762119,28331088,24879749,26839362,1.9857945E-9,5.254543E-10,0.0993198857,0.0445869057,9.539963E-10,9.754877E-10,78
2014-11-12,SPY,203.35,203.98,0.0029952638,41384337,53421060,38915006,41392870,3.203844E-9,5.989706E-10,0.0395768769,0.0075862281,-8.331022E-9,-9.633291E-9,78
2014-11-13,SPY,204.17,204.17,0.0000979528,45887601,42790060,36912693,38948903,1.9951402E-9,9.344743E-10,0.0408087666,0.1792004049,-3.197288E-8,-3.29092E-8,78
2014-11-14,SPY,204.1,204.25,0.0006857031,37112705,44360979,33330687,40559251,1.8891531E-9,7.591732E-10,0.0059410707,0.0891603174,-2.848838E-9,-3.217114E-9,78
2014-11-17,SPY,203.85,204.38,0.0025476473,32800814,49066715,29838712,44328901,2.2848218E-9,8.059655E-10,0.0597819039,0.0343374804,-2.933025E-8,-2.88783E-8,78
2014-11-18,SPY,204.44,205.55,0.0054147794,36693569,40554711,33088546,38203944,3.8525714E-9,5.194518E-10,0.0461132101,0.0319854318,-1.520405E-8,-1.314888E-8,78
2014-11-19,SPY,205.31,205.19,-0.000438458,45308771,39609202,37870150,36618510,4.5944429E-9,9.107215E-10,0.0239971144,0.0212651099,-2.551345E-8,-2.553666E-8,78
2014-11-20,SPY,204.26,205.59,0.0064415604,35005669,39858262,31526743,38003486,2.0134521E-9,6.612E-10,0.0066256446,0.0358872301,-3.593737E-9,-2.121006E-9,78
2014-11-21,SPY,207.64,206.68,-0.00444059,76190344,74576655,70587244,68657696,4.0524961E-8,6.673144E-10,0.0431946449,0.1465511048,3.6213403E-9,2.4644498E-9,78
2014-11-24,SPY,207.17,207.28,0.0004343315,31719717,38509302,29744790,37143013,2.6947197E-9,4.447703E-10,0.073450565,0.179840951,-1.00739E-10,-4.25916E-10,78
2014-11-25,SPY,207.53,207.18,-0.001350114,38187337,42276805,36532254,39426811,2.1764225E-9,5.61418E-10,0.0187059487,0.0263413941,-6.989111E-9,-7.504512E-9,78
2014-11-26,SPY,207.29,207.66,0.0016870319,24561473,39911061,23620686,32419141,2.6132295E-9,3.484673E-10,0.0232256626,0.0908981559,-1.267631E-9,-1.994628E-9,78
2014-11-28,SPY,207.49,207.21,-0.001398635,29652746,31952295,26906464,22687685,3.0725584E-9,5.914131E-10,0.0685961798,0.0302748718,-2.961301E-9,-1.836099E-9,42
2014-12-01,SPY,206.39,205.8,-0.002862759,63272366,43135575,56367891,39094078,1.3290474E-8,1.0323426E-9,0.0424069578,0.0648715816,6.9328154E-9,1.1267784E-8,78
2014-12-02,SPY,205.81,207.09,0.0062000683,38029793,37600807,34446844,34469311,8.2604317E-9,7.483838E-10,0.0547695273,0.0291217258,5.9913011E-9,1.8559475E-9,78
2014-12-03,SPY,207.3,207.91,0.0029382743,35692043,34133752,33998573,29869856,2.8763028E-9,6.048614E-10,0.0908149736,0.0980328825,-1.685511E-8,-1.72824E-8,78
2014-12-04,SPY,207.54,207.66,0.0004817188,46401412,46892854,41827660,40551935,2.1782913E-9,9.574327E-10,0.0108726653,0.2788524709,-3.284946E-8,-3.294698E-8,78
2014-12-05,SPY,207.87,208,0.0006251954,42109046,50720718,36588609,44231560,3.6229579E-9,5.998894E-10,0.0062402813,0.0520999506,-9.494165E-9,-9.490946E-9,78
2014-12-08,SPY,207.52,206.62,-0.004394762,50717358,71053488,46252638,41106587,2.5926875E-8,9.88109E-10,0.0451428559,0.0464133917,-4.370055E-8,-4.587492E-8,78
2014-12-09,SPY,204.37,206.46,0.0102230469,71288869,57468063,66510671,51426695,2.949658E-8,1.4771045E-9,0.0137296864,0.196149583,-1.244783E-8,-1.819171E-8,78
2014-12-10,SPY,205.91,203.17,-0.013445334,81314422,81424299,74992930,69436530,1.105924E-7,2.1513668E-9,0.0497886946,0.1195981448,-5.518225E-8,-5.366873E-8,78
2014-12-11,SPY,203.89,204.17,0.001666177,80790848,82564764,73105137,75513000,4.3831793E-8,1.7561686E-9,0.0458881439,0.0326091761,-5.152895E-8,-5.669122E-8,78
2014-12-12,SPY,202.64,200.87,-0.00842465,104290991,107261902,94266510,76678898,5.7470791E-8,3.0207743E-9,0.0197528638,0.1222640527,-2.651154E-8,-2.465232E-8,78
2014-12-15,SPY,201.98,199.48,-0.012304322,97744517,94647111,83919897,84320894,9.1445843E-9,4.8646658E-9,0.0089148361,0.0820825863,-6.532277E-8,-6.264706E-8,78
2014-12-16,SPY,198.57,197.93,-0.00337983,109921929,159878118,96068572,127388647,3.8128573E-8,5.3475475E-9,0.0139460337,0.150051355,-1.955792E-8,-2.486061E-8,78
2014-12-17,SPY,198.45,201.9,0.0166903734,113732951,146180354,110274231,122545731,1.0124153E-7,5.8248843E-9,0.0979448895,0.0606764414,-6.867059E-8,-7.023311E-8,78
2014-12-18,SPY,204.74,206.8,0.010204666,123707632,139664976,95549375,133522686,4.186966E-7,2.0018179E-9,0.0099181743,0.0080371104,-2.436951E-9,1.1821831E-8,78
2014-12-19,SPY,206.43,206.53,-0.000484543,92047979,159695176,85612905,133430435,2.8229372E-8,1.6908859E-9,0.0469116188,0.0607065131,-1.529109E-8,-2.141833E-8,78
2014-12-22,SPY,206.74,207.45,0.0035247858,90779808,69672543,85318275,65604348,5.9282121E-9,1.0229035E-9,0.0339883376,0.1088227715,-1.634536E-8,-1.638217E-8,78
2014-12-23,SPY,208.17,207.75,-0.00201962,46409575,80573306,41924116,68441399,1.0413473E-8,7.475543E-10,0.0848540407,0.0775050553,3.7797467E-9,3.0562825E-9,78
2014-12-24,SPY,208.02,207.8,-0.001010028,24236323,21591633,23240680,19207978,1.4505596E-9,5.864712E-10,0.0478568336,0.1334035428,-1.022264E-8,-1.297993E-8,42
2014-12-26,SPY,208.3,208.42,0.0006718818,22644901,35796289,20029843,29071802,9.3591224E-9,3.470894E-10,0.0922718863,0.1579325898,-5.398897E-9,-7.546392E-9,78
2014-12-29,SPY,208.22,208.73,0.0023984278,30041267,50685235,28074576,47167384,2.9700856E-9,5.727088E-10,0.1051253357,0.180706301,-3.749986E-9,-2.846381E-9,78
2014-12-30,SPY,208.21,207.61,-0.002934034,39405379,35234222,36263402,30912540,6.3552961E-9,6.555509E-10,0.0200785099,0.0291770629,-1.643278E-8,-1.687267E-8,78
2014-12-31,SPY,208,205.52,-0.012092046,68956700,63565379,63727798,52145375,1.8774756E-8,1.0140137E-9,0.0709926926,0.1729197687,-2.236439E-8,-1.847089E-8,78
